fdc_id,measure_unit_id,amount,gram_weight
167512,9999,1.0,34.0
167513,9999,1.0,44.0
167514,9999,1.0,28.0
167515,9999,1.0,57.0
167516,9999,1.0,39.0
167516,9999,1.0,38.0
167517,9999,1.0,28.0
167517,9999,1.0,33.0
167518,9999,1.0,35.0
167519,9999,1.0,32.0
167520,9999,1.0,28.35
167520,9999,1.0,183.0
167521,9999,1.0,182.0
167522,9999,0.12,131.0
167522,9999,1.0,137.0
167522,9999,1.0,1137.0
167522,9999,1.0,28.35
167523,9999,1.0,225.0
167524,9999,2.0,70.0
167525,9999,1.0,12.3
167525,9999,3.0,37.0
167526,9999,1.0,55.0
167526,9999,1.0,399.0
167527,9999,1.0,55.0
167527,9999,1.0,622.0
167528,9999,1.0,86.0
167529,9999,1.0,30.0
167529,9999,1.0,12.7
167530,9999,11.0,31.0
167530,9999,1.0,3.1
167531,9999,10.0,32.0
167531,9999,1.0,3.1
167532,9999,1.0,28.0
167533,9999,1.0,98.0
167534,9999,4.0,113.0
167535,9999,1.0,49.0
167535,9999,1.0,484.0
167536,9999,1.0,28.35
167536,9999,1.0,20.0
167536,9999,1.0,28.35
167537,9999,1.0,28.0
167537,9999,1.0,28.35
167537,9999,1.0,198.0
167538,9999,1.0,28.35
167538,9999,1.0,198.0
167539,9999,1.0,28.35
167540,9999,1.0,28.35
167540,9999,1.0,27.0
167540,9999,1.0,21.0
167541,9999,1.0,21.0
167541,9999,1.0,14.0
167542,9999,1.0,21.0
167542,9999,1.0,28.0
167542,9999,1.0,25.0
167543,9999,1.0,28.35
167543,9999,1.0,24.0
167544,9999,1.0,43.0
167544,9999,1.0,28.0
167545,9999,1.0,35.0
167545,9999,1.0,28.0
167546,9999,1.0,40.0
167547,9999,1.0,28.35
167547,9999,1.0,37.0
167548,9999,1.0,28.0
167549,9999,1.0,11.0
167549,9999,1.0,28.35
167550,9999,1.0,10.0
167550,9999,2.0,20.0
167551,9999,1.0,28.35
167551,9999,2.0,57.0
167552,9999,1.0,28.35
167553,9999,1.0,28.35
167553,9999,1.0,170.0
167554,9999,1.0,28.35
167554,9999,1.0,198.0
167555,9999,1.0,28.35
167555,9999,10.0,60.0
167556,9999,1.0,28.35
167556,9999,1.0,11.0
167557,9999,1.0,9.0
167557,9999,2.0,18.0
167558,9999,1.0,28.35
167558,9999,1.0,213.0
167559,9999,1.0,28.35
167560,9999,1.0,28.35
167560,9999,1.0,198.0
167561,9999,1.0,150.0
167561,9999,1.0,28.35
167561,9999,1.5,42.0
167562,9999,1.0,49.0
167562,9999,1.0,19.0
167563,9999,18.0,40.0
167564,9999,1.0,40.0
167565,9999,1.0,60.0
167565,9999,1.0,18.0
167565,9999,1.0,21.0
167565,9999,1.0,7.0
167565,9999,1.0,108.0
167565,9999,10.0,26.0
167565,9999,2.0,25.0
167565,9999,1.0,174.0
167566,9999,1.0,6.6
167566,9999,1.0,64.0
167566,9999,1.0,40.0
167567,9999,1.0,28.35
167568,9999,1.0,29.0
167568,9999,1.0,132.0
167568,9999,0.5,14.2
167569,9999,1.0,170.0
167570,9999,1.0,168.0
167570,9999,1.0,28.35
167571,9999,1.0,85.0
167571,9999,1.0,14.0
167571,9999,1.0,170.0
167572,9999,1.0,76.0
167573,9999,0.5,107.0
167574,9999,0.5,153.0
167574,9999,1.0,1531.0
167575,9999,1.0,66.0
167576,9999,1.0,88.0
167577,9999,0.5,74.0
167577,9999,1.0,66.0
167578,9999,1.0,16.0
167579,9999,1.0,28.35
167580,9999,1.0,28.35
167581,9999,1.0,39.0
167581,9999,1.0,41.0
167581,9999,1.0,48.0
167582,9999,1.0,60.0
167582,9999,1.0,18.0
167583,9999,4.0,45.0
167584,9999,1.0,73.0
167585,9999,1.0,68.0
167585,9999,1.0,100.0
167586,9999,1.0,40.0
167587,9999,1.0,7.0
167587,9999,1.0,44.0
167587,9999,1.0,168.0
167588,9999,0.5,147.0
167589,9999,0.5,142.0
167590,9999,1.0,69.0
167591,9999,3.0,3.9
167592,9999,3.0,44.0
167593,9999,3.0,45.0
167594,9999,10.0,5.2
167595,9999,10.0,5.3
167596,9999,10.0,5.1
167597,9999,1.0,34.0
167598,9999,1.0,28.0
167599,9999,1.0,25.0
167600,9999,1.0,44.0
167601,9999,1.0,48.0
167601,9999,1.0,352.0
167602,9999,0.25,5.0
167603,9999,0.25,25.0
167604,9999,1.0,159.0
167605,9999,1.0,130.0
167606,9999,12.0,51.0
167632,9999,1.0,28.35
167633,9999,1.0,28.35
167634,9999,1.0,28.35
167635,9999,1.0,152.0
167636,9999,1.0,186.0
167653,9999,1.0,28.35
167657,9999,1.0,324.0
167658,9999,1.0,281.0
167658,9999,1.0,134.0
167658,9999,2.0,279.0
167658,9999,3.0,389.0
167659,9999,1.0,141.0
167660,9999,1.0,89.0
167661,9999,1.0,126.0
167662,9999,1.0,117.0
167663,9999,1.0,122.0
167664,9999,1.0,166.0
167665,9999,1.0,116.0
167666,9999,1.0,148.0
167667,9999,1.0,89.0
167668,9999,1.0,137.0
167669,9999,1.0,198.0
167670,9999,1.0,151.0
167671,9999,1.0,257.0
167671,9999,1.0,149.0
167672,9999,1.0,165.0
167673,9999,1.0,107.0
167674,9999,1.0,623.0
167674,9999,3.0,73.0
167675,9999,1.0,535.0
167675,9999,3.0,53.0
167676,9999,1.0,604.0
167677,9999,1.0,741.0
167677,9999,1.0,136.0
167678,9999,1.0,693.0
167678,9999,1.0,153.0
167679,9999,1.0,648.0
167679,9999,3.0,63.0
167680,9999,1.0,554.0
167681,9999,1.0,8.0
167682,9999,1.0,28.4
167683,9999,1.0,78.0
167684,9999,1.0,15.0
167684,9999,1.0,245.0
167685,9999,1.0,138.0
167685,9999,1.0,14.0
167685,9999,1.0,28.0
167685,9999,1.0,43.0
167685,9999,1.0,14.0
167686,9999,1.0,137.0
167687,9999,1.0,75.0
167688,9999,1.0,94.0
167688,9999,1.0,3.0
167689,9999,1.0,46.0
167689,9999,1.0,203.0
167689,9999,1.0,2.2
167690,9999,1.0,15.0
167690,9999,1.0,113.0
167690,9999,1.0,113.0
167691,9999,1.0,13.0
167691,9999,1.0,207.0
167692,9999,1.0,16.0
167692,9999,1.0,249.0
167693,9999,1.0,16.0
167693,9999,1.0,260.0
167694,9999,1.0,130.0
167694,9999,1.0,28.0
167694,9999,1.0,21.0
167694,9999,1.0,25.0
167695,9999,1.0,15.0
167695,9999,1.0,240.0
167696,9999,1.0,57.0
167696,9999,1.0,151.0
167697,9999,1.0,245.0
167697,9999,1.0,30.6
167698,9999,2.0,45.0
167698,9999,3.0,60.0
167699,9999,1.0,17.0
167699,9999,1.0,265.0
167700,9999,1.0,16.0
167700,9999,1.0,256.0
167701,9999,1.0,50.0
167701,9999,1.0,19.0
167701,9999,1.0,41.0
167702,9999,1.0,13.6
167702,9999,1.0,218.0
167703,9999,4.0,113.0
167703,9999,1.0,227.0
167704,9999,1.0,15.0
167704,9999,1.0,240.0
167705,9999,1.0,100.0
167705,9999,1.0,5.0
167706,9999,1.0,17.0
167707,9999,1.0,2.0
167708,9999,1.0,242.0
167708,9999,1.0,30.2
167709,9999,3.0,85.0
167709,9999,1.0,17.0
167710,9999,3.0,85.0
167710,9999,1.0,17.0
167711,9999,1.0,244.0
167711,9999,1.0,30.5
167712,9999,3.0,85.0
167712,9999,1.0,8.0
167713,9999,3.0,85.0
167713,9999,1.0,28.0
167713,9999,1.0,42.0
167715,9999,1.25,59.0
167716,9999,4.0,113.0
167716,9999,1.0,226.0
167717,9999,1.0,6.0
167718,9999,1.0,31.2
167718,9999,1.0,131.0
167718,9999,1.0,125.0
167718,9999,1.0,125.0
167718,9999,1.0,125.0
167718,9999,1.0,125.0
167719,9999,1.0,130.0
167719,9999,1.0,168.0
167719,9999,1.0,36.0
167720,9999,1.0,179.0
167721,9999,2.5,71.0
167722,9999,1.0,262.0
167723,9999,1.0,29.1
167724,9999,1.0,21.0
167725,9999,1.0,50.0
167726,9999,1.0,15.0
167726,9999,1.0,113.0
167726,9999,1.0,113.0
167726,9999,1.0,113.0
167726,9999,1.0,120.0
167727,9999,1.0,252.0
167727,9999,1.0,31.5
167728,9999,1.0,2.5
167729,9999,1.0,31.2
167729,9999,1.0,125.0
167729,9999,1.0,125.0
167729,9999,1.0,125.0
167729,9999,1.0,125.0
167730,9999,1.0,244.0
167730,9999,1.0,30.5
167731,9999,1.0,15.0
167732,9999,1.0,15.0
167732,9999,1.0,113.0
167732,9999,1.0,71.0
167732,9999,1.0,113.0
167732,9999,1.0,71.0
167732,9999,1.0,128.0
167732,9999,1.0,71.0
167733,9999,1.0,15.0
167733,9999,1.0,113.0
167733,9999,1.0,113.0
167734,9999,1.0,28.35
167734,9999,1.0,37.0
167735,9999,1.0,132.0
167735,9999,1.0,113.0
167735,9999,1.0,18.0
167735,9999,1.0,28.0
167736,9999,1.0,15.0
167736,9999,1.0,239.0
167737,9999,1.0,14.0
167737,9999,1.0,4.5
167738,9999,1.0,151.0
167738,9999,1.0,262.0
167739,9999,1.0,36.0
167739,9999,1.0,71.0
167739,9999,1.0,355.0
167740,9999,1.0,9.9
167740,9999,1.0,40.0
167741,9999,1.0,113.0
167741,9999,1.0,260.0
167742,9999,3.0,85.0
167743,9999,1.0,21.0
167744,9999,3.0,85.0
167745,9999,3.0,85.0
167746,9999,1.0,212.0
167746,9999,1.0,58.0
167746,9999,1.0,84.0
167746,9999,1.0,7.0
167746,9999,1.0,58.0
167747,9999,1.0,244.0
167747,9999,1.0,30.5
167747,9999,1.0,48.0
167747,9999,1.0,5.9
167748,9999,1.0,15.0
167748,9999,1.0,5.0
167748,9999,1.0,30.5
167748,9999,1.0,244.0
167749,9999,1.0,6.0
167749,9999,1.0,2.0
167750,9999,1.0,149.0
167750,9999,1.0,103.0
167751,9999,1.0,248.0
167752,9999,1.0,248.0
167753,9999,1.0,256.0
167753,9999,1.0,32.0
167754,9999,1.0,190.0
167754,9999,1.0,609.0
167755,9999,1.0,123.0
167755,9999,1.0,312.0
167755,9999,10.0,19.0
167756,9999,1.0,256.0
167757,9999,1.0,250.0
167757,9999,1.0,284.0
167758,9999,1.0,122.0
167758,9999,1.0,51.0
167759,9999,1.0,241.0
167759,9999,1.0,170.0
167760,9999,1.0,175.0
167760,9999,1.0,558.0
167761,9999,1.0,225.0
167761,9999,1.0,625.0
167762,9999,1.0,152.0
167762,9999,1.0,232.0
167762,9999,1.0,166.0
167762,9999,1.0,144.0
167762,9999,1.0,27.0
167762,9999,1.0,18.0
167762,9999,1.0,12.0
167762,9999,1.0,357.0
167762,9999,1.0,7.0
167762,9999,1.0,147.0
167763,9999,1.0,120.0
167763,9999,1.0,2.0
167764,9999,1.0,257.0
167765,9999,1.0,154.0
167765,9999,1.0,152.0
167765,9999,1.0,4518.0
167765,9999,1.0,286.0
167765,9999,10.0,122.0
167765,9999,1.0,280.0
167766,9999,1.0,5.0
167767,9999,1.0,181.0
167767,9999,1.0,195.0
167767,9999,1.0,162.0
167767,9999,1.0,26.0
167768,9999,1.0,219.0
167768,9999,1.0,182.0
167769,9999,1.0,168.0
167770,9999,1.0,179.0
167771,9999,1.0,248.0
167771,9999,1.0,31.0
167772,9999,1.0,244.0
167773,9999,1.0,255.0
167774,9999,1.0,247.0
167774,9999,1.0,196.0
167775,9999,1.0,239.0
167775,9999,1.0,29.9
167776,9999,1.0,140.0
167776,9999,1.0,152.0
167776,9999,1.0,177.0
167776,9999,1.0,227.0
167777,9999,1.0,126.0
167777,9999,1.0,157.0
167777,9999,1.0,223.0
167777,9999,1.0,140.0
167778,9999,1.0,140.0
167778,9999,1.0,159.0
167778,9999,1.0,179.0
167778,9999,1.0,219.0
167779,9999,1.0,140.0
167779,9999,1.0,172.0
167779,9999,1.0,202.0
167779,9999,1.0,242.0
167780,9999,2.0,36.0
167782,9999,0.5,114.0
167783,9999,0.5,114.0
167784,9999,1.0,251.0
167785,9999,1.0,251.0
167786,9999,1.0,251.0
167787,9999,1.0,249.0
167787,9999,1.0,31.4
167788,9999,3.0,11.1
167789,9999,1.0,112.0
167789,9999,3.0,9.8
167790,9999,1.0,120.0
167791,9999,1.0,233.0
167791,9999,1.0,209.0
167792,9999,8.0,246.0
167793,9999,1.0,109.0
167793,9999,1.0,236.0
167793,9999,1.0,192.0
167793,9999,1.0,158.0
167794,9999,1.0,249.0
167794,9999,1.0,31.1
167795,9999,8.0,240.0
167796,9999,1.0,275.0
167797,9999,1.0,252.0
167798,9999,1.0,230.0
167799,9999,1.0,233.0
167800,9999,6.0,177.0
167800,9999,10.0,295.0
167801,9999,1.0,15.0
167801,9999,1.0,5.2
167802,9999,1.0,15.0
167802,9999,1.0,5.0
167803,9999,0.25,70.0
167804,9999,0.25,70.0
167805,9999,8.0,248.0
167807,9999,1.0,269.0
167807,9999,1.0,31.5
167810,9999,1.0,28.35
167810,9999,1.0,453.6
167811,9999,4.0,113.0
167811,9999,1.0,453.6
167812,9999,4.0,113.0
167812,9999,1.0,453.6
167813,9999,1.0,28.35
167813,9999,4.0,113.0
167814,9999,4.0,113.0
167814,9999,1.0,453.6
167815,9999,1.0,135.0
167815,9999,3.0,85.0
167816,9999,4.0,113.0
167816,9999,1.0,453.6
167816,9999,1.0,3952.0
167817,9999,3.0,85.0
167817,9999,1.0,3027.0
167818,9999,4.0,113.0
167818,9999,1.0,117.0
167819,9999,3.0,85.0
167819,9999,1.0,89.0
167820,9999,3.0,85.0
167820,9999,1.0,87.0
167821,9999,3.0,85.0
167821,9999,1.0,89.0
167822,9999,4.0,113.0
167822,9999,1.0,263.0
167823,9999,3.0,85.0
167823,9999,1.0,206.0
167824,9999,3.0,85.0
167824,9999,1.0,219.0
167825,9999,3.0,85.0
167825,9999,1.0,830.0
167826,9999,3.0,85.0
167826,9999,1.0,187.0
167827,9999,3.0,85.0
167827,9999,1.0,157.0
167828,9999,3.0,85.0
167828,9999,1.0,900.0
167829,9999,4.0,113.0
167829,9999,1.0,178.0
167830,9999,3.0,85.0
167830,9999,1.0,187.0
167831,9999,1.0,112.0
167831,9999,3.0,85.0
167832,9999,3.0,85.0
167832,9999,1.0,783.0
167833,9999,4.0,113.0
167833,9999,1.0,86.0
167834,9999,3.0,85.0
167834,9999,1.0,180.0
167835,9999,3.0,85.0
167835,9999,1.0,195.0
167836,9999,3.0,85.0
167836,9999,1.0,1046.0
167837,9999,4.0,113.0
167837,9999,1.0,453.6
167837,9999,1.0,1217.0
167838,9999,3.0,85.0
167838,9999,1.0,180.0
167839,9999,4.0,113.0
167839,9999,1.0,185.0
167840,9999,1.0,135.0
167841,9999,1.0,145.0
167841,9999,3.0,85.0
167842,9999,3.0,85.0
167842,9999,1.0,848.0
167843,9999,4.0,113.0
167843,9999,1.0,453.6
167844,9999,1.0,135.0
167844,9999,3.0,85.0
167845,9999,1.0,28.35
167845,9999,1.0,453.6
167846,9999,1.0,135.0
167846,9999,3.0,85.0
167847,9999,3.0,85.0
167847,9999,1.0,2252.0
167848,9999,3.0,85.0
167848,9999,1.0,191.0
167849,9999,4.0,113.0
167849,9999,1.0,288.0
167849,9999,1.0,453.6
167850,9999,3.0,85.0
167850,9999,1.0,185.0
167851,9999,3.0,85.0
167851,9999,1.0,169.0
167852,9999,3.0,85.0
167852,9999,1.0,238.0
167853,9999,4.0,113.0
167854,9999,3.0,85.0
167854,9999,1.0,177.0
167855,9999,3.0,85.0
167855,9999,1.0,231.0
167856,9999,3.0,85.0
167857,9999,1.0,28.35
167857,9999,1.0,113.0
167858,9999,1.0,111.0
167858,9999,1.0,422.0
167859,9999,4.0,113.0
167860,9999,1.0,140.0
167860,9999,3.0,85.0
167861,9999,1.0,28.35
167861,9999,4.0,113.0
167862,9999,1.0,28.35
167862,9999,4.0,113.0
167863,9999,3.0,85.0
167864,9999,1.0,28.35
167864,9999,1.0,453.6
167865,9999,1.0,28.35
167865,9999,4.0,113.0
167866,9999,3.0,85.0
167867,9999,1.0,28.35
167867,9999,4.0,113.0
167868,9999,3.0,85.0
167868,9999,1.0,215.0
167869,9999,3.0,85.0
167869,9999,2.0,57.0
167869,9999,1.0,170.0
167870,9999,3.0,85.0
167870,9999,1.0,453.6
167871,9999,1.0,140.0
167871,9999,3.0,85.0
167872,9999,1.0,140.0
167872,9999,3.0,85.0
167873,9999,1.0,28.35
167873,9999,1.0,65.0
167874,9999,1.0,28.35
167874,9999,1.0,57.0
167875,9999,1.0,140.0
167875,9999,1.0,28.35
167876,9999,3.0,85.0
167876,9999,1.0,140.0
167877,9999,1.0,28.35
167877,9999,3.0,85.0
167878,9999,1.0,28.35
167878,9999,3.0,85.0
167879,9999,1.0,140.0
167879,9999,3.0,85.0
167880,9999,1.0,140.0
167880,9999,3.0,85.0
167881,9999,3.0,85.0
167881,9999,1.0,275.0
167882,9999,3.0,85.0
167882,9999,1.0,172.0
167883,9999,3.0,85.0
167883,9999,1.0,169.0
167884,9999,3.0,85.0
167884,9999,1.0,215.0
167885,9999,3.0,85.0
167885,9999,1.0,140.0
167886,9999,1.0,140.0
167886,9999,3.0,85.0
167887,9999,3.0,85.0
167887,9999,1.0,142.0
167888,9999,1.0,28.35
167888,9999,1.0,453.6
167889,9999,4.0,113.0
167889,9999,1.0,101.0
167890,9999,3.0,85.0
167890,9999,1.0,81.0
167891,9999,3.0,85.0
167891,9999,1.0,80.0
167892,9999,3.0,85.0
167892,9999,1.0,75.0
167893,9999,3.0,85.0
167893,9999,1.0,66.0
167894,9999,3.0,85.0
167894,9999,1.0,283.0
167895,9999,4.0,113.0
167895,9999,1.0,128.0
167896,9999,1.0,86.0
167896,9999,3.0,85.0
167897,9999,1.0,138.0
167898,9999,3.0,85.0
167898,9999,1.0,82.0
167899,9999,3.0,85.0
167899,9999,1.0,159.0
167900,9999,3.0,85.0
167900,9999,1.0,638.0
167901,9999,4.0,113.0
167901,9999,1.0,210.0
167902,9999,1.0,28.35
167902,9999,4.0,113.0
167903,9999,3.0,85.0
167904,9999,3.0,85.0
167904,9999,1.0,76.0
167905,9999,3.0,85.0
167905,9999,1.0,402.0
167906,9999,3.0,85.0
167906,9999,1.0,261.0
167907,9999,1.0,28.35
167907,9999,1.0,453.6
167908,9999,3.0,85.0
167908,9999,1.0,236.0
167909,9999,1.0,84.0
167910,9999,4.0,112.0
167911,9999,1.0,56.0
167912,9999,3.0,85.0
167912,9999,1.0,150.0
167913,9999,3.0,85.0
167913,9999,1.0,150.0
167914,9999,3.0,85.0
167914,9999,1.0,8.1
167915,9999,3.0,85.0
167915,9999,1.0,2970.0
167916,9999,3.0,85.0
167917,9999,3.0,85.0
167917,9999,1.0,3054.0
167918,9999,3.0,85.0
167918,9999,1.0,436.0
167919,9999,3.0,85.0
167919,9999,1.0,2673.0
167920,9999,1.0,85.0
167920,9999,1.0,3170.0
167921,9999,1.0,34.0
167922,9999,1.0,59.0
167923,9999,1.0,43.0
167924,9999,1.0,16.0
167925,9999,6.0,39.0
167925,9999,1.0,6.5
167926,9999,1.0,28.35
167926,9999,1.0,38.0
167926,9999,1.0,144.0
167927,9999,1.0,53.0
167927,9999,1.0,28.35
167928,9999,1.0,51.0
167929,9999,1.0,71.0
167929,9999,1.0,28.35
167930,9999,1.0,198.0
167931,9999,1.0,202.0
167932,9999,1.0,229.0
167933,9999,1.0,29.0
167933,9999,1.0,4.2
167933,9999,6.0,29.0
167934,9999,1.0,29.0
167934,9999,1.0,1.8
167934,9999,16.0,29.0
167935,9999,1.0,63.0
167936,9999,1.0,42.0
167937,9999,1.0,39.0
167937,9999,1.0,311.0
167938,9999,1.0,42.0
167939,9999,1.0,43.0
167939,9999,1.0,59.0
167940,9999,1.0,65.0
167941,9999,1.0,30.0
167942,9999,1.0,14.0
167943,9999,1.0,32.0
167944,9999,1.0,48.0
167945,9999,1.0,57.0
167946,9999,1.0,35.0
167947,9999,1.0,35.0
167948,9999,1.0,28.35
167948,9999,2.0,57.0
167949,9999,1.0,28.35
167949,9999,1.0,28.35
167950,9999,1.0,28.35
167950,9999,2.0,57.0
167950,9999,1.0,85.0
167951,9999,1.0,28.0
167952,9999,1.0,28.35
167952,9999,1.0,24.0
167953,9999,1.0,334.0
167953,9999,0.25,84.0
167954,9999,1.0,28.0
167955,9999,1.0,28.0
167956,9999,2.0,34.0
167957,9999,1.0,20.0
167958,9999,1.0,28.35
167958,9999,2.0,57.0
167959,9999,1.0,8.0
167959,9999,1.0,28.35
167960,9999,1.0,11.0
167960,9999,1.0,28.35
167961,9999,1.0,28.35
167961,9999,0.5,14.2
167962,9999,1.0,28.35
167962,9999,1.0,198.0
167963,9999,1.0,28.35
167963,9999,1.0,198.0
167964,9999,1.0,28.35
167964,9999,10.0,30.0
167965,9999,1.0,28.35
167965,9999,2.0,57.0
167966,9999,1.0,9.0
167966,9999,2.0,18.0
167967,9999,1.0,9.0
167967,9999,2.0,18.0
167968,9999,1.0,140.0
167968,9999,1.0,28.35
167968,9999,1.5,42.0
167969,9999,1.0,146.0
167969,9999,1.0,28.35
167969,9999,1.5,42.0
167970,9999,1.0,28.35
167970,9999,1.0,227.0
167971,9999,1.0,40.0
167971,9999,1.0,6.6
167972,9999,1.0,28.35
167972,9999,3.0,16.0
167973,9999,1.0,28.35
167973,9999,1.0,87.0
167974,9999,1.0,71.0
167974,9999,1.0,10.1
167975,9999,1.0,35.0
167975,9999,1.0,45.0
167975,9999,6.0,43.0
167976,9999,1.0,14.5
167976,9999,1.0,182.0
167976,9999,1.0,173.0
167976,9999,1.0,28.35
167976,9999,1.0,168.0
167977,9999,1.0,28.35
167977,9999,1.0,41.0
167978,9999,1.0,43.0
167978,9999,1.0,11.0
167979,9999,13.0,41.0
167980,9999,1.0,170.0
167980,9999,1.0,28.35
167981,9999,0.5,86.0
167982,9999,1.0,43.0
167983,9999,27.0,40.0
167984,9999,1.0,42.0
167984,9999,1.0,68.0
167985,9999,1.0,56.0
167985,9999,1.0,16.0
167986,9999,1.0,28.35
167987,9999,1.0,17.0
167988,9999,1.0,28.35
167989,9999,1.0,182.0
167989,9999,10.0,36.0
167989,9999,10.0,22.0
167989,9999,10.0,63.0
167989,9999,10.0,50.0
167989,9999,10.0,74.0
167989,9999,1.0,9.5
167989,9999,1.0,24.0
167989,9999,1.0,3.2
167989,9999,1.0,4.2
167989,9999,1.0,11.6
167989,9999,1.0,10.0
167990,9999,1.0,28.35
167990,9999,1.0,6.0
167990,9999,1.0,3.0
167991,9999,10.0,11.0
167991,9999,10.0,28.0
167992,9999,1.0,42.0
167992,9999,1.0,10.0
167992,9999,1.0,46.0
167992,9999,1.0,78.0
167992,9999,1.0,96.0
167993,9999,1.0,41.0
167993,9999,1.0,56.0
167993,9999,3.0,37.0
167994,9999,1.0,50.0
167995,9999,1.0,50.0
167995,9999,10.0,7.0
167995,9999,1.0,7.2
167996,9999,1.0,28.35
167997,9999,1.0,57.0
167997,9999,1.0,26.0
167998,9999,0.5,142.0
167999,9999,1.0,20.0
168000,9999,1.0,37.0
168001,9999,1.0,149.0
168001,9999,10.0,40.0
168002,9999,3.0,30.0
168003,9999,3.0,23.0
168004,9999,3.0,7.4
168005,9999,10.0,5.2
168006,9999,10.0,5.3
168007,9999,3.0,44.0
168008,9999,1.0,78.0
168010,9999,1.0,36.0
168011,9999,1.0,47.0
168011,9999,1.0,255.0
168012,9999,3.0,8.4
168013,9999,1.0,28.35
168013,9999,1.0,26.0
168013,9999,1.0,41.0
168014,9999,1.0,28.35
168014,9999,1.0,4.9
168014,9999,1.0,2.5
168014,9999,1.0,57.0
168015,9999,3.0,85.0
168016,9999,3.0,85.0
168041,9999,1.0,197.0
168042,9999,1.0,308.0
168043,9999,1.0,411.0
168044,9999,1.0,303.0
168062,9999,1.0,301.0
168063,9999,1.0,283.0
168063,9999,1.0,253.0
168064,9999,1.0,461.0
168064,9999,1.0,146.0
168065,9999,1.0,590.0
168065,9999,1.0,157.0
168066,9999,1.0,653.0
168066,9999,1.0,115.0
168067,9999,1.0,142.0
168068,9999,1.0,246.0
168069,9999,1.0,200.0
168070,9999,1.0,98.0
168071,9999,1.0,70.0
168072,9999,1.0,574.0
168073,9999,1.0,103.0
168073,9999,1.0,36.0
168074,9999,1.0,149.0
168075,9999,1.0,178.0
168075,9999,1.0,124.0
168076,9999,1.0,228.0
168076,9999,1.0,27.0
168077,9999,1.0,16.0
168077,9999,1.0,100.0
168078,9999,1.0,180.0
168078,9999,1.0,134.0
168079,9999,1.0,67.0
168079,9999,1.0,16.0
168080,9999,1.0,601.0
168081,9999,1.0,706.0
168081,9999,3.0,55.0
168082,9999,1.0,609.0
168082,9999,3.0,42.0
168083,9999,1.0,604.0
168084,9999,1.0,777.0
168084,9999,1.0,195.0
168085,9999,1.0,525.0
168086,9999,1.0,537.0
168087,9999,1.0,547.0
168088,9999,1.0,20.0
168088,9999,1.0,6.7
168089,9999,1.0,113.0
168089,9999,1.0,18.0
168090,9999,1.0,31.5
168090,9999,1.0,126.0
168091,9999,1.0,31.5
168091,9999,1.0,126.0
168092,9999,1.0,138.0
168092,9999,1.0,20.0
168093,9999,1.0,13.4
168093,9999,1.0,26.0
168094,9999,1.0,14.6
168094,9999,1.0,231.0
168095,9999,1.0,28.35
168096,9999,1.0,14.0
168096,9999,1.0,216.0
168097,9999,1.0,30.0
168097,9999,1.0,242.0
168098,9999,1.0,132.0
168098,9999,1.0,113.0
168098,9999,1.0,17.0
168098,9999,1.0,28.0
168099,9999,1.0,17.0
168099,9999,1.0,264.0
168100,9999,1.0,15.0
168100,9999,1.0,234.0
168101,9999,1.0,28.0
168101,9999,1.0,14.0
168101,9999,1.0,28.0
168101,9999,1.0,43.0
168101,9999,1.0,14.0
168102,9999,2.0,51.0
168103,9999,1.0,186.0
168104,9999,1.0,174.0
168105,9999,1.0,174.0
168107,9999,1.0,4.2
168108,9999,1.0,37.0
168108,9999,1.0,42.0
168108,9999,1.0,195.0
168108,9999,1.0,3.4
168109,9999,1.0,17.0
168109,9999,1.0,269.0
168110,9999,3.0,85.0
168110,9999,1.0,17.0
168111,9999,3.0,85.0
168111,9999,1.0,453.0
168112,9999,1.0,14.5
168112,9999,1.0,232.0
168113,9999,1.0,29.8
168113,9999,1.0,74.0
168114,9999,4.0,113.0
168114,9999,1.0,226.0
168115,9999,1.0,14.0
168115,9999,1.0,224.0
168116,9999,1.0,26.0
168116,9999,1.0,28.0
168116,9999,10.0,18.0
168117,9999,1.0,253.0
168117,9999,1.0,31.6
168118,9999,1.0,138.0
168118,9999,1.0,28.0
168118,9999,1.0,43.0
168118,9999,1.0,14.0
168119,9999,1.0,144.0
168120,9999,3.0,85.0
168120,9999,1.0,28.0
168120,9999,1.0,42.0
168121,9999,1.0,140.0
168121,9999,1.0,113.0
168121,9999,1.0,18.0
168121,9999,1.0,21.0
168122,9999,1.0,1.7
168123,9999,1.0,240.0
168123,9999,1.0,30.0
168124,9999,1.0,28.0
168124,9999,1.0,15.0
168124,9999,1.0,108.0
168124,9999,1.0,132.0
168125,9999,1.0,16.0
168126,9999,1.0,36.0
168126,9999,1.0,28.0
168127,9999,1.0,88.0
168127,9999,1.0,28.0
168127,9999,10.0,18.0
168128,9999,1.0,253.0
168129,9999,1.0,58.0
168130,9999,1.0,54.0
168131,9999,1.0,57.0
168131,9999,1.0,151.0
168132,9999,1.0,55.0
168133,9999,1.0,15.0
168133,9999,1.0,113.0
168133,9999,1.0,113.0
168133,9999,1.0,113.0
168133,9999,1.0,113.0
168134,9999,1.0,15.0
168134,9999,1.0,113.0
168134,9999,1.0,113.0
168135,9999,1.0,15.0
168135,9999,1.0,113.0
168135,9999,1.0,113.0
168135,9999,1.0,113.0
168135,9999,1.0,120.0
168136,9999,1.0,148.0
168136,9999,1.0,10.2
168137,9999,1.0,63.0
168137,9999,10.0,16.0
168138,9999,0.75,30.0
168139,9999,1.0,28.35
168140,9999,1.0,15.0
168141,9999,1.0,28.0
168141,9999,1.0,15.0
168141,9999,1.0,108.0
168141,9999,1.0,132.0
168142,9999,1.0,0.1
168143,9999,1.0,9.9
168143,9999,1.0,40.0
168144,9999,4.0,118.0
168145,9999,1.0,19.0
168145,9999,1.0,300.0
168146,9999,1.0,8.0
168146,9999,1.0,32.0
168148,9999,1.0,45.0
168149,9999,1.0,80.0
168149,9999,1.0,17.0
168149,9999,1.0,136.0
168150,9999,1.0,135.0
168150,9999,3.0,9.0
168153,9999,1.0,180.0
168153,9999,1.0,69.0
168153,9999,1.0,148.0
168154,9999,1.0,19.0
168155,9999,1.0,67.0
168155,9999,1.0,67.0
168156,9999,1.0,242.0
168156,9999,1.0,30.8
168156,9999,1.0,44.0
168157,9999,1.0,246.0
168157,9999,1.0,30.8
168158,9999,0.25,40.0
168159,9999,1.0,234.0
168159,9999,5.0,86.0
168160,9999,1.0,132.0
168161,9999,1.0,280.0
168162,9999,1.0,174.0
168162,9999,1.0,9.5
168163,9999,1.0,92.0
168164,9999,1.0,165.0
168164,9999,1.0,145.0
168165,9999,1.0,165.0
168165,9999,1.0,145.0
168165,9999,1.0,14.0
168165,9999,1.0,43.0
168165,9999,50.0,26.0
168165,9999,1.0,28.35
168166,9999,1.0,165.0
168166,9999,1.0,145.0
168167,9999,1.0,150.0
168167,9999,1.0,214.0
168167,9999,1.0,9.0
168168,9999,1.0,137.0
168169,9999,1.0,240.0
168170,9999,1.0,57.0
168172,9999,1.0,254.0
168173,9999,1.0,221.0
168173,9999,1.0,149.0
168173,9999,1.0,10.6
168173,9999,1.0,567.0
168174,9999,1.0,255.0
168174,9999,1.0,284.0
168175,9999,1.0,250.0
168175,9999,1.0,155.0
168176,9999,1.0,243.0
168176,9999,1.0,42.0
168176,9999,1.0,205.0
168177,9999,1.0,122.0
168177,9999,1.0,275.0
168178,9999,1.0,214.0
168179,9999,1.0,244.0
168180,9999,1.0,319.0
168181,9999,1.0,222.0
168181,9999,1.0,73.0
168181,9999,1.0,12.7
168182,9999,1.0,201.0
168182,9999,1.0,48.0
168183,9999,1.0,183.0
168184,9999,1.0,189.0
168185,9999,1.0,220.0
168186,9999,1.0,250.0
168186,9999,1.0,31.2
168187,9999,1.0,250.0
168187,9999,1.0,31.3
168188,9999,1.0,211.0
168189,9999,1.0,251.0
168189,9999,8.0,246.0
168190,9999,1.0,178.0
168191,9999,1.0,24.0
168192,9999,1.0,243.0
168192,9999,1.0,602.0
168193,9999,1.0,165.0
168193,9999,1.0,175.0
168193,9999,1.0,1002.0
168193,9999,1.0,112.0
168194,9999,1.0,165.0
168194,9999,1.0,166.0
168194,9999,1.0,905.0
168194,9999,1.0,112.0
168195,9999,1.0,74.0
168196,9999,1.0,251.0
168197,9999,8.0,250.0
168198,9999,8.0,250.0
168199,9999,1.0,118.0
168199,9999,10.0,53.0
168200,9999,1.0,169.0
168201,9999,1.0,109.0
168201,9999,1.0,260.0
168201,9999,1.0,212.0
168201,9999,1.0,158.0
168202,9999,1.0,109.0
168202,9999,1.0,215.0
168202,9999,1.0,169.0
168202,9999,1.0,129.0
168203,9999,1.0,109.0
168203,9999,1.0,206.0
168203,9999,1.0,167.0
168203,9999,1.0,144.0
168204,9999,1.0,109.0
168204,9999,1.0,200.0
168204,9999,1.0,172.0
168204,9999,1.0,157.0
168205,9999,1.0,250.0
168205,9999,1.0,31.3
168206,9999,8.0,240.0
168207,9999,1.0,253.0
168207,9999,1.0,31.6
168208,9999,1.0,227.0
168209,9999,1.0,140.0
168210,9999,11.3,335.0
168211,9999,1.0,81.0
168212,9999,6.75,200.0
168212,9999,8.0,240.0
168213,9999,1.0,233.0
168214,9999,1.0,228.0
168215,9999,1.0,267.0
168216,9999,1.0,137.0
168218,9999,3.0,85.0
168219,9999,1.0,28.35
168219,9999,1.0,453.6
168220,9999,4.0,113.0
168220,9999,1.0,453.6
168221,9999,3.0,85.0
168221,9999,1.0,28.35
168222,9999,4.0,113.0
168222,9999,1.0,453.6
168223,9999,1.0,135.0
168223,9999,3.0,85.0
168224,9999,4.0,113.0
168224,9999,1.0,453.6
168225,9999,1.0,135.0
168225,9999,3.0,85.0
168226,9999,4.0,113.0
168226,9999,1.0,453.6
168226,9999,1.0,3868.0
168227,9999,3.0,85.0
168227,9999,1.0,2900.0
168228,9999,4.0,113.0
168228,9999,1.0,453.6
168228,9999,1.0,3868.0
168229,9999,3.0,85.0
168229,9999,1.0,2900.0
168230,9999,4.0,113.0
168230,9999,1.0,106.0
168231,9999,3.0,85.0
168231,9999,1.0,80.0
168232,9999,3.0,85.0
168232,9999,1.0,79.0
168233,9999,3.0,85.0
168233,9999,1.0,81.0
168234,9999,4.0,113.0
168234,9999,1.0,263.0
168235,9999,3.0,85.0
168235,9999,1.0,206.0
168236,9999,3.0,85.0
168236,9999,1.0,219.0
168237,9999,3.0,85.0
168237,9999,1.0,830.0
168238,9999,4.0,113.0
168238,9999,1.0,199.0
168239,9999,3.0,85.0
168239,9999,1.0,187.0
168240,9999,1.0,146.0
168240,9999,3.0,85.0
168241,9999,3.0,85.0
168241,9999,1.0,900.0
168242,9999,4.0,113.0
168242,9999,1.0,133.0
168242,9999,1.0,453.6
168243,9999,3.0,85.0
168243,9999,1.0,187.0
168244,9999,3.0,85.0
168244,9999,1.0,67.0
168245,9999,3.0,85.0
168245,9999,1.0,783.0
168246,9999,4.0,113.0
168246,9999,1.0,453.6
168246,9999,1.0,1327.0
168247,9999,3.0,85.0
168247,9999,1.0,195.0
168248,9999,3.0,85.0
168248,9999,1.0,985.0
168249,9999,4.0,113.0
168249,9999,1.0,453.6
168249,9999,1.0,505.0
168250,9999,3.0,85.0
168250,9999,1.0,333.0
168250,9999,1.0,402.0
168251,9999,4.0,113.0
168251,9999,1.0,185.0
168251,9999,1.0,453.6
168252,9999,1.0,135.0
168253,9999,1.0,145.0
168254,9999,3.0,85.0
168255,9999,4.0,113.0
168255,9999,1.0,2745.0
168256,9999,3.0,85.0
168256,9999,1.0,2252.0
168257,9999,1.0,135.0
168257,9999,3.0,85.0
168258,9999,4.0,113.0
168258,9999,1.0,2745.0
168259,9999,3.0,85.0
168259,9999,1.0,262.0
168260,9999,4.0,113.0
168260,9999,1.0,258.0
168261,9999,3.0,85.0
168261,9999,1.0,249.0
168262,9999,3.0,85.0
168262,9999,1.0,147.0
168263,9999,4.0,113.0
168263,9999,1.0,170.0
168264,9999,1.0,28.35
168264,9999,4.0,113.0
168265,9999,3.0,85.0
168266,9999,4.0,113.0
168267,9999,1.0,28.35
168267,9999,1.0,226.0
168268,9999,1.0,145.0
168268,9999,1.0,129.0
168269,9999,1.0,28.35
168269,9999,4.0,113.0
168270,9999,4.0,113.0
168270,9999,1.0,233.0
168271,9999,3.0,85.0
168272,9999,1.0,28.35
168272,9999,1.0,453.6
168273,9999,1.0,28.35
168273,9999,4.0,113.0
168274,9999,3.0,85.0
168275,9999,1.0,28.35
168275,9999,4.0,113.0
168276,9999,3.0,85.0
168276,9999,1.0,231.0
168277,9999,4.0,113.0
168277,9999,1.0,28.0
168277,9999,1.0,442.0
168278,9999,3.0,85.0
168278,9999,3.0,68.0
168278,9999,1.0,340.0
168279,9999,3.0,85.0
168279,9999,1.0,140.0
168280,9999,1.0,140.0
168280,9999,3.0,85.0
168281,9999,1.0,140.0
168281,9999,3.0,85.0
168282,9999,1.0,28.35
168282,9999,4.0,113.0
168283,9999,1.0,28.35
168283,9999,4.0,113.0
168284,9999,1.0,140.0
168284,9999,3.0,85.0
168285,9999,3.0,85.0
168285,9999,1.0,137.0
168286,9999,4.0,113.0
168286,9999,1.0,170.0
168287,9999,4.0,113.0
168287,9999,8.0,227.0
168288,9999,1.0,28.35
168288,9999,4.0,113.0
168289,9999,3.0,85.0
168289,9999,1.0,376.0
168290,9999,3.0,85.0
168291,9999,1.0,28.35
168291,9999,4.0,113.0
168292,9999,3.0,85.0
168292,9999,1.0,172.0
168293,9999,3.0,85.0
168293,9999,1.0,169.0
168294,9999,1.0,142.0
168294,9999,3.0,85.0
168295,9999,3.0,85.0
168295,9999,1.0,140.0
168295,9999,1.0,28.0
168296,9999,1.0,140.0
168296,9999,3.0,85.0
168297,9999,3.0,85.0
168297,9999,1.0,247.0
168298,9999,3.0,85.0
168298,9999,1.0,137.0
168299,9999,4.0,113.0
168300,9999,3.0,85.0
168301,9999,3.0,85.0
168301,9999,1.0,317.0
168302,9999,4.0,113.0
168302,9999,1.0,88.0
168303,9999,3.0,85.0
168303,9999,1.0,72.0
168304,9999,3.0,85.0
168304,9999,1.0,71.0
168305,9999,4.0,113.0
168305,9999,1.0,197.0
168306,9999,1.0,80.0
168306,9999,3.0,85.0
168307,9999,1.0,138.0
168308,9999,4.0,113.0
168308,9999,1.0,210.0
168309,9999,3.0,85.0
168309,9999,1.0,161.0
168310,9999,3.0,85.0
168310,9999,1.0,159.0
168311,9999,3.0,85.0
168311,9999,1.0,638.0
168312,9999,4.0,113.0
168312,9999,1.0,505.0
168313,9999,3.0,85.0
168313,9999,1.0,73.0
168314,9999,4.0,113.0
168314,9999,1.0,2195.0
168315,9999,4.0,113.0
168315,9999,1.0,2195.0
168316,9999,1.0,28.35
168316,9999,1.0,453.6
168317,9999,4.0,112.0
168318,9999,1.0,28.0
168318,9999,1.0,112.0
168318,9999,4.0,112.0
168319,9999,1.0,28.35
168319,9999,1.0,112.0
168319,9999,4.0,112.0
168320,9999,1.0,28.0
168320,9999,1.0,112.0
168320,9999,4.0,112.0
168321,9999,1.0,9.1
168322,9999,3.0,85.0
168322,9999,1.0,11.5
168323,9999,3.0,85.0
168324,9999,3.0,85.0
168325,9999,3.0,85.0
168325,9999,1.0,446.0
168326,9999,3.0,85.0
168326,9999,1.0,138.0
168327,9999,3.0,85.0
168327,9999,1.0,85.0
168327,9999,1.0,1995.0
168328,9999,3.0,85.0
168329,9999,3.0,85.0
168329,9999,1.0,189.0
168330,9999,3.0,85.0
168330,9999,1.0,445.0
168331,9999,3.0,85.0
168331,9999,1.0,145.0
168331,9999,1.0,920.0
168331,9999,1.0,85.0
168332,9999,3.0,85.0
168332,9999,1.0,2533.0
168333,9999,3.0,85.0
168333,9999,1.0,277.0
168334,9999,3.0,85.0
168334,9999,1.0,1497.0
168335,9999,3.0,85.0
168335,9999,1.0,453.6
168336,9999,3.0,85.0
168337,9999,3.0,85.0
168338,9999,3.0,85.0
168339,9999,3.0,85.0
168339,9999,1.0,430.0
168340,9999,3.0,85.0
168340,9999,1.0,453.6
168341,9999,3.0,85.0
168341,9999,1.0,453.6
168342,9999,3.0,85.0
168343,9999,3.0,85.0
168343,9999,1.0,453.6
168344,9999,3.0,85.0
168344,9999,1.0,453.6
168345,9999,3.0,85.0
168345,9999,1.0,453.6
168346,9999,3.0,85.0
168346,9999,1.0,453.6
168347,9999,3.0,85.0
168347,9999,1.0,453.6
168348,9999,3.0,85.0
168348,9999,1.0,453.6
168349,9999,3.0,85.0
168349,9999,1.0,1867.0
168350,9999,3.0,85.0
168350,9999,1.0,2533.0
168351,9999,3.0,85.0
168351,9999,1.0,3204.0
168352,9999,3.0,85.0
168352,9999,1.0,446.0
168353,9999,3.0,85.0
168353,9999,1.0,277.0
168354,9999,1.0,145.0
168354,9999,1.0,920.0
168354,9999,3.0,85.0
168355,9999,3.0,85.0
168355,9999,1.0,1497.0
168356,9999,3.0,85.0
168356,9999,1.0,2874.0
168357,9999,3.0,85.0
168357,9999,1.0,2800.0
168358,9999,3.0,85.0
168358,9999,1.0,453.6
168359,9999,3.0,85.0
168359,9999,1.0,366.0
168360,9999,3.0,85.0
168360,9999,1.0,425.0
168361,9999,4.0,113.0
168362,9999,3.0,85.0
168363,9999,4.0,113.0
168364,9999,3.0,85.0
168364,9999,1.0,107.0
168365,9999,4.0,113.0
168365,9999,1.0,393.0
168366,9999,3.0,85.0
168366,9999,1.0,264.0
168367,9999,3.0,85.0
168368,9999,3.0,85.0
168368,9999,1.0,194.0
168369,9999,1.0,105.0
168370,9999,3.0,85.0
168370,9999,1.0,609.0
168371,9999,3.0,85.0
168371,9999,1.0,765.0
168372,9999,4.0,113.0
168373,9999,3.0,85.0
168374,9999,3.0,85.0
168375,9999,3.0,85.0
168376,9999,4.0,113.0
168376,9999,1.0,1071.0
168377,9999,3.0,85.0
168377,9999,1.0,878.0
168378,9999,3.0,85.0
168378,9999,1.0,122.0
168379,9999,3.0,85.0
168379,9999,1.0,138.0
168380,9999,3.0,85.0
168380,9999,1.0,131.0
168381,9999,4.0,113.0
168381,9999,1.0,176.0
168382,9999,1.0,26.0
168382,9999,1.0,446.0
168383,9999,1.0,13.8
168384,9999,1.0,33.0
168384,9999,1.0,3.0
168385,9999,1.0,28.0
168385,9999,1.0,14.0
168386,9999,1.0,120.0
168386,9999,0.5,84.0
168387,9999,0.33,84.0
168387,9999,1.0,255.0
168388,9999,1.0,168.0
168388,9999,1.0,240.0
168388,9999,0.33,80.0
168389,9999,1.0,134.0
168389,9999,1.0,12.0
168389,9999,1.0,16.0
168389,9999,1.0,20.0
168389,9999,1.0,24.0
168389,9999,1.0,3.5
168390,9999,0.5,90.0
168390,9999,4.0,60.0
168391,9999,1.0,4.0
168391,9999,0.5,24.0
168392,9999,1.0,58.0
168393,9999,1.0,93.0
168393,9999,1.0,124.0
168394,9999,1.0,124.0
168394,9999,0.5,62.0
168396,9999,1.0,156.0
168397,9999,1.0,150.0
168397,9999,1.0,266.0
168398,9999,1.0,136.0
168398,9999,1.0,284.0
168399,9999,1.0,165.0
168399,9999,1.0,284.0
168400,9999,1.0,165.0
168400,9999,1.0,125.0
168401,9999,1.0,165.0
168401,9999,1.0,63.0
168402,9999,1.0,165.0
168403,9999,1.0,160.0
168403,9999,1.0,284.0
168404,9999,1.0,170.0
168405,9999,1.0,94.0
168405,9999,1.0,12.0
168406,9999,1.0,53.0
168407,9999,1.0,50.0
168407,9999,1.0,1.0
168408,9999,1.0,135.0
168408,9999,0.5,68.0
168409,9999,0.5,52.0
168409,9999,1.0,301.0
168410,9999,1.0,118.0
168410,9999,1.0,432.0
168411,9999,1.0,155.0
168412,9999,0.5,25.0
168412,9999,1.0,513.0
168413,9999,1.0,150.0
168414,9999,1.0,95.0
168414,9999,1.0,178.0
168415,9999,1.0,178.0
168415,9999,0.5,89.0
168416,9999,1.0,21.0
168417,9999,1.0,42.0
168418,9999,1.0,24.0
168419,9999,1.0,28.0
168420,9999,1.0,87.0
168421,9999,1.0,21.0
168422,9999,1.0,54.0
168422,9999,1.0,5.4
168423,9999,1.0,66.0
168423,9999,1.0,12.9
168424,9999,1.0,135.0
168424,9999,1.0,16.0
168425,9999,1.0,165.0
168426,9999,1.0,124.0
168426,9999,0.25,26.0
168427,9999,1.0,77.0
168429,9999,1.0,55.0
168429,9999,1.0,163.0
168429,9999,1.0,15.0
168429,9999,1.0,7.5
168429,9999,1.0,5.0
168430,9999,0.5,60.0
168430,9999,10.0,89.0
168431,9999,1.0,28.0
168431,9999,1.0,2.6
168431,9999,1.0,17.0
168431,9999,1.0,309.0
168431,9999,1.0,85.0
168432,9999,0.5,68.0
168432,9999,1.0,420.0
168433,9999,1.0,145.0
168434,9999,1.0,87.0
168434,9999,1.0,72.0
168434,9999,1.0,20.0
168435,9999,1.0,89.0
168435,9999,1.0,97.0
168435,9999,1.0,19.0
168436,9999,1.0,3.6
168436,9999,4.0,15.0
168437,9999,1.0,145.0
168437,9999,4.0,72.0
168438,9999,1.0,150.0
168439,9999,1.0,180.0
168440,9999,1.0,56.0
168441,9999,1.0,180.0
168442,9999,10.0,89.0
168442,9999,1.0,255.0
168444,9999,10.0,153.0
168445,9999,10.0,133.0
168446,9999,1.0,160.0
168447,9999,1.0,71.0
168448,9999,1.0,116.0
168449,9999,1.0,245.0
168450,9999,1.0,245.0
168451,9999,1.0,116.0
168451,9999,1.0,338.0
168452,9999,1.0,147.0
168453,9999,1.0,116.0
168454,9999,1.0,140.0
168454,9999,1.0,772.0
168454,9999,1.0,386.0
168454,9999,1.0,192.0
168455,9999,1.0,170.0
168455,9999,1.0,240.0
168456,9999,2.0,10.0
168457,9999,2.0,10.0
168458,9999,10.0,26.0
168458,9999,2.0,10.0
168459,9999,1.0,3.0
168459,9999,1.0,20.0
168460,9999,1.0,94.0
168462,9999,1.0,30.0
168462,9999,1.0,340.0
168462,9999,1.0,10.0
168462,9999,1.0,284.0
168463,9999,1.0,180.0
168464,9999,1.0,127.0
168465,9999,1.0,180.0
168465,9999,0.5,90.0
168466,9999,1.0,210.0
168466,9999,1.0,240.0
168466,9999,1.0,216.0
168466,9999,1.0,8.0
168466,9999,1.0,241.0
168467,9999,1.0,130.0
168468,9999,1.0,192.0
168469,9999,0.33,95.0
168469,9999,1.0,284.0
168469,9999,1.0,1361.0
168470,9999,1.0,223.0
168471,9999,1.0,227.0
168472,9999,1.0,140.0
168472,9999,1.0,431.0
168473,9999,0.33,113.0
168473,9999,1.0,340.0
168473,9999,1.0,1814.0
168474,9999,1.0,240.0
168475,9999,1.0,116.0
168476,9999,1.0,205.0
168477,9999,1.0,192.0
168478,9999,1.0,266.0
168479,9999,1.0,255.0
168480,9999,1.0,156.0
168480,9999,1.0,284.0
168481,9999,1.0,170.0
168482,9999,1.0,133.0
168482,9999,1.0,130.0
168483,9999,1.0,200.0
168483,9999,1.0,180.0
168483,9999,1.0,114.0
168483,9999,1.0,60.0
168484,9999,1.0,328.0
168484,9999,1.0,151.0
168485,9999,1.0,255.0
168485,9999,1.0,200.0
168486,9999,1.0,132.0
168487,9999,1.0,28.0
168487,9999,1.0,10.0
168488,9999,1.0,145.0
168489,9999,0.5,43.0
168489,9999,1.0,83.0
168490,9999,1.0,120.0
168490,9999,1.0,33.0
168491,9999,1.0,51.0
168491,9999,1.0,18.0
168492,9999,1.0,132.0
168493,9999,1.0,12.0
168494,9999,1.0,180.0
168494,9999,1.0,293.0
168494,9999,4.0,60.0
168495,9999,1.0,58.0
168496,9999,1.0,124.0
168497,9999,1.0,120.0
168497,9999,1.0,144.0
168498,9999,1.0,170.0
168498,9999,1.0,311.0
168499,9999,1.0,124.0
168501,9999,0.33,94.0
168501,9999,1.0,284.0
168502,9999,0.5,120.0
168502,9999,1.0,439.0
168503,9999,0.5,120.0
168503,9999,1.0,439.0
168504,9999,0.5,120.0
168504,9999,1.0,439.0
168505,9999,1.0,153.0
168505,9999,10.0,62.0
168505,9999,1.0,262.0
168506,9999,0.5,85.0
168506,9999,2.0,100.0
168507,9999,1.0,246.0
168508,9999,1.0,144.0
168510,9999,0.5,78.0
168510,9999,1.0,280.0
168510,9999,1.0,180.0
168510,9999,1.0,140.0
168510,9999,1.0,37.0
168511,9999,1.0,184.0
168512,9999,0.5,92.0
168512,9999,1.0,250.0
168513,9999,1.0,21.0
168513,9999,0.5,78.0
168514,9999,0.5,75.0
168514,9999,1.0,1262.0
168515,9999,1.0,22.0
168515,9999,0.5,75.0
168516,9999,1.0,145.0
168517,9999,1.0,170.0
168518,9999,1.0,146.0
168518,9999,1.0,228.0
168518,9999,1.0,2.8
168518,9999,1.0,284.0
168519,9999,1.0,146.0
168520,9999,0.5,62.0
168520,9999,3.0,54.0
168521,9999,1.0,180.0
168522,9999,1.0,100.0
168523,9999,1.0,190.0
168524,9999,1.0,170.0
168525,9999,1.0,89.0
168525,9999,1.0,103.0
168525,9999,1.0,118.0
168525,9999,1.0,149.0
168525,9999,1.0,8.0
168525,9999,1.0,77.0
168526,9999,1.0,165.0
168527,9999,1.0,170.0
168528,9999,1.0,95.0
168529,9999,1.0,53.0
168530,9999,1.0,178.0
168530,9999,0.5,89.0
168531,9999,1.0,42.0
168532,9999,1.0,118.0
168533,9999,1.0,87.0
168534,9999,1.0,180.0
168535,9999,1.0,124.0
168535,9999,0.25,26.0
168536,9999,0.5,60.0
168536,9999,10.0,89.0
168537,9999,1.0,156.0
168537,9999,1.0,9.8
168537,9999,1.0,12.0
168538,9999,1.0,73.0
168538,9999,1.0,90.0
168538,9999,1.0,143.0
168538,9999,1.0,154.0
168539,9999,1.0,89.0
168539,9999,1.0,103.0
168539,9999,1.0,116.0
168539,9999,1.0,157.0
168539,9999,1.0,77.0
168540,9999,1.0,89.0
168540,9999,1.0,103.0
168540,9999,1.0,118.0
168540,9999,1.0,157.0
168540,9999,1.0,77.0
168541,9999,1.0,256.0
168541,9999,1.0,482.0
168542,9999,1.0,210.0
168542,9999,1.0,340.0
168543,9999,1.0,210.0
168543,9999,1.0,340.0
168544,9999,1.0,165.0
168544,9999,1.0,284.0
168545,9999,1.0,165.0
168545,9999,1.0,284.0
168546,9999,1.0,140.0
168546,9999,0.5,70.0
168547,9999,0.33,95.0
168547,9999,1.0,284.0
168548,9999,1.0,135.0
168548,9999,1.0,11.6
168549,9999,1.0,135.0
168549,9999,1.0,11.6
168550,9999,1.0,106.0
168552,9999,1.0,145.0
168553,9999,1.0,31.0
168553,9999,0.5,71.0
168554,9999,1.0,210.0
168555,9999,1.0,210.0
168556,9999,1.0,17.0
168556,9999,1.0,9.0
168556,9999,1.0,240.0
168557,9999,1.0,87.0
168557,9999,1.0,72.0
168557,9999,1.0,20.0
168558,9999,1.0,35.0
168558,9999,1.0,7.0
168558,9999,1.0,135.0
168558,9999,1.0,143.0
168558,9999,1.0,155.0
168559,9999,1.0,12.0
168559,9999,1.0,192.0
168559,9999,1.0,1.0
168559,9999,1.0,66.0
168560,9999,1.0,15.0
168560,9999,0.5,122.0
168561,9999,1.0,15.0
168561,9999,1.0,10.0
168561,9999,1.0,245.0
168562,9999,1.0,143.0
168562,9999,1.0,155.0
168562,9999,1.0,135.0
168562,9999,1.0,65.0
168562,9999,1.0,6.0
168562,9999,1.0,37.0
168562,9999,1.0,30.0
168563,9999,1.0,35.0
168563,9999,1.0,7.0
168563,9999,1.0,135.0
168563,9999,1.0,143.0
168563,9999,1.0,155.0
168564,9999,1.0,40.0
168564,9999,1.0,8.0
168565,9999,1.0,16.0
168565,9999,1.0,11.0
168566,9999,1.0,34.0
168566,9999,0.5,66.0
168567,9999,1.0,54.0
168567,9999,1.0,2.0
168568,9999,1.0,15.0
168568,9999,1.0,10.0
168568,9999,1.0,85.0
168569,9999,1.0,146.0
168569,9999,1.0,33.0
168570,9999,1.0,37.0
168570,9999,1.0,0.5
168571,9999,1.0,86.0
168572,9999,1.0,109.0
168573,9999,1.0,67.0
168573,9999,1.0,4.8
168574,9999,1.0,126.0
168574,9999,1.0,6.1
168575,9999,1.0,14.0
168575,9999,1.0,3.0
168576,9999,1.0,90.0
168576,9999,1.0,14.0
168577,9999,1.0,139.0
168578,9999,1.0,27.0
168579,9999,1.0,7.0
168580,9999,1.0,148.0
168580,9999,1.0,15.0
168580,9999,1.0,86.0
168581,9999,1.0,28.0
168581,9999,1.0,4.5
168582,9999,1.0,182.0
168582,9999,1.0,5.5
168583,9999,1.0,130.0
168583,9999,1.0,169.0
168585,9999,1.0,28.35
168586,9999,1.0,93.0
168586,9999,1.0,199.0
168587,9999,1.0,74.0
168587,9999,1.0,28.35
168588,9999,1.0,16.0
168588,9999,1.0,250.0
168589,9999,1.0,28.35
168590,9999,1.0,28.35
168591,9999,1.0,28.35
168592,9999,1.0,144.0
168592,9999,1.0,28.35
168593,9999,1.0,135.0
168593,9999,1.0,28.35
168594,9999,1.0,134.0
168594,9999,1.0,28.35
168595,9999,1.0,16.0
168595,9999,1.0,28.35
168596,9999,1.0,138.0
168596,9999,1.0,28.35
168597,9999,1.0,16.0
168597,9999,1.0,28.35
168598,9999,1.0,132.0
168598,9999,1.0,28.35
168599,9999,1.0,137.0
168599,9999,1.0,28.35
168600,9999,1.0,134.0
168600,9999,1.0,28.35
168600,9999,10.0,14.0
168601,9999,1.0,64.0
168601,9999,1.0,28.35
168602,9999,1.0,157.0
168602,9999,1.0,28.35
168603,9999,1.0,16.0
168603,9999,1.0,250.0
168604,9999,1.0,15.0
168605,9999,1.0,28.35
168605,9999,4.0,113.0
168606,9999,1.0,28.35
168606,9999,3.0,85.0
168607,9999,4.0,113.0
168607,9999,1.0,453.6
168608,9999,4.0,113.0
168608,9999,1.0,85.0
168609,9999,4.0,113.0
168609,9999,1.0,202.0
168610,9999,3.0,85.0
168610,9999,1.0,246.0
168611,9999,3.0,85.0
168611,9999,1.0,387.0
168612,9999,1.0,28.35
168612,9999,1.0,453.6
168613,9999,3.0,85.0
168613,9999,1.0,225.0
168614,9999,4.0,113.0
168614,9999,1.0,453.6
168615,9999,1.0,121.0
168615,9999,3.0,85.0
168616,9999,3.0,85.0
168616,9999,1.0,285.0
168617,9999,3.0,85.0
168617,9999,1.0,282.0
168618,9999,3.0,85.0
168618,9999,1.0,417.0
168619,9999,4.0,113.0
168619,9999,1.0,461.0
168620,9999,3.0,85.0
168620,9999,1.0,360.0
168621,9999,4.0,113.0
168622,9999,1.0,28.35
168622,9999,4.0,113.0
168623,9999,3.0,85.0
168623,9999,1.0,351.0
168624,9999,3.0,85.0
168624,9999,1.0,391.0
168625,9999,1.0,28.35
168625,9999,4.0,113.0
168626,9999,3.0,85.0
168626,9999,1.0,68.0
168627,9999,3.0,85.0
168627,9999,1.0,81.0
168628,9999,1.0,28.35
168628,9999,4.0,113.0
168629,9999,3.0,85.0
168629,9999,1.0,303.0
168630,9999,1.0,28.35
168630,9999,8.0,227.0
168631,9999,3.0,85.0
168631,9999,1.0,150.0
168632,9999,3.0,85.0
168632,9999,1.0,150.0
168633,9999,3.0,85.0
168633,9999,1.0,375.0
168634,9999,3.0,85.0
168634,9999,1.0,292.0
168635,9999,3.0,85.0
168635,9999,1.0,393.0
168636,9999,3.0,85.0
168636,9999,1.0,375.0
168637,9999,3.0,85.0
168637,9999,1.0,421.0
168638,9999,3.0,85.0
168638,9999,1.0,453.6
168639,9999,3.0,85.0
168639,9999,1.0,85.0
168639,9999,1.0,266.0
168640,9999,4.0,113.0
168640,9999,1.0,526.0
168641,9999,3.0,85.0
168641,9999,1.0,426.0
168642,9999,4.0,113.0
168642,9999,1.0,460.0
168643,9999,3.0,85.0
168643,9999,1.0,363.0
168644,9999,3.0,85.0
168644,9999,1.0,85.0
168644,9999,1.0,271.0
168645,9999,4.0,113.0
168645,9999,1.0,458.0
168646,9999,4.0,113.0
168646,9999,1.0,1392.0
168647,9999,4.0,113.0
168647,9999,1.0,1187.0
168648,9999,3.0,85.0
168648,9999,1.0,231.0
168649,9999,3.0,85.0
168649,9999,1.0,277.0
168650,9999,3.0,85.0
168650,9999,1.0,77.0
168651,9999,3.0,85.0
168651,9999,1.0,70.0
168652,9999,4.0,113.0
168652,9999,1.0,28.35
168653,9999,4.0,113.0
168653,9999,1.0,458.0
168654,9999,3.0,85.0
168654,9999,1.0,186.0
168655,9999,4.0,113.0
168655,9999,1.0,1446.0
168656,9999,4.0,113.0
168656,9999,1.0,1855.0
168657,9999,4.0,113.0
168657,9999,1.0,1780.0
168658,9999,4.0,113.0
168658,9999,1.0,1967.0
168659,9999,3.0,85.0
168659,9999,1.0,177.0
168660,9999,4.0,113.0
168660,9999,1.0,723.0
168661,9999,4.0,113.0
168661,9999,1.0,698.0
168662,9999,4.0,113.0
168662,9999,1.0,761.0
168663,9999,3.0,85.0
168664,9999,4.0,113.0
168664,9999,1.0,453.6
168665,9999,3.0,85.0
168665,9999,1.0,329.0
168666,9999,3.0,85.0
168666,9999,1.0,452.0
168667,9999,3.0,85.0
168667,9999,1.0,258.0
168668,9999,4.0,113.0
168668,9999,1.0,1801.0
168668,9999,1.0,453.6
168669,9999,3.0,85.0
168669,9999,1.0,258.0
168670,9999,4.0,113.0
168670,9999,1.0,1783.0
168670,9999,1.0,453.6
168671,9999,3.0,85.0
168671,9999,1.0,247.0
168672,9999,4.0,113.0
168672,9999,1.0,453.6
168673,9999,3.0,85.0
168673,9999,1.0,247.0
168674,9999,3.0,85.0
168674,9999,1.0,609.0
168675,9999,1.0,28.35
168675,9999,1.0,453.6
168676,9999,3.0,85.0
168676,9999,1.0,267.0
168677,9999,3.0,85.0
168677,9999,1.0,289.0
168678,9999,1.0,28.35
168678,9999,1.0,453.6
168679,9999,3.0,85.0
168679,9999,1.0,278.0
168680,9999,1.0,28.35
168680,9999,1.0,453.6
168681,9999,3.0,85.0
168681,9999,1.0,267.0
168682,9999,3.0,85.0
168682,9999,1.0,292.0
168683,9999,3.0,85.0
168683,9999,1.0,267.0
168684,9999,3.0,85.0
168684,9999,1.0,292.0
168685,9999,4.0,113.0
168685,9999,1.0,453.6
168686,9999,3.0,85.0
168686,9999,1.0,278.0
168687,9999,3.0,85.0
168687,9999,1.0,281.0
168688,9999,3.0,85.0
168688,9999,1.0,256.0
168689,9999,3.0,85.0
168689,9999,1.0,278.0
168690,9999,4.0,113.0
168690,9999,1.0,335.0
168691,9999,3.0,85.0
168691,9999,1.0,245.0
168692,9999,3.0,85.0
168692,9999,1.0,199.0
168693,9999,4.0,113.0
168693,9999,1.0,239.0
168694,9999,4.0,113.0
168694,9999,1.0,453.6
168695,9999,3.0,85.0
168695,9999,1.0,313.0
168696,9999,3.0,85.0
168696,9999,1.0,338.0
168696,9999,1.0,632.0
168697,9999,4.0,113.0
168697,9999,1.0,453.6
168698,9999,3.0,85.0
168698,9999,1.0,227.0
168699,9999,3.0,85.0
168699,9999,1.0,338.0
168699,9999,1.0,627.0
168700,9999,4.0,113.0
168700,9999,1.0,312.0
168701,9999,4.0,113.0
168701,9999,1.0,453.6
168702,9999,3.0,85.0
168702,9999,1.0,333.0
168703,9999,4.0,113.0
168703,9999,1.0,453.6
168704,9999,3.0,85.0
168704,9999,1.0,417.0
168705,9999,4.0,113.0
168705,9999,1.0,453.6
168706,9999,3.0,85.0
168706,9999,1.0,327.0
168707,9999,4.0,113.0
168707,9999,1.0,231.0
168708,9999,3.0,85.0
168708,9999,1.0,283.0
168709,9999,3.0,85.0
168709,9999,1.0,289.0
168710,9999,3.0,85.0
168710,9999,1.0,347.0
168710,9999,1.0,326.0
168711,9999,3.0,85.0
168711,9999,1.0,283.0
168712,9999,4.0,113.0
168712,9999,1.0,453.6
168713,9999,3.0,85.0
168713,9999,1.0,286.0
168714,9999,4.0,113.0
168714,9999,1.0,1855.0
168715,9999,4.0,113.0
168715,9999,1.0,539.0
168716,9999,3.0,85.0
168716,9999,1.0,417.0
168717,9999,4.0,113.0
168717,9999,1.0,461.0
168718,9999,3.0,85.0
168718,9999,1.0,221.0
168719,9999,4.0,113.0
168720,9999,3.0,85.0
168721,9999,4.0,113.0
168721,9999,1.0,227.0
168722,9999,1.0,140.0
168722,9999,3.0,85.0
168723,9999,3.0,85.0
168723,9999,1.0,329.0
168724,9999,4.0,113.0
168724,9999,1.0,149.0
168724,9999,1.0,453.6
168725,9999,1.0,119.0
168725,9999,3.0,85.0
168725,9999,1.0,104.0
168726,9999,4.0,113.0
168726,9999,1.0,608.0
168727,9999,3.0,85.0
168727,9999,1.0,306.0
168728,9999,4.0,113.0
168728,9999,1.0,453.6
168729,9999,3.0,85.0
168729,9999,1.0,306.0
168730,9999,3.0,85.0
168731,9999,3.0,85.0
168732,9999,3.0,85.0
168733,9999,3.0,85.0
168733,9999,1.0,383.0
168734,9999,4.0,113.0
168734,9999,1.0,261.0
168735,9999,3.0,85.0
168735,9999,1.0,591.0
168736,9999,4.0,113.0
168736,9999,1.0,271.0
168737,9999,3.0,85.0
168737,9999,1.0,547.0
168738,9999,3.0,85.0
168739,9999,3.0,85.0
168740,9999,3.0,85.0
168740,9999,1.0,284.0
168741,9999,3.0,85.0
168741,9999,1.0,269.0
168742,9999,4.0,113.0
168742,9999,1.0,1327.0
168743,9999,4.0,113.0
168743,9999,1.0,1780.0
168744,9999,3.0,85.0
168745,9999,3.0,85.0
168746,9999,1.0,29.7
168746,9999,1.0,356.0
168747,9999,1.0,29.8
168747,9999,12.0,357.0
168748,9999,1.0,29.5
168748,9999,12.0,355.0
168749,9999,1.0,29.5
168749,9999,1.0,354.0
168750,9999,1.0,32.6
168750,9999,1.0,222.0
168751,9999,8.0,240.0
168751,9999,1.0,240.0
168752,9999,1.0,31.4
168752,9999,1.0,141.0
168753,9999,1.0,31.1
168753,9999,1.0,211.0
168754,9999,1.0,41.0
168754,9999,1.0,44.0
168755,9999,1.0,40.0
168755,9999,1.0,45.0
168755,9999,1.0,47.0
168755,9999,1.0,10.0
168755,9999,1.0,44.0
168756,9999,1.0,58.0
168756,9999,1.0,17.0
168756,9999,1.0,8.2
168756,9999,1.0,103.0
168757,9999,1.0,39.0
168758,9999,2.0,42.0
168758,9999,1.0,40.0
168758,9999,1.0,340.0
168759,9999,1.0,19.0
168759,9999,1.0,53.0
168760,9999,1.0,49.0
168760,9999,1.0,73.0
168761,9999,1.0,43.0
168761,9999,1.0,21.0
168761,9999,1.0,43.0
168762,9999,1.0,44.0
168762,9999,1.0,14.2
168762,9999,1.0,41.0
168762,9999,2.0,24.0
168763,9999,1.0,17.0
168763,9999,1.0,45.0
168763,9999,1.0,7.0
168764,9999,0.25,47.0
168764,9999,10.0,8.0
168764,9999,1.0,46.0
168764,9999,1.0,46.0
168765,9999,1.0,48.0
168765,9999,7.0,42.0
168766,9999,1.0,42.0
168766,9999,1.0,8.4
168767,9999,1.0,60.0
168767,9999,1.0,28.0
168768,9999,1.0,57.0
168768,9999,1.0,58.0
168768,9999,1.0,95.0
168768,9999,1.0,312.0
168769,9999,1.0,54.0
168769,9999,1.0,58.0
168769,9999,1.0,50.0
168769,9999,1.0,267.0
168770,9999,1.0,48.0
168771,9999,1.0,3.0
168771,9999,10.0,16.0
168771,9999,1.0,8.0
168772,9999,1.0,85.0
168772,9999,1.0,21.0
168773,9999,0.5,141.0
168774,9999,1.0,5.0
168775,9999,1.0,85.0
168775,9999,1.0,21.0
168776,9999,15.0,39.0
168777,9999,1.0,808.0
168777,9999,0.5,202.0
168778,9999,1.0,28.35
168778,9999,1.0,108.0
168778,9999,1.0,98.0
168779,9999,1.0,99.0
168779,9999,1.0,25.0
168780,9999,0.5,128.0
168781,9999,0.5,147.0
168781,9999,1.0,587.0
168782,9999,1.0,113.0
168782,9999,1.0,28.35
168782,9999,1.0,142.0
168782,9999,1.0,172.0
168782,9999,0.5,92.0
168783,9999,1.0,106.0
168783,9999,1.0,27.0
168784,9999,1.0,99.0
168784,9999,1.0,25.0
168785,9999,0.5,142.0
168785,9999,1.0,569.0
168786,9999,1.0,8.0
168786,9999,1.0,32.0
168787,9999,0.5,141.0
168788,9999,0.5,128.0
168789,9999,0.0,142.0
168790,9999,0.0,142.0
168791,9999,1.0,39.0
168791,9999,1.0,907.0
168792,9999,1.0,10.8
168792,9999,1.0,43.0
168794,9999,1.0,9.9
168795,9999,2.0,41.0
168796,9999,0.0,141.0
168797,9999,1.0,99.0
168798,9999,1.0,112.0
168799,9999,1.0,113.0
168800,9999,2.0,33.0
168801,9999,15.0,39.0
168802,9999,1.0,411.0
168802,9999,0.08,34.0
168803,9999,1.0,207.0
168803,9999,0.08,17.0
168804,9999,1.0,37.0
168804,9999,1.0,40.0
168805,9999,1.0,37.0
168805,9999,1.0,42.0
168806,9999,1.0,44.0
168807,9999,1.0,44.0
168808,9999,2.0,28.0
168809,9999,1.0,58.0
168809,9999,0.5,66.0
168810,9999,1.0,58.0
168810,9999,0.5,66.0
168811,9999,1.0,26.0
168812,9999,1.0,29.0
168812,9999,0.5,116.0
168813,9999,1.0,52.0
168814,9999,1.0,47.0
168815,9999,0.5,72.0
168816,9999,1.0,17.0
168816,9999,1.0,17.0
168816,9999,1.0,282.0
168817,9999,1.0,28.35
168818,9999,1.0,50.0
168819,9999,1.0,20.0
168819,9999,1.0,14.0
168819,9999,1.0,20.0
168819,9999,1.0,320.0
168820,9999,1.0,337.0
168820,9999,1.0,20.0
168821,9999,1.0,50.0
168822,9999,0.12,74.0
168822,9999,1.0,85.0
168822,9999,1.0,595.0
168823,9999,1.0,40.0
168823,9999,1.0,59.0
168823,9999,1.0,5.0
168824,9999,0.12,74.0
168824,9999,1.0,595.0
168825,9999,0.5,127.0
168826,9999,1.0,99.0
168826,9999,1.0,25.0
168827,9999,0.5,147.0
168827,9999,1.0,587.0
168828,9999,1.0,88.0
168828,9999,1.0,25.0
168829,9999,0.5,140.0
168829,9999,1.0,559.0
168830,9999,0.5,147.0
168830,9999,1.0,587.0
168831,9999,1.0,85.0
168831,9999,1.0,21.0
168832,9999,0.5,127.0
168833,9999,1.0,3.0
168833,9999,1.0,220.0
168833,9999,1.0,145.0
168833,9999,1.0,4.6
168833,9999,1.0,3.2
168834,9999,2.0,35.0
168835,9999,1.0,304.0
168835,9999,2.0,38.0
168836,9999,1.0,328.0
168836,9999,1.0,20.0
168837,9999,1.0,341.0
168837,9999,1.0,22.0
168838,9999,1.0,20.0
168838,9999,1.0,83.0
168838,9999,1.0,315.0
168839,9999,1.0,316.0
168839,9999,1.0,20.0
168840,9999,1.0,62.0
168840,9999,1.0,20.0
168841,9999,2.0,41.0
168842,9999,1.0,51.0
168843,9999,1.0,62.0
168843,9999,1.0,205.0
168843,9999,10.0,10.7
168843,9999,1.0,20.0
168844,9999,2.0,33.0
168845,9999,2.0,33.0
168846,9999,1.0,11.0
168847,9999,0.5,99.0
168848,9999,0.5,72.0
168849,9999,1.0,28.35
168849,9999,3.0,85.0
168849,9999,1.5,42.0
168850,9999,1.0,28.35
168850,9999,1.0,20.0
168851,9999,1.0,28.35
168851,9999,0.5,14.2
168852,9999,2.0,33.0
168853,9999,1.0,28.0
168853,9999,16.0,26.0
168853,9999,1.0,28.35
168853,9999,1.0,198.0
168854,9999,1.0,28.35
168854,9999,0.5,18.0
168855,9999,1.0,9.0
168855,9999,2.0,18.0
168856,9999,1.0,28.35
168856,9999,2.0,57.0
168857,9999,1.0,9.0
168857,9999,2.0,18.0
168858,9999,1.0,28.35
168858,9999,1.0,170.0
168859,9999,1.0,28.35
168860,9999,1.0,28.35
168862,9999,1.0,37.0
168862,9999,1.0,37.0
168862,9999,1.0,38.0
168863,9999,1.0,28.35
168864,9999,1.0,28.35
168865,9999,1.0,28.35
168865,9999,10.0,23.0
168866,9999,1.0,99.0
168866,9999,1.0,25.0
168867,9999,1.0,157.0
168868,9999,1.0,122.0
168869,9999,1.0,170.0
168870,9999,1.0,138.0
168871,9999,1.0,174.0
168872,9999,1.0,94.0
168873,9999,1.0,219.0
168874,9999,1.0,170.0
168875,9999,1.0,195.0
168876,9999,0.25,48.0
168877,9999,1.0,185.0
168878,9999,1.0,158.0
168879,9999,1.0,195.0
168880,9999,1.0,186.0
168881,9999,1.0,200.0
168882,9999,1.0,186.0
168883,9999,1.0,185.0
168884,9999,1.0,169.0
168885,9999,1.0,128.0
168886,9999,1.0,102.0
168887,9999,1.0,102.0
168888,9999,1.0,130.0
168889,9999,1.0,192.0
168890,9999,1.0,192.0
168891,9999,1.0,168.0
168892,9999,1.0,115.0
168893,9999,1.0,120.0
168894,9999,1.0,125.0
168895,9999,1.0,125.0
168896,9999,1.0,137.0
168897,9999,1.0,164.0
168898,9999,1.0,158.0
168899,9999,1.0,105.0
168899,9999,2.0,57.0
168900,9999,1.0,140.0
168901,9999,2.0,57.0
168902,9999,2.0,57.0
168903,9999,1.0,84.0
168903,9999,2.0,57.0
168904,9999,1.0,134.0
168905,9999,0.5,28.0
168905,9999,1.5,43.0
168906,9999,2.0,57.0
168907,9999,1.0,114.0
168908,9999,2.0,57.0
168909,9999,1.0,176.0
168910,9999,1.0,117.0
168910,9999,1.0,151.0
168910,9999,1.0,117.0
168910,9999,1.0,97.0
168910,9999,1.0,105.0
168910,9999,1.0,116.0
168910,9999,1.0,107.0
168910,9999,1.0,107.0
168911,9999,2.0,57.0
168912,9999,1.0,140.0
168913,9999,1.0,137.0
168914,9999,1.0,176.0
168915,9999,1.0,91.0
168915,9999,1.0,122.0
168915,9999,1.0,95.0
168915,9999,1.0,81.0
168915,9999,1.0,96.0
168915,9999,1.0,64.0
168915,9999,1.0,90.0
168916,9999,1.0,116.0
168916,9999,1.0,151.0
168916,9999,1.0,117.0
168916,9999,1.0,107.0
168916,9999,1.0,97.0
168916,9999,1.0,105.0
168916,9999,1.0,116.0
168916,9999,1.0,107.0
168917,9999,1.0,185.0
168918,9999,1.0,252.0
168919,9999,1.0,160.0
168920,9999,1.0,166.0
168921,9999,1.0,6.9
168922,9999,1.0,157.0
168923,9999,1.0,122.0
168924,9999,1.0,170.0
168925,9999,1.0,138.0
168926,9999,1.0,160.0
168927,9999,1.0,91.0
168927,9999,2.0,57.0
168927,9999,1.0,122.0
168927,9999,1.0,95.0
168927,9999,1.0,81.0
168927,9999,1.0,96.0
168927,9999,1.0,64.0
168927,9999,1.0,90.0
168928,9999,1.0,124.0
168928,9999,1.0,151.0
168928,9999,1.0,120.0
168928,9999,1.0,132.0
168928,9999,1.0,107.0
168928,9999,1.0,107.0
168928,9999,1.0,107.0
168928,9999,1.0,105.0
168928,9999,1.0,116.0
168929,9999,1.0,157.0
168930,9999,1.0,186.0
168931,9999,1.0,200.0
168932,9999,1.0,205.0
168933,9999,1.0,167.0
168934,9999,1.0,140.0
168935,9999,1.0,158.0
168936,9999,1.0,125.0
168937,9999,2.0,57.0
168943,9999,1.0,121.0
168945,9999,3.0,85.0
168946,9999,3.0,85.0
168947,9999,3.0,85.0
168948,9999,3.0,85.0
168949,9999,0.33,61.0
168949,9999,1.0,9.0
168950,9999,1.0,247.0
168951,9999,0.33,68.0
168951,9999,1.0,9.6
168952,9999,1.0,238.0
168953,9999,1.0,123.0
168953,9999,1.0,51.0
168954,9999,1.0,122.0
168954,9999,1.0,44.0
168955,9999,1.0,141.0
168955,9999,1.0,79.0
168956,9999,1.0,57.0
168957,9999,1.0,80.0
168958,9999,1.0,117.0
168958,9999,1.0,42.0
168959,9999,0.5,70.0
168959,9999,0.33,56.0
168959,9999,1.0,8.8
168960,9999,1.0,237.0
168961,9999,1.0,133.0
168962,9999,1.0,127.0
168963,9999,1.0,127.0
168964,9999,1.0,191.0
168965,9999,1.0,63.0
168966,9999,1.0,8.7
168967,9999,1.0,8.7
168968,9999,1.0,31.4
168969,9999,1.0,31.4
168970,9999,1.0,9.0
168971,9999,1.0,9.6
168972,9999,1.0,9.4
168973,9999,1.0,9.4
168974,9999,1.0,30.4
168974,9999,5.0,152.0
168975,9999,4.0,18.0
168982,9999,1.0,157.0
168994,9999,1.0,19.0
168995,9999,1.0,0.9
168996,9999,1.0,14.0
168997,9999,1.0,130.0
168998,9999,1.0,127.0
168999,9999,1.0,154.0
169004,9999,1.0,28.0
169004,9999,1.0,19.0
169005,9999,1.0,28.35
169006,9999,8.0,227.0
169007,9999,4.0,113.0
169008,9999,1.0,206.0
169009,9999,1.0,164.0
169010,9999,1.0,124.0
169010,9999,1.0,180.0
169011,9999,1.0,32.0
169011,9999,1.0,289.0
169012,9999,1.0,35.0
169012,9999,1.0,99.0
169013,9999,1.0,41.0
169013,9999,1.0,141.0
169014,9999,1.0,176.0
169015,9999,1.0,245.0
169015,9999,1.0,31.0
169016,9999,1.0,166.0
169017,9999,1.0,250.0
169018,9999,1.0,136.0
169018,9999,1.0,182.0
169019,9999,1.0,225.0
169020,9999,1.0,76.0
169021,9999,1.0,261.0
169022,9999,1.0,194.0
169023,9999,1.0,91.0
169024,9999,1.0,201.0
169025,9999,1.0,124.0
169025,9999,1.0,94.0
169026,9999,1.0,108.0
169027,9999,1.0,259.0
169028,9999,1.0,136.0
169028,9999,1.0,182.0
169029,9999,1.0,134.0
169029,9999,1.0,565.0
169030,9999,1.0,437.0
169031,9999,1.0,114.0
169032,9999,1.0,135.0
169033,9999,1.0,510.0
169034,9999,1.0,203.0
169035,9999,1.0,205.0
169035,9999,1.0,194.0
169035,9999,3.0,279.0
169036,9999,1.0,365.0
169037,9999,1.0,454.0
169038,9999,1.0,427.0
169039,9999,0.75,30.0
169040,9999,2.0,35.0
169040,9999,1.0,57.0
169041,9999,0.75,55.0
169042,9999,1.0,30.8
169042,9999,1.0,246.0
169043,9999,1.0,30.8
169043,9999,1.0,246.0
169044,9999,1.0,249.0
169044,9999,1.0,31.1
169044,9999,1.0,263.0
169045,9999,1.0,28.35
169046,9999,1.0,34.0
169046,9999,10.0,12.0
169047,9999,1.0,1.7
169048,9999,1.0,3.7
169049,9999,1.0,14.0
169049,9999,1.0,113.0
169050,9999,1.0,113.0
169050,9999,1.0,18.0
169050,9999,1.0,28.0
169051,9999,1.0,113.0
169052,9999,1.0,14.0
169053,9999,1.0,14.0
169054,9999,1.0,16.0
169054,9999,1.0,113.0
169054,9999,1.0,113.0
169054,9999,1.0,113.0
169055,9999,1.0,14.7
169055,9999,1.0,235.0
169055,9999,1.0,30.0
169056,9999,1.0,19.0
169056,9999,1.0,289.0
169057,9999,1.0,15.0
169057,9999,1.0,245.0
169058,9999,1.0,224.0
169058,9999,1.0,14.0
169059,9999,1.0,14.0
169060,9999,1.0,14.0
169061,9999,1.0,182.0
169061,9999,1.0,5.0
169062,9999,1.0,85.0
169062,9999,1.0,264.0
169063,9999,1.0,43.0
169064,9999,1.0,143.0
169064,9999,1.0,115.0
169064,9999,1.0,62.0
169065,9999,1.0,253.0
169066,9999,1.0,14.0
169067,9999,1.0,144.0
169068,9999,1.0,85.0
169069,9999,1.0,15.0
169070,9999,1.0,4.9
169070,9999,1.0,29.0
169071,9999,1.0,29.5
169071,9999,1.0,148.0
169072,9999,1.0,1.0
169072,9999,1.0,0.8
169073,9999,1.0,7.4
169073,9999,1.0,37.0
169074,9999,1.0,245.0
169075,9999,0.67,55.0
169076,9999,1.0,122.0
169077,9999,1.0,55.0
169078,9999,4.0,113.0
169078,9999,1.0,226.0
169079,9999,1.0,15.0
169079,9999,1.0,240.0
169079,9999,1.0,10.0
169080,9999,1.0,140.0
169080,9999,1.0,113.0
169080,9999,1.0,18.0
169080,9999,1.0,21.0
169081,9999,1.0,28.35
169081,9999,1.0,240.0
169082,9999,1.0,22.0
169083,9999,1.0,225.0
169084,9999,1.0,180.0
169085,9999,1.0,182.0
169086,9999,1.0,190.0
169086,9999,1.0,9.6
169087,9999,1.0,2.5
169088,9999,1.0,147.0
169089,9999,1.0,3.2
169090,9999,1.0,196.0
169090,9999,1.0,216.0
169092,9999,1.0,177.0
169092,9999,1.0,160.0
169092,9999,1.0,156.0
169092,9999,1.0,814.0
169092,9999,1.0,102.0
169092,9999,1.0,552.0
169092,9999,1.0,69.0
169092,9999,1.0,441.0
169092,9999,1.0,55.0
169092,9999,10.0,138.0
169092,9999,1.0,134.0
169093,9999,1.0,170.0
169093,9999,1.0,1640.0
169093,9999,0.1,164.0
169094,9999,1.0,8.4
169094,9999,1.0,4.4
169094,9999,1.0,3.2
169095,9999,1.0,15.0
169095,9999,1.0,8.3
169096,9999,1.0,2.7
169097,9999,1.0,180.0
169097,9999,1.0,184.0
169097,9999,1.0,96.0
169097,9999,1.0,131.0
169098,9999,1.0,248.0
169098,9999,1.0,31.0
169098,9999,1.0,86.0
169099,9999,1.0,249.0
169099,9999,1.0,31.1
169099,9999,1.0,263.0
169100,9999,1.0,249.0
169100,9999,1.0,31.1
169101,9999,1.0,249.0
169101,9999,1.0,31.1
169102,9999,1.0,249.0
169102,9999,1.0,31.1
169103,9999,1.0,6.0
169103,9999,1.0,2.0
169104,9999,1.0,247.0
169104,9999,1.0,30.9
169105,9999,1.0,195.0
169105,9999,1.0,76.0
169105,9999,1.0,88.0
169105,9999,1.0,120.0
169105,9999,1.0,109.0
169106,9999,1.0,249.0
169107,9999,1.0,250.0
169107,9999,1.0,31.2
169108,9999,1.0,236.0
169108,9999,1.0,18.0
169109,9999,1.0,247.0
169109,9999,1.0,30.9
169110,9999,1.0,247.0
169110,9999,1.0,30.9
169111,9999,1.0,251.0
169111,9999,1.0,98.0
169112,9999,1.0,262.0
169112,9999,1.0,98.0
169113,9999,1.0,262.0
169114,9999,1.0,242.0
169115,9999,1.0,270.0
169116,9999,1.0,250.0
169116,9999,10.0,155.0
169116,9999,1.0,284.0
169117,9999,1.0,258.0
169118,9999,1.0,140.0
169118,9999,1.0,161.0
169118,9999,1.0,148.0
169118,9999,1.0,178.0
169118,9999,1.0,230.0
169118,9999,1.0,166.0
169119,9999,1.0,244.0
169119,9999,1.0,76.0
169120,9999,1.0,266.0
169120,9999,1.0,79.0
169121,9999,1.0,180.0
169121,9999,1.0,18.0
169121,9999,10.0,175.0
169122,9999,1.0,255.0
169123,9999,1.0,280.0
169124,9999,1.0,165.0
169124,9999,1.0,905.0
169124,9999,1.0,166.0
169124,9999,1.0,84.0
169124,9999,1.0,56.0
169125,9999,1.0,246.0
169125,9999,1.0,47.0
169126,9999,1.0,249.0
169126,9999,1.0,47.0
169127,9999,1.0,252.0
169127,9999,1.0,48.0
169128,9999,1.0,250.0
169128,9999,1.0,31.2
169129,9999,1.0,173.0
169129,9999,1.0,7.0
169130,9999,1.0,270.0
169130,9999,1.0,148.0
169131,9999,1.0,139.0
169131,9999,10.0,105.0
169132,9999,1.0,258.0
169132,9999,1.0,46.0
169133,9999,1.0,261.0
169134,9999,0.5,87.0
169134,9999,1.0,282.0
169135,9999,1.0,170.0
169136,9999,0.5,124.0
169136,9999,1.0,454.0
169137,9999,1.0,124.0
169138,9999,1.0,124.0
169139,9999,1.0,104.0
169141,9999,1.0,125.0
169142,9999,1.0,240.0
169142,9999,1.0,423.0
169143,9999,1.0,135.0
169143,9999,10.0,62.0
169143,9999,1.0,262.0
169144,9999,0.5,114.0
169144,9999,1.0,439.0
169145,9999,1.0,136.0
169145,9999,1.0,82.0
169146,9999,0.5,85.0
169146,9999,2.0,100.0
169147,9999,1.0,246.0
169148,9999,3.0,85.0
169148,9999,1.0,1867.0
169149,9999,3.0,85.0
169150,9999,3.0,85.0
169150,9999,1.0,3204.0
169151,9999,3.0,85.0
169152,9999,3.0,85.0
169152,9999,1.0,453.6
169153,9999,3.0,85.0
169154,9999,3.0,85.0
169155,9999,3.0,85.0
169156,9999,3.0,85.0
169157,9999,3.0,117.0
169158,9999,3.0,85.0
169158,9999,1.0,366.0
169159,9999,3.0,85.0
169159,9999,1.0,453.6
169160,9999,3.0,85.0
169160,9999,1.0,453.6
169161,9999,3.0,85.0
169161,9999,1.0,453.6
169162,9999,3.0,85.0
169162,9999,1.0,453.6
169163,9999,3.0,85.0
169163,9999,1.0,453.6
169164,9999,3.0,85.0
169164,9999,1.0,2970.0
169165,9999,3.0,85.0
169165,9999,1.0,3054.0
169166,9999,3.0,85.0
169166,9999,1.0,436.0
169167,9999,3.0,85.0
169167,9999,1.0,189.0
169168,9999,3.0,85.0
169168,9999,1.0,136.0
169169,9999,3.0,85.0
169169,9999,1.0,1995.0
169170,9999,3.0,85.0
169170,9999,1.0,2673.0
169171,9999,3.0,85.0
169171,9999,1.0,3170.0
169172,9999,3.0,85.0
169172,9999,1.0,445.0
169173,9999,3.0,85.0
169173,9999,1.0,2874.0
169174,9999,3.0,85.0
169174,9999,1.0,453.6
169175,9999,3.0,85.0
169175,9999,1.0,2800.0
169176,9999,3.0,85.0
169176,9999,1.0,453.6
169177,9999,3.0,85.0
169177,9999,1.0,425.0
169178,9999,3.0,85.0
169179,9999,4.0,113.0
169179,9999,1.0,453.0
169180,9999,3.0,85.0
169181,9999,4.0,113.0
169181,9999,1.0,146.0
169182,9999,1.0,146.0
169183,9999,3.0,85.0
169183,9999,1.0,107.0
169184,9999,4.0,113.0
169184,9999,1.0,537.0
169185,9999,3.0,85.0
169185,9999,1.0,508.0
169186,9999,4.0,113.0
169186,9999,1.0,231.0
169187,9999,3.0,85.0
169187,9999,1.0,430.0
169188,9999,3.0,85.0
169188,9999,1.0,373.0
169189,9999,1.0,92.0
169190,9999,4.0,113.0
169191,9999,4.0,113.0
169192,9999,3.0,85.0
169193,9999,3.0,85.0
169194,9999,4.0,113.0
169194,9999,1.0,176.0
169195,9999,3.0,85.0
169195,9999,1.0,848.0
169196,9999,3.0,85.0
169196,9999,1.0,131.0
169197,9999,3.0,85.0
169197,9999,1.0,122.0
169198,9999,3.0,85.0
169198,9999,1.0,848.0
169199,9999,3.0,85.0
169199,9999,1.0,122.0
169200,9999,3.0,85.0
169200,9999,1.0,122.0
169201,9999,3.0,85.0
169201,9999,1.0,138.0
169202,9999,1.0,132.0
169203,9999,1.0,25.0
169203,9999,1.0,12.0
169204,9999,1.0,12.0
169205,9999,1.0,128.0
169205,9999,1.0,162.0
169206,9999,0.5,122.0
169206,9999,1.0,411.0
169207,9999,1.0,242.0
169207,9999,1.0,18.0
169207,9999,1.0,248.0
169208,9999,4.0,58.0
169208,9999,1.0,284.0
169209,9999,1.0,180.0
169209,9999,1.0,293.0
169209,9999,4.0,60.0
169210,9999,1.0,151.0
169210,9999,0.5,76.0
169211,9999,1.0,120.0
169211,9999,1.0,144.0
169212,9999,1.0,131.0
169212,9999,1.0,262.0
169213,9999,1.0,184.0
169214,9999,1.0,164.0
169214,9999,1.0,211.0
169214,9999,1.0,298.0
169215,9999,1.0,256.0
169215,9999,1.0,482.0
169216,9999,1.0,210.0
169216,9999,1.0,425.0
169216,9999,1.0,340.0
169217,9999,1.0,141.0
169218,9999,1.0,227.0
169219,9999,1.0,56.0
169220,9999,1.0,145.0
169221,9999,1.0,95.0
169222,9999,1.0,91.0
169222,9999,1.0,12.0
169223,9999,1.0,104.0
169223,9999,1.0,14.0
169224,9999,1.0,36.0
169224,9999,1.0,3.0
169225,9999,1.0,133.0
169225,9999,1.0,119.0
169225,9999,1.0,280.0
169225,9999,1.0,201.0
169225,9999,1.0,7.0
169225,9999,1.0,158.0
169225,9999,1.0,9.0
169226,9999,1.0,55.0
169227,9999,1.0,105.0
169228,9999,1.0,82.0
169228,9999,1.0,458.0
169228,9999,1.0,548.0
169229,9999,1.0,99.0
169230,9999,1.0,136.0
169230,9999,1.0,2.8
169230,9999,1.0,3.0
169230,9999,3.0,9.0
169231,9999,1.0,2.0
169231,9999,0.25,24.0
169231,9999,5.0,11.0
169232,9999,0.5,58.0
169232,9999,1.0,771.0
169233,9999,1.0,146.0
169234,9999,1.0,80.0
169235,9999,1.0,87.0
169236,9999,1.0,150.0
169237,9999,1.0,99.0
169237,9999,1.0,6.0
169238,9999,1.0,118.0
169239,9999,0.0,94.0
169239,9999,0.33,67.0
169239,9999,1.0,284.0
169240,9999,1.0,118.0
169241,9999,1.0,6.3
169241,9999,0.5,27.0
169242,9999,1.0,19.0
169243,9999,1.0,121.0
169245,9999,1.0,180.0
169246,9999,1.0,89.0
169246,9999,1.0,89.0
169246,9999,1.0,6.0
169247,9999,1.0,47.0
169247,9999,1.0,6.0
169247,9999,1.0,28.0
169247,9999,1.0,626.0
169247,9999,1.0,85.0
169248,9999,1.0,72.0
169248,9999,1.0,57.0
169248,9999,1.0,755.0
169248,9999,1.0,539.0
169248,9999,1.0,324.0
169248,9999,1.0,15.0
169248,9999,1.0,8.0
169248,9999,1.0,5.0
169248,9999,1.0,89.0
169249,9999,1.0,36.0
169249,9999,1.0,360.0
169249,9999,1.0,4.8
169249,9999,1.0,24.0
169250,9999,10.0,81.0
169250,9999,1.0,115.0
169251,9999,1.0,70.0
169251,9999,1.0,96.0
169251,9999,1.0,23.0
169251,9999,1.0,18.0
169251,9999,1.0,6.0
169251,9999,1.0,10.0
169251,9999,0.5,35.0
169252,9999,1.0,156.0
169252,9999,1.0,9.8
169252,9999,1.0,12.0
169253,9999,1.0,108.0
169254,9999,1.0,156.0
169254,9999,1.0,132.0
169254,9999,1.0,16.0
169254,9999,1.0,12.0
169254,9999,1.0,7.0
169254,9999,10.0,40.0
169254,9999,8.0,47.0
169254,9999,0.5,78.0
169255,9999,1.0,86.0
169255,9999,1.0,84.0
169256,9999,1.0,56.0
169257,9999,1.0,140.0
169258,9999,1.0,146.0
169258,9999,1.0,284.0
169259,9999,1.0,150.0
169259,9999,1.0,212.0
169260,9999,1.0,100.0
169260,9999,8.0,95.0
169261,9999,0.5,80.0
169261,9999,8.0,85.0
169262,9999,0.33,95.0
169262,9999,1.0,284.0
169262,9999,1.0,1361.0
169263,9999,0.5,92.0
169263,9999,1.0,255.0
169264,9999,10.0,76.0
169264,9999,1.0,198.0
169265,9999,10.0,65.0
169265,9999,1.0,255.0
169266,9999,10.0,50.0
169266,9999,1.0,198.0
169267,9999,10.0,65.0
169267,9999,1.0,255.0
169268,9999,10.0,50.0
169268,9999,1.0,198.0
169269,9999,1.0,250.0
169270,9999,1.0,33.0
169270,9999,1.0,2.0
169271,9999,1.0,134.0
169272,9999,1.0,39.0
169273,9999,1.0,270.0
169274,9999,1.0,43.0
169274,9999,1.0,3.0
169275,9999,1.0,115.0
169275,9999,1.0,431.0
169276,9999,1.0,116.0
169276,9999,1.0,9.0
169276,9999,1.0,4.5
169276,9999,1.0,1.0
169276,9999,1.0,2.0
169276,9999,0.5,58.0
169277,9999,1.0,133.0
169278,9999,1.0,135.0
169279,9999,1.0,142.0
169279,9999,1.0,236.0
169280,9999,2.0,10.0
169281,9999,1.0,104.0
169282,9999,1.0,256.0
169283,9999,1.0,180.0
169284,9999,0.5,35.0
169284,9999,10.0,10.0
169285,9999,1.0,234.0
169286,9999,1.0,214.0
169287,9999,1.0,156.0
169287,9999,1.0,284.0
169288,9999,0.5,95.0
169288,9999,1.0,220.0
169289,9999,1.0,130.0
169290,9999,1.0,240.0
169290,9999,1.0,180.0
169291,9999,1.0,124.0
169291,9999,1.0,113.0
169291,9999,1.0,323.0
169291,9999,1.0,196.0
169291,9999,1.0,9.9
169291,9999,1.0,118.0
169292,9999,1.0,180.0
169292,9999,0.5,120.0
169293,9999,1.0,205.0
169294,9999,1.0,245.0
169295,9999,1.0,140.0
169296,9999,1.0,205.0
169297,9999,1.0,236.0
169298,9999,1.0,101.0
169299,9999,1.0,155.0
169301,9999,1.0,56.0
169301,9999,1.0,13.0
169302,9999,1.0,98.0
169303,9999,1.0,35.0
169303,9999,1.0,16.0
169304,9999,1.0,64.0
169305,9999,1.0,255.0
169305,9999,1.0,496.0
169306,9999,1.0,176.0
169307,9999,1.0,176.0
169308,9999,1.0,104.0
169309,9999,1.0,140.0
169310,9999,1.0,125.0
169311,9999,1.0,120.0
169311,9999,0.5,84.0
169312,9999,1.0,168.0
169312,9999,1.0,240.0
169312,9999,0.33,80.0
169313,9999,0.5,90.0
169313,9999,4.0,60.0
169314,9999,0.5,122.0
169314,9999,1.0,411.0
169316,9999,1.0,170.0
169317,9999,1.0,248.0
169317,9999,1.0,454.0
169318,9999,1.0,180.0
169318,9999,1.0,311.0
169320,9999,1.0,100.0
169320,9999,10.0,55.0
169321,9999,1.0,125.0
169322,9999,1.0,125.0
169323,9999,1.0,125.0
169324,9999,1.0,121.0
169324,9999,1.0,284.0
169325,9999,1.0,135.0
169326,9999,1.0,135.0
169327,9999,1.0,135.0
169330,9999,1.0,71.0
169330,9999,1.0,11.0
169331,9999,1.0,114.0
169332,9999,1.0,155.0
169333,9999,1.0,125.0
169333,9999,1.0,166.0
169335,9999,0.5,35.0
169335,9999,1.0,908.0
169336,9999,0.5,35.0
169336,9999,1.0,908.0
169337,9999,1.0,119.0
169337,9999,1.0,14.0
169339,9999,1.0,9.7
169339,9999,0.5,78.0
169339,9999,1.0,46.0
169340,9999,0.5,123.0
169340,9999,1.0,454.0
169341,9999,1.0,155.0
169342,9999,1.0,150.0
169342,9999,2.0,75.0
169343,9999,1.0,175.0
169344,9999,1.0,160.0
169345,9999,1.0,256.0
169345,9999,1.0,482.0
169346,9999,1.0,256.0
169346,9999,1.0,482.0
169347,9999,1.0,210.0
169347,9999,1.0,340.0
169348,9999,1.0,165.0
169348,9999,1.0,284.0
169349,9999,1.0,165.0
169349,9999,1.0,63.0
169350,9999,1.0,135.0
169351,9999,1.0,105.0
169352,9999,1.0,99.0
169353,9999,1.0,146.0
169354,9999,1.0,87.0
169355,9999,1.0,118.0
169356,9999,1.0,118.0
169357,9999,1.0,165.0
169359,9999,1.0,104.0
169359,9999,1.0,14.0
169360,9999,1.0,256.0
169360,9999,1.0,482.0
169361,9999,1.0,164.0
169361,9999,1.0,298.0
169362,9999,1.0,256.0
169362,9999,1.0,482.0
169363,9999,1.0,256.0
169363,9999,1.0,482.0
169364,9999,1.0,165.0
169364,9999,1.0,284.0
169365,9999,1.0,165.0
169365,9999,1.0,125.0
169366,9999,1.0,165.0
169366,9999,1.0,63.0
169367,9999,1.0,165.0
169367,9999,1.0,63.0
169368,9999,1.0,104.0
169369,9999,1.0,94.0
169372,9999,1.0,210.0
169373,9999,1.0,0.4
169373,9999,0.25,1.6
169374,9999,1.0,153.0
169374,9999,10.0,62.0
169374,9999,1.0,262.0
169375,9999,1.0,153.0
169375,9999,10.0,62.0
169375,9999,1.0,262.0
169376,9999,1.0,70.0
169376,9999,1.0,96.0
169376,9999,1.0,23.0
169376,9999,1.0,6.0
169376,9999,1.0,18.0
169376,9999,1.0,10.0
169377,9999,1.0,121.0
169378,9999,1.0,160.0
169378,9999,1.0,153.0
169378,9999,1.0,35.0
169378,9999,1.0,25.0
169378,9999,1.0,6.0
169378,9999,1.0,7.5
169378,9999,1.0,15.0
169378,9999,1.0,20.0
169379,9999,1.0,155.0
169379,9999,1.0,135.0
169379,9999,1.0,65.0
169379,9999,1.0,7.0
169379,9999,1.0,37.0
169379,9999,1.0,30.0
169380,9999,1.0,6.0
169380,9999,1.0,35.0
169380,9999,1.0,15.0
169380,9999,1.0,35.0
169380,9999,1.0,170.0
169380,9999,1.0,160.0
169381,9999,1.0,17.0
169381,9999,1.0,9.0
169381,9999,1.0,240.0
169382,9999,1.0,5.0
169382,9999,1.0,3.0
169382,9999,1.0,64.0
169382,9999,1.0,65.0
169383,9999,1.0,186.0
169383,9999,10.0,52.0
169384,9999,1.0,110.0
169384,9999,1.0,3.0
169385,9999,1.0,87.0
169385,9999,1.0,234.0
169386,9999,1.0,15.0
169386,9999,0.5,122.0
169387,9999,1.0,2.0
169387,9999,0.5,10.0
169388,9999,1.0,149.0
169388,9999,1.0,29.0
169389,9999,1.0,64.0
169389,9999,1.0,25.0
169389,9999,1.0,511.0
169389,9999,1.0,431.0
169389,9999,1.0,325.0
169390,9999,0.2,90.0
169391,9999,0.5,62.0
169392,9999,1.0,88.0
169393,9999,1.0,4.0
169394,9999,1.0,124.0
169394,9999,1.0,33.0
169394,9999,1.0,46.0
169394,9999,1.0,75.0
169395,9999,1.0,105.0
169395,9999,1.0,6.1
169396,9999,1.0,17.0
169397,9999,1.0,245.0
169398,9999,1.0,0.8
169398,9999,1.0,2.0
169399,9999,1.0,23.0
169399,9999,1.0,22.0
169400,9999,1.0,44.0
169400,9999,1.0,17.0
169401,9999,1.0,135.0
169401,9999,1.0,305.0
169403,9999,1.0,70.0
169403,9999,1.0,1.1
169406,9999,1.0,14.0
169406,9999,1.0,28.35
169407,9999,1.0,108.0
169407,9999,1.0,28.35
169408,9999,1.0,155.0
169408,9999,1.0,28.35
169409,9999,1.0,240.0
169409,9999,1.0,15.0
169410,9999,1.0,15.0
169410,9999,1.0,28.35
169411,9999,1.0,28.35
169412,9999,1.0,150.0
169412,9999,1.0,8.0
169412,9999,1.0,2.7
169413,9999,1.0,28.35
169414,9999,1.0,10.3
169414,9999,1.0,168.0
169414,9999,1.0,7.0
169414,9999,1.0,3.4
169414,9999,1.0,2.5
169415,9999,1.0,118.0
169415,9999,1.0,28.35
169416,9999,1.0,128.0
169416,9999,1.0,28.35
169417,9999,1.0,128.0
169417,9999,1.0,28.35
169417,9999,1.0,27.0
169418,9999,1.0,128.0
169418,9999,1.0,28.35
169419,9999,1.0,157.0
169419,9999,1.0,28.35
169420,9999,1.0,28.0
169421,9999,1.0,137.0
169421,9999,1.0,28.35
169422,9999,1.0,129.0
169422,9999,1.0,129.0
169422,9999,1.0,28.35
169423,9999,1.0,144.0
169423,9999,1.0,28.35
169424,9999,1.0,28.35
169425,9999,1.0,110.0
169425,9999,1.0,28.35
169426,9999,1.0,123.0
169426,9999,1.0,28.35
169426,9999,1.0,0.7
169427,9999,1.0,28.35
169428,9999,1.0,28.35
169429,9999,4.0,113.0
169429,9999,1.0,214.0
169430,9999,1.0,28.35
169430,9999,1.0,453.6
169431,9999,1.0,28.35
169431,9999,1.0,453.6
169432,9999,3.0,85.0
169432,9999,1.0,350.0
169433,9999,1.0,28.35
169433,9999,4.0,113.0
169433,9999,1.0,202.0
169434,9999,3.0,85.0
169434,9999,1.0,262.0
169435,9999,3.0,85.0
169435,9999,1.0,387.0
169436,9999,3.0,85.0
169436,9999,1.0,236.0
169437,9999,1.0,28.35
169437,9999,1.0,453.6
169438,9999,3.0,85.0
169438,9999,1.0,236.0
169439,9999,4.0,113.0
169439,9999,1.0,453.6
169440,9999,3.0,85.0
169440,9999,1.0,293.0
169441,9999,1.0,28.35
169441,9999,1.0,453.6
169442,9999,3.0,85.0
169442,9999,1.0,170.0
169443,9999,4.0,113.0
169443,9999,1.0,539.0
169444,9999,3.0,85.0
169444,9999,1.0,647.0
169445,9999,4.0,113.0
169445,9999,1.0,679.0
169445,9999,1.0,960.0
169446,9999,4.0,113.0
169446,9999,1.0,648.0
169446,9999,1.0,949.0
169447,9999,3.0,85.0
169447,9999,1.0,313.0
169448,9999,3.0,85.0
169449,9999,1.0,28.35
169449,9999,4.0,113.0
169450,9999,3.0,85.0
169451,9999,4.0,113.0
169452,9999,1.0,28.35
169452,9999,4.0,113.0
169453,9999,3.0,85.0
169453,9999,1.0,222.0
169454,9999,1.0,28.35
169454,9999,4.0,113.0
169455,9999,3.0,85.0
169455,9999,1.0,164.0
169456,9999,3.0,85.0
169456,9999,1.0,150.0
169457,9999,3.0,85.0
169457,9999,1.0,384.0
169458,9999,3.0,85.0
169458,9999,1.0,393.0
169459,9999,3.0,85.0
169459,9999,1.0,453.6
169460,9999,3.0,85.0
169460,9999,1.0,453.6
169461,9999,3.0,85.0
169461,9999,1.0,453.6
169462,9999,4.0,113.0
169462,9999,1.0,534.0
169463,9999,3.0,85.0
169463,9999,1.0,85.0
169463,9999,1.0,256.0
169464,9999,3.0,85.0
169464,9999,1.0,453.6
169465,9999,3.0,85.0
169465,9999,1.0,453.6
169466,9999,3.0,85.0
169466,9999,1.0,453.6
169467,9999,3.0,85.0
169467,9999,1.0,368.0
169468,9999,3.0,85.0
169468,9999,1.0,85.0
169468,9999,1.0,264.0
169469,9999,3.0,85.0
169469,9999,1.0,247.0
169470,9999,4.0,113.0
169470,9999,1.0,1289.0
169471,9999,3.0,85.0
169471,9999,1.0,284.0
169472,9999,3.0,85.0
169472,9999,1.0,269.0
169473,9999,3.0,85.0
169473,9999,1.0,139.0
169474,9999,3.0,85.0
169474,9999,1.0,284.0
169475,9999,3.0,85.0
169475,9999,1.0,177.0
169476,9999,3.0,85.0
169476,9999,1.0,199.0
169477,9999,4.0,113.0
169477,9999,1.0,1438.0
169478,9999,4.0,113.0
169478,9999,1.0,1432.0
169479,9999,3.0,85.0
169479,9999,1.0,186.0
169480,9999,4.0,113.0
169480,9999,1.0,1027.0
169480,9999,1.0,1316.0
169481,9999,4.0,113.0
169482,9999,4.0,113.0
169482,9999,1.0,1106.0
169482,9999,1.0,1320.0
169483,9999,4.0,113.0
169484,9999,3.0,85.0
169485,9999,4.0,113.0
169486,9999,3.0,85.0
169487,9999,4.0,113.0
169488,9999,3.0,85.0
169488,9999,1.0,380.0
169489,9999,4.0,113.0
169489,9999,1.0,453.6
169490,9999,3.0,85.0
169490,9999,1.0,332.0
169491,9999,4.0,113.0
169491,9999,1.0,453.6
169492,9999,3.0,85.0
169492,9999,1.0,257.0
169493,9999,4.0,113.0
169493,9999,1.0,453.6
169494,9999,3.0,85.0
169494,9999,1.0,247.0
169495,9999,4.0,113.0
169495,9999,1.0,453.6
169496,9999,3.0,85.0
169496,9999,1.0,586.0
169497,9999,3.0,85.0
169497,9999,1.0,645.0
169498,9999,1.0,28.35
169498,9999,1.0,453.6
169499,9999,3.0,85.0
169499,9999,1.0,267.0
169500,9999,3.0,85.0
169500,9999,1.0,289.0
169501,9999,3.0,85.0
169501,9999,1.0,264.0
169502,9999,3.0,85.0
169502,9999,1.0,289.0
169503,9999,4.0,113.0
169503,9999,1.0,453.6
169504,9999,3.0,85.0
169504,9999,1.0,274.0
169505,9999,1.0,28.35
169505,9999,1.0,453.6
169506,9999,3.0,85.0
169506,9999,1.0,267.0
169507,9999,3.0,85.0
169507,9999,1.0,296.0
169508,9999,1.0,28.35
169508,9999,1.0,453.6
169509,9999,4.0,113.0
169509,9999,1.0,453.6
169510,9999,3.0,85.0
169510,9999,1.0,268.0
169511,9999,3.0,85.0
169511,9999,1.0,282.0
169512,9999,4.0,113.0
169512,9999,1.0,453.6
169513,9999,3.0,85.0
169513,9999,1.0,285.0
169514,9999,4.0,113.0
169514,9999,1.0,453.6
169515,9999,3.0,85.0
169515,9999,1.0,268.0
169516,9999,3.0,85.0
169516,9999,1.0,276.0
169517,9999,4.0,113.0
169517,9999,1.0,453.6
169518,9999,3.0,85.0
169518,9999,1.0,313.0
169519,9999,4.0,113.0
169519,9999,1.0,453.6
169520,9999,3.0,85.0
169520,9999,1.0,281.0
169521,9999,3.0,85.0
169521,9999,1.0,226.0
169522,9999,3.0,85.0
169522,9999,1.0,338.0
169522,9999,1.0,636.0
169523,9999,4.0,113.0
169523,9999,1.0,453.6
169524,9999,3.0,85.0
169524,9999,1.0,333.0
169525,9999,4.0,113.0
169525,9999,1.0,453.6
169526,9999,3.0,85.0
169526,9999,1.0,326.0
169527,9999,4.0,113.0
169527,9999,1.0,453.6
169528,9999,3.0,85.0
169528,9999,1.0,325.0
169529,9999,4.0,113.0
169529,9999,1.0,453.6
169530,9999,3.0,85.0
169530,9999,1.0,286.0
169531,9999,3.0,85.0
169531,9999,1.0,326.0
169532,9999,4.0,113.0
169532,9999,1.0,453.6
169533,9999,3.0,85.0
169533,9999,1.0,359.0
169533,9999,1.0,329.0
169534,9999,4.0,113.0
169534,9999,1.0,453.6
169535,9999,3.0,85.0
169535,9999,1.0,332.0
169536,9999,4.0,113.0
169536,9999,1.0,252.0
169537,9999,3.0,85.0
169537,9999,1.0,360.0
169538,9999,4.0,113.0
169539,9999,3.0,85.0
169539,9999,1.0,213.0
169540,9999,4.0,113.0
169540,9999,1.0,301.0
169541,9999,3.0,85.0
169541,9999,1.0,167.0
169542,9999,4.0,113.0
169542,9999,1.0,164.0
169543,9999,3.0,85.0
169543,9999,1.0,104.0
169544,9999,3.0,85.0
169544,9999,1.0,330.0
169545,9999,4.0,113.0
169545,9999,1.0,177.0
169546,9999,3.0,85.0
169546,9999,1.0,329.0
169547,9999,1.0,28.35
169547,9999,1.0,453.6
169548,9999,3.0,85.0
169548,9999,1.0,106.0
169549,9999,3.0,85.0
169549,9999,1.0,326.0
169550,9999,3.0,85.0
169550,9999,1.0,307.0
169551,9999,4.0,113.0
169551,9999,1.0,594.0
169552,9999,3.0,85.0
169552,9999,1.0,485.0
169553,9999,3.0,85.0
169554,9999,3.0,85.0
169554,9999,1.0,379.0
169555,9999,3.0,85.0
169555,9999,1.0,247.0
169556,9999,3.0,85.0
169556,9999,1.0,231.0
169557,9999,3.0,85.0
169557,9999,1.0,233.0
169558,9999,3.0,85.0
169558,9999,1.0,569.0
169559,9999,4.0,113.0
169559,9999,1.0,252.0
169560,9999,3.0,85.0
169560,9999,1.0,277.0
169561,9999,3.0,85.0
169562,9999,4.0,113.0
169563,9999,4.0,113.0
169563,9999,1.0,188.0
169564,9999,4.0,113.0
169564,9999,1.0,173.0
169565,9999,4.0,113.0
169565,9999,1.0,1289.0
169566,9999,4.0,113.0
169566,9999,1.0,1263.0
169567,9999,3.0,85.0
169567,9999,1.0,272.0
169568,9999,3.0,85.0
169568,9999,1.0,315.0
169569,9999,3.0,85.0
169569,9999,1.0,289.0
169570,9999,4.0,113.0
169570,9999,1.0,514.0
169571,9999,3.0,85.0
169571,9999,1.0,85.0
169571,9999,1.0,569.0
169572,9999,1.0,29.5
169572,9999,12.0,354.0
169573,9999,1.0,30.5
169573,9999,1.0,207.0
169574,9999,1.0,30.2
169574,9999,1.0,60.0
169575,9999,1.0,29.5
169575,9999,12.0,354.0
169576,9999,1.0,180.0
169576,9999,10.0,10.0
169577,9999,1.0,73.0
169577,9999,1.0,15.0
169577,9999,1.0,28.35
169577,9999,1.0,240.0
169578,9999,1.0,314.0
169578,9999,1.0,20.0
169579,9999,1.0,78.0
169580,9999,1.0,12.0
169580,9999,1.0,612.0
169581,9999,1.0,14.0
169581,9999,1.0,340.0
169582,9999,1.0,54.0
169582,9999,1.0,18.0
169582,9999,10.0,20.0
169582,9999,1.0,170.0
169583,9999,1.0,48.0
169583,9999,1.0,42.0
169583,9999,1.0,208.0
169583,9999,1.0,21.0
169583,9999,10.0,7.0
169584,9999,1.0,14.0
169585,9999,1.0,28.35
169585,9999,1.0,40.0
169585,9999,1.0,45.0
169585,9999,1.0,50.0
169586,9999,1.0,28.35
169587,9999,1.0,45.0
169587,9999,1.0,48.0
169587,9999,1.0,45.0
169588,9999,1.0,28.35
169588,9999,1.0,1.8
169588,9999,20.0,35.0
169589,9999,1.0,57.0
169589,9999,1.0,15.0
169589,9999,1.0,113.0
169590,9999,1.0,40.0
169590,9999,1.0,59.0
169590,9999,1.0,5.0
169591,9999,1.0,30.0
169591,9999,1.0,15.0
169591,9999,1.0,55.0
169592,9999,1.0,41.0
169592,9999,1.0,73.0
169592,9999,3.0,42.0
169592,9999,1.0,17.0
169593,9999,1.0,86.0
169593,9999,1.0,5.4
169594,9999,1.0,86.0
169594,9999,1.0,5.4
169595,9999,0.5,141.0
169595,9999,1.0,563.0
169596,9999,0.5,135.0
169596,9999,1.0,21.0
169596,9999,1.0,540.0
169597,9999,1.0,6.4
169598,9999,0.5,117.0
169598,9999,1.0,469.0
169599,9999,1.0,7.0
169599,9999,1.0,28.0
169600,9999,0.5,147.0
169600,9999,1.0,587.0
169601,9999,0.5,141.0
169601,9999,1.0,844.0
169602,9999,1.0,85.0
169602,9999,1.0,21.0
169603,9999,1.0,99.0
169603,9999,1.0,25.0
169604,9999,0.5,142.0
169604,9999,1.0,570.0
169605,9999,0.5,128.0
169606,9999,1.0,92.0
169606,9999,1.0,23.0
169607,9999,0.5,128.0
169608,9999,1.0,28.35
169608,9999,1.0,110.0
169608,9999,1.0,97.0
169609,9999,1.0,88.0
169609,9999,1.0,22.0
169610,9999,0.5,140.0
169610,9999,1.0,559.0
169611,9999,0.5,128.0
169612,9999,0.5,128.0
169613,9999,1.0,51.0
169614,9999,1.0,28.35
169614,9999,1.0,110.0
169614,9999,1.0,97.0
169615,9999,0.5,140.0
169615,9999,1.0,559.0
169616,9999,1.0,9.0
169616,9999,1.0,57.0
169617,9999,0.0,142.0
169618,9999,0.08,38.0
169618,9999,2.0,35.0
169618,9999,1.0,462.0
169619,9999,2.0,33.0
169619,9999,2.0,24.0
169620,9999,0.08,38.0
169620,9999,2.0,33.0
169620,9999,1.0,462.0
169621,9999,0.0,141.0
169622,9999,17.0,39.0
169623,9999,16.0,39.0
169624,9999,1.0,54.0
169624,9999,2.0,34.0
169625,9999,1.0,388.0
169626,9999,1.0,315.0
169626,9999,0.08,26.0
169627,9999,18.0,40.0
169628,9999,1.0,42.0
169629,9999,1.0,55.0
169629,9999,1.0,79.0
169630,9999,2.0,56.0
169631,9999,1.0,68.0
169632,9999,1.0,77.0
169632,9999,1.0,92.0
169633,9999,1.0,72.0
169634,9999,1.0,40.0
169635,9999,1.0,21.0
169636,9999,1.0,21.0
169636,9999,1.0,14.2
169637,9999,1.0,28.35
169638,9999,0.5,99.0
169639,9999,1.0,40.0
169640,9999,1.0,339.0
169640,9999,1.0,21.0
169640,9999,1.0,14.0
169641,9999,1.0,20.0
169641,9999,1.0,14.0
169642,9999,1.0,21.0
169642,9999,1.0,14.0
169643,9999,1.0,39.0
169644,9999,1.0,39.0
169645,9999,1.0,41.0
169646,9999,1.0,40.0
169647,9999,1.0,59.0
169648,9999,1.0,99.0
169648,9999,1.0,25.0
169649,9999,0.5,127.0
169650,9999,1.0,88.0
169650,9999,1.0,22.0
169651,9999,1.0,22.0
169652,9999,1.0,22.0
169653,9999,1.0,20.0
169654,9999,1.0,99.0
169654,9999,1.0,25.0
169655,9999,1.0,2.8
169655,9999,1.0,4.2
169655,9999,1.0,200.0
169655,9999,1.0,2.3
169656,9999,1.0,120.0
169656,9999,1.0,100.0
169656,9999,1.0,8.0
169656,9999,1.0,2.5
169657,9999,1.0,3.5
169657,9999,1.0,1.0
169658,9999,1.0,3.0
169658,9999,1.0,28.35
169658,9999,1.0,28.0
169659,9999,1.0,310.0
169659,9999,1.0,19.0
169660,9999,1.0,332.0
169660,9999,1.0,21.0
169661,9999,1.0,20.0
169661,9999,1.0,83.0
169661,9999,1.0,315.0
169662,9999,1.0,330.0
169662,9999,1.0,21.0
169663,9999,1.0,47.0
169663,9999,1.0,15.0
169663,9999,1.0,44.0
169664,9999,1.0,28.35
169664,9999,1.0,198.0
169665,9999,1.0,340.0
169665,9999,2.0,42.0
169666,9999,1.0,328.0
169666,9999,2.0,41.0
169667,9999,1.0,62.0
169667,9999,1.0,20.0
169668,9999,1.0,327.0
169669,9999,1.0,20.0
169669,9999,1.0,1229.0
169670,9999,1.0,15.0
169671,9999,1.0,12.0
169672,9999,1.0,28.35
169672,9999,2.0,57.0
169673,9999,1.0,28.0
169674,9999,1.0,43.0
169674,9999,1.0,28.0
169675,9999,1.0,28.0
169676,9999,1.0,28.0
169677,9999,1.0,28.0
169677,9999,22.0,28.0
169677,9999,1.0,28.35
169677,9999,1.0,227.0
169678,9999,1.0,28.35
169678,9999,1.0,191.0
169679,9999,1.0,9.0
169679,9999,2.0,18.0
169680,9999,1.0,9.0
169680,9999,2.0,18.0
169681,9999,1.0,28.35
169681,9999,1.0,24.0
169682,9999,1.0,28.35
169682,9999,1.0,170.0
169683,9999,1.0,28.35
169683,9999,1.0,170.0
169684,9999,1.0,28.35
169685,9999,1.0,28.35
169686,9999,1.0,28.35
169686,9999,1.0,227.0
169687,9999,1.0,22.0
169688,9999,1.0,37.0
169689,9999,1.0,28.0
169690,9999,1.0,170.0
169690,9999,1.0,182.0
169690,9999,1.0,173.0
169690,9999,1.0,28.35
169691,9999,1.0,85.0
169691,9999,1.0,21.0
169692,9999,1.0,9.0
169692,9999,1.0,10.0
169692,9999,1.0,2.5
169693,9999,1.0,9.0
169693,9999,1.0,10.0
169693,9999,1.0,2.5
169694,9999,1.0,114.0
169695,9999,1.0,126.0
169696,9999,1.0,114.0
169697,9999,1.0,122.0
169698,9999,1.0,128.0
169699,9999,1.0,173.0
169700,9999,1.0,157.0
169700,9999,1.0,528.0
169700,9999,1.0,86.0
169701,9999,1.0,165.0
169702,9999,1.0,200.0
169703,9999,1.0,185.0
169704,9999,1.0,202.0
169705,9999,1.0,156.0
169706,9999,1.0,190.0
169707,9999,1.0,185.0
169708,9999,1.0,158.0
169709,9999,1.0,95.0
169710,9999,1.0,165.0
169711,9999,1.0,174.0
169712,9999,1.0,132.0
169713,9999,1.0,118.0
169714,9999,1.0,158.0
169715,9999,1.0,167.0
169716,9999,1.0,192.0
169717,9999,1.0,152.0
169718,9999,1.0,192.0
169719,9999,1.0,192.0
169720,9999,1.0,168.0
169721,9999,1.0,192.0
169722,9999,1.0,58.0
169723,9999,1.0,137.0
169724,9999,1.0,111.0
169725,9999,1.0,108.0
169726,9999,1.0,160.0
169727,9999,4.5,128.0
169728,9999,2.0,128.0
169729,9999,4.5,128.0
169730,9999,2.0,57.0
169731,9999,1.0,38.0
169731,9999,2.0,57.0
169732,9999,1.0,160.0
169733,9999,1.0,38.0
169733,9999,2.0,57.0
169734,9999,1.0,160.0
169735,9999,1.0,45.0
169736,9999,1.0,91.0
169736,9999,2.0,57.0
169736,9999,1.0,122.0
169736,9999,1.0,95.0
169736,9999,1.0,81.0
169736,9999,1.0,96.0
169736,9999,1.0,64.0
169736,9999,1.0,90.0
169737,9999,1.0,124.0
169737,9999,1.0,151.0
169737,9999,1.0,120.0
169737,9999,1.0,132.0
169737,9999,1.0,107.0
169737,9999,1.0,107.0
169737,9999,1.0,107.0
169737,9999,1.0,105.0
169737,9999,1.0,116.0
169738,9999,1.0,91.0
169738,9999,1.0,122.0
169738,9999,1.0,95.0
169738,9999,1.0,81.0
169738,9999,1.0,96.0
169738,9999,1.0,64.0
169738,9999,1.0,90.0
169739,9999,1.0,148.0
169740,9999,1.0,162.0
169741,9999,1.0,104.0
169742,9999,2.0,57.0
169743,9999,1.0,186.0
169744,9999,1.0,172.0
169745,9999,1.0,174.0
169746,9999,1.0,194.0
169747,9999,1.0,193.0
169748,9999,1.0,117.0
169749,9999,1.0,114.0
169750,9999,1.0,122.0
169751,9999,1.0,124.0
169751,9999,1.0,151.0
169751,9999,1.0,120.0
169751,9999,1.0,132.0
169751,9999,1.0,107.0
169751,9999,1.0,107.0
169751,9999,1.0,107.0
169751,9999,1.0,105.0
169751,9999,1.0,116.0
169752,9999,1.0,160.0
169753,9999,1.0,158.0
169754,9999,1.0,125.0
169755,9999,1.0,38.0
169756,9999,1.0,185.0
169757,9999,1.0,158.0
169758,9999,1.0,185.0
169759,9999,1.0,158.0
169760,9999,1.0,195.0
169761,9999,1.0,125.0
169762,9999,1.0,160.0
169763,9999,3.0,85.0
169764,9999,3.0,85.0
169765,9999,2.0,25.0
169766,9999,0.25,34.0
169767,9999,1.0,269.0
169768,9999,1.0,229.0
169768,9999,1.0,700.0
169769,9999,1.0,25.0
169769,9999,1.0,37.0
169770,9999,1.0,189.0
169771,9999,1.0,42.0
169772,9999,1.0,42.0
169773,9999,5.0,145.0
169774,9999,1.0,99.0
169775,9999,1.0,127.0
169776,9999,1.0,61.0
169777,9999,1.0,198.0
169778,9999,0.25,57.0
169779,9999,3.0,114.0
169780,9999,1.0,127.0
169781,9999,1.0,126.0
169781,9999,1.0,526.0
169782,9999,1.0,64.0
169783,9999,1.0,72.0
169784,9999,1.0,128.0
169784,9999,1.0,595.0
169785,9999,1.0,9.4
169786,9999,1.0,9.4
169787,9999,1.0,9.4
169788,9999,1.0,9.4
169789,9999,5.0,30.0
169789,9999,5.0,152.0
169790,9999,1.0,30.5
169790,9999,5.0,152.0
169791,9999,1.0,8.7
169792,9999,1.0,113.0
169795,9999,1.0,45.0
169813,9999,1.0,108.0
169813,9999,1.0,136.0
169815,9999,1.0,65.0
169816,9999,1.0,19.0
169816,9999,1.0,61.0
169817,9999,1.0,7.5
169818,9999,1.0,12.6
169819,9999,1.0,89.0
169820,9999,1.0,161.0
169822,9999,0.5,66.0
169822,9999,1.0,102.0
169826,9999,1.0,28.35
169827,9999,1.0,0.4
169827,9999,1.0,28.35
169829,9999,1.0,57.0
169831,9999,1.0,157.0
169832,9999,1.0,175.0
169833,9999,1.0,184.0
169834,9999,1.0,35.0
169834,9999,1.0,212.0
169835,9999,1.0,144.0
169835,9999,1.0,236.0
169836,9999,1.0,170.0
169837,9999,1.0,114.0
169837,9999,1.0,37.0
169838,9999,1.0,169.0
169839,9999,1.0,136.0
169839,9999,1.0,210.0
169840,9999,1.0,350.0
169841,9999,1.0,209.0
169842,9999,1.0,175.0
169843,9999,1.0,167.0
169844,9999,1.0,166.0
169845,9999,1.0,565.0
169845,9999,1.0,134.0
169846,9999,1.0,226.0
169847,9999,1.0,201.0
169848,9999,1.0,94.0
169848,9999,1.0,124.0
169849,9999,1.0,175.0
169849,9999,1.0,149.0
169850,9999,1.0,457.0
169851,9999,1.0,422.0
169852,9999,1.0,478.0
169853,9999,1.0,489.0
169854,9999,1.0,250.0
169854,9999,2.0,241.0
169854,9999,1.0,124.0
169854,9999,3.0,343.0
169855,9999,1.0,244.0
169855,9999,1.0,137.0
169855,9999,2.0,257.0
169855,9999,3.0,365.0
169856,9999,1.0,302.0
169856,9999,1.0,179.0
169856,9999,2.0,351.0
169856,9999,3.0,550.0
169857,9999,1.0,339.0
169858,9999,1.0,304.0
169859,9999,0.75,32.0
169860,9999,1.0,14.0
169861,9999,1.0,8.0
169861,9999,1.0,28.35
169862,9999,0.75,52.0
169863,9999,1.0,28.35
169864,9999,1.0,230.0
169864,9999,1.0,14.4
169864,9999,1.0,128.0
169865,9999,1.0,230.0
169865,9999,1.0,14.4
169865,9999,1.0,128.0
169866,9999,1.0,143.0
169867,9999,1.0,14.0
169867,9999,1.0,224.0
169867,9999,1.0,4.5
169868,9999,1.0,247.0
169868,9999,1.0,30.9
169869,9999,1.0,16.0
169870,9999,1.0,59.0
169871,9999,1.0,28.35
169872,9999,1.0,15.0
169872,9999,1.0,113.0
169872,9999,1.0,113.0
169872,9999,1.0,120.0
169873,9999,1.0,15.0
169873,9999,1.0,113.0
169873,9999,1.0,113.0
169874,9999,1.0,15.0
169874,9999,1.0,170.0
169874,9999,1.0,170.0
169875,9999,1.0,16.0
169875,9999,1.0,250.0
169876,9999,1.0,15.0
169876,9999,1.0,245.0
169877,9999,1.0,15.0
169877,9999,1.0,240.0
169878,9999,1.0,240.0
169878,9999,1.0,15.0
169879,9999,1.0,300.0
169879,9999,1.0,19.0
169880,9999,1.0,3.0
169881,9999,1.0,36.0
169882,9999,1.0,2.0
169883,9999,1.0,31.2
169883,9999,1.0,250.0
169884,9999,1.0,140.0
169885,9999,1.0,240.0
169886,9999,1.0,168.0
169887,9999,1.0,140.0
169887,9999,1.0,70.0
169888,9999,1.0,56.0
169889,9999,1.0,150.0
169890,9999,1.0,150.0
169891,9999,1.0,128.0
169892,9999,1.0,136.0
169893,9999,1.0,7.0
169894,9999,1.0,80.0
169895,9999,1.0,15.0
169895,9999,1.0,30.0
169896,9999,1.0,196.0
169896,9999,1.0,4.2
169896,9999,1.0,3.0
169897,9999,1.0,5.6
169897,9999,1.0,20.0
169898,9999,1.0,170.0
169898,9999,1.0,125.0
169898,9999,1.0,245.0
169898,9999,1.0,227.0
169899,9999,1.0,80.0
169900,9999,1.0,74.0
169901,9999,1.0,21.0
169901,9999,1.0,18.0
169901,9999,1.0,224.0
169902,9999,1.0,28.35
169902,9999,1.0,453.0
169903,9999,1.0,140.0
169904,9999,1.0,28.35
169905,9999,1.0,140.0
169906,9999,3.0,85.0
169906,9999,1.0,17.0
169907,9999,1.0,1.7
169908,9999,1.0,149.0
169908,9999,1.0,20.0
169908,9999,1.0,16.0
169908,9999,1.0,13.6
169909,9999,1.0,846.0
169910,9999,1.0,165.0
169910,9999,1.0,336.0
169911,9999,1.0,170.0
169911,9999,1.0,177.0
169911,9999,1.0,1000.0
169911,9999,1.0,1280.0
169911,9999,1.0,125.0
169911,9999,1.0,160.0
169911,9999,10.0,138.0
169911,9999,1.0,134.0
169912,9999,1.0,173.0
169913,9999,1.0,140.0
169913,9999,10.0,15.0
169914,9999,1.0,143.0
169914,9999,1.0,129.0
169914,9999,1.0,142.0
169914,9999,1.0,156.0
169914,9999,1.0,140.0
169915,9999,1.0,140.0
169915,9999,10.0,11.0
169916,9999,1.0,180.0
169916,9999,1.0,121.0
169917,9999,1.0,165.0
169917,9999,1.0,140.0
169917,9999,1.0,154.0
169918,9999,1.0,185.0
169918,9999,1.0,141.0
169918,9999,1.0,151.0
169919,9999,1.0,170.0
169919,9999,1.0,159.0
169920,9999,1.0,249.0
169920,9999,1.0,31.1
169921,9999,1.0,249.0
169921,9999,1.0,31.1
169922,9999,1.0,262.0
169922,9999,1.0,33.0
169923,9999,1.0,262.0
169923,9999,1.0,33.0
169924,9999,1.0,252.0
169925,9999,1.0,247.0
169925,9999,1.0,30.9
169926,9999,1.0,145.0
169926,9999,1.0,230.0
169926,9999,1.0,157.0
169926,9999,1.0,781.0
169927,9999,1.0,39.0
169928,9999,1.0,154.0
169928,9999,1.0,130.0
169928,9999,1.0,150.0
169928,9999,1.0,175.0
169928,9999,1.0,224.0
169928,9999,1.0,147.0
169929,9999,1.0,244.0
169929,9999,1.0,98.0
169930,9999,1.0,250.0
169930,9999,1.0,248.0
169930,9999,1.0,98.0
169931,9999,1.0,247.0
169932,9999,1.0,116.0
169933,9999,1.0,242.0
169934,9999,1.0,160.0
169934,9999,1.0,13.0
169935,9999,1.0,258.0
169936,9999,1.0,248.0
169936,9999,1.0,76.0
169937,9999,1.0,247.0
169937,9999,1.0,76.0
169938,9999,1.0,251.0
169938,9999,1.0,76.0
169939,9999,1.0,266.0
169939,9999,1.0,76.0
169940,9999,1.0,250.0
169940,9999,1.0,31.2
169941,9999,1.0,168.0
169942,9999,1.0,34.0
169943,9999,1.0,25.0
169944,9999,1.0,254.0
169944,9999,1.0,49.0
169945,9999,1.0,260.0
169946,9999,1.0,245.0
169947,9999,1.0,250.0
169947,9999,1.0,31.3
169948,9999,1.0,216.0
169949,9999,1.0,165.0
169949,9999,1.0,66.0
169949,9999,1.0,151.0
169950,9999,1.0,249.0
169950,9999,1.0,46.0
169951,9999,1.0,252.0
169951,9999,1.0,46.0
169952,9999,1.0,252.0
169952,9999,1.0,46.0
169953,9999,1.0,160.0
169953,9999,1.0,284.0
169954,9999,1.0,170.0
169954,9999,1.0,311.0
169955,9999,1.0,164.0
169955,9999,1.0,284.0
169956,9999,1.0,180.0
169956,9999,1.0,311.0
169957,9999,1.0,104.0
169957,9999,1.0,340.0
169958,9999,0.33,94.0
169958,9999,1.0,284.0
169959,9999,0.33,94.0
169959,9999,1.0,284.0
169960,9999,1.0,245.0
169961,9999,1.0,100.0
169961,9999,10.0,55.0
169962,9999,1.0,121.0
169962,9999,1.0,284.0
169963,9999,1.0,135.0
169964,9999,1.0,111.0
169965,9999,1.0,116.0
169966,9999,1.0,157.0
169966,9999,1.0,195.0
169966,9999,1.0,170.0
169966,9999,1.0,163.0
169966,9999,1.0,8.0
169966,9999,1.0,24.0
169966,9999,1.0,294.0
169967,9999,0.5,78.0
169967,9999,1.0,280.0
169967,9999,1.0,180.0
169967,9999,1.0,140.0
169967,9999,1.0,37.0
169968,9999,1.0,156.0
169968,9999,1.0,284.0
169969,9999,1.0,184.0
169970,9999,0.33,95.0
169970,9999,1.0,284.0
169970,9999,1.0,907.0
169971,9999,1.0,21.0
169971,9999,0.5,78.0
169972,9999,0.33,95.0
169972,9999,1.0,284.0
169972,9999,1.0,907.0
169973,9999,1.0,155.0
169974,9999,1.0,118.0
169974,9999,1.0,156.0
169975,9999,1.0,89.0
169975,9999,1.0,70.0
169975,9999,1.0,1248.0
169975,9999,1.0,33.0
169975,9999,1.0,908.0
169975,9999,1.0,23.0
169975,9999,1.0,714.0
169975,9999,1.0,15.0
169976,9999,0.5,75.0
169976,9999,1.0,1262.0
169977,9999,1.0,89.0
169977,9999,1.0,70.0
169977,9999,1.0,1134.0
169977,9999,1.0,23.0
169977,9999,1.0,839.0
169977,9999,1.0,567.0
169978,9999,1.0,22.0
169978,9999,0.5,75.0
169979,9999,1.0,76.0
169980,9999,1.0,119.0
169980,9999,1.0,14.0
169981,9999,1.0,178.0
169983,9999,0.5,64.0
169983,9999,1.0,284.0
169984,9999,1.0,146.0
169985,9999,1.0,206.0
169985,9999,1.0,408.0
169986,9999,1.0,107.0
169986,9999,1.0,13.0
169986,9999,1.0,840.0
169986,9999,1.0,588.0
169986,9999,1.0,265.0
169987,9999,1.0,155.0
169988,9999,1.0,101.0
169988,9999,1.0,110.0
169988,9999,1.0,7.5
169988,9999,1.0,64.0
169988,9999,1.0,40.0
169988,9999,1.0,17.0
169988,9999,1.0,4.0
169989,9999,1.0,150.0
169989,9999,2.0,75.0
169990,9999,1.0,8.0
169991,9999,1.0,36.0
169991,9999,1.0,48.0
169992,9999,1.0,29.0
169993,9999,1.0,60.0
169993,9999,0.5,45.0
169994,9999,1.0,3.0
169994,9999,1.0,1.0
169995,9999,1.0,25.0
169995,9999,1.0,14.0
169996,9999,1.0,170.0
169997,9999,0.25,4.0
169997,9999,9.0,20.0
169998,9999,1.0,145.0
169998,9999,1.0,143.0
169998,9999,1.0,102.0
169998,9999,1.0,73.0
169999,9999,1.0,89.0
169999,9999,1.0,103.0
169999,9999,1.0,118.0
169999,9999,1.0,149.0
169999,9999,1.0,8.0
170000,9999,1.0,160.0
170000,9999,1.0,115.0
170000,9999,1.0,10.0
170000,9999,1.0,150.0
170000,9999,1.0,38.0
170000,9999,1.0,110.0
170000,9999,1.0,14.0
170000,9999,1.0,70.0
170000,9999,1.0,9.0
170000,9999,10.0,60.0
170001,9999,1.0,210.0
170001,9999,1.0,15.0
170001,9999,1.0,128.0
170001,9999,1.0,32.0
170001,9999,1.0,94.0
170001,9999,1.0,12.0
170001,9999,1.0,60.0
170001,9999,1.0,8.0
170002,9999,1.0,5.0
170002,9999,0.25,14.0
170003,9999,1.0,63.0
170003,9999,0.5,112.0
170004,9999,1.0,87.0
170005,9999,1.0,100.0
170005,9999,1.0,6.0
170005,9999,1.0,25.0
170005,9999,1.0,15.0
170005,9999,1.0,5.0
170006,9999,1.0,6.0
170006,9999,1.0,12.0
170006,9999,1.0,71.0
170008,9999,1.0,148.0
170008,9999,1.0,331.0
170009,9999,0.5,78.0
170009,9999,1.0,160.0
170010,9999,1.0,98.0
170010,9999,1.0,63.0
170010,9999,10.0,34.0
170011,9999,1.0,160.0
170012,9999,1.0,144.0
170012,9999,1.0,284.0
170013,9999,1.0,175.0
170013,9999,1.0,313.0
170014,9999,1.0,227.0
170014,9999,0.5,114.0
170015,9999,1.0,257.0
170015,9999,1.0,163.0
170016,9999,1.0,134.0
170016,9999,1.0,284.0
170017,9999,0.5,80.0
170017,9999,1.0,253.0
170018,9999,1.0,278.0
170018,9999,0.5,80.0
170019,9999,1.0,120.0
170020,9999,0.5,69.0
170020,9999,1.0,284.0
170021,9999,1.0,180.0
170022,9999,0.33,95.0
170022,9999,1.0,284.0
170024,9999,1.0,115.0
170025,9999,1.0,154.0
170025,9999,10.0,4.0
170026,9999,0.5,75.0
170026,9999,1.0,369.0
170026,9999,1.0,213.0
170026,9999,1.0,170.0
170027,9999,0.5,75.0
170027,9999,1.0,369.0
170027,9999,1.0,213.0
170027,9999,1.0,170.0
170028,9999,0.5,75.0
170028,9999,1.0,369.0
170028,9999,1.0,213.0
170028,9999,1.0,92.0
170029,9999,0.5,75.0
170029,9999,1.0,369.0
170029,9999,1.0,213.0
170029,9999,1.0,170.0
170030,9999,1.0,299.0
170030,9999,1.0,173.0
170030,9999,1.0,138.0
170031,9999,3.0,85.0
170032,9999,1.0,38.0
170033,9999,0.5,61.0
170033,9999,1.0,156.0
170034,9999,1.0,58.0
170035,9999,1.0,58.0
170036,9999,1.0,156.0
170037,9999,1.0,210.0
170038,9999,1.0,245.0
170039,9999,1.0,200.0
170040,9999,1.0,210.0
170041,9999,1.0,200.0
170042,9999,1.0,210.0
170043,9999,0.5,105.0
170043,9999,1.0,340.0
170044,9999,1.0,150.0
170044,9999,1.0,29.0
170044,9999,1.0,205.0
170045,9999,1.0,170.0
170047,9999,1.0,120.0
170047,9999,10.0,91.0
170048,9999,10.0,79.0
170048,9999,10.0,60.0
170048,9999,1.0,7.0
170048,9999,1.0,128.0
170050,9999,1.0,240.0
170050,9999,2.0,246.0
170051,9999,1.0,240.0
170051,9999,1.0,15.0
170051,9999,1.0,190.0
170051,9999,1.0,164.0
170051,9999,1.0,111.0
170051,9999,1.0,82.0
170052,9999,1.0,255.0
170053,9999,1.0,241.0
170054,9999,1.0,245.0
170055,9999,1.0,245.0
170056,9999,1.0,245.0
170057,9999,0.5,122.0
170057,9999,1.0,425.0
170058,9999,1.0,156.0
170058,9999,1.0,230.0
170059,9999,0.33,94.0
170059,9999,1.0,284.0
170060,9999,1.0,156.0
170061,9999,1.0,55.0
170062,9999,1.0,163.0
170063,9999,1.0,253.0
170063,9999,6.0,182.0
170064,9999,1.0,245.0
170065,9999,1.0,163.0
170066,9999,0.5,62.0
170066,9999,4.0,36.0
170067,9999,0.5,70.0
170067,9999,4.0,28.0
170068,9999,1.0,34.0
170068,9999,1.0,2.5
170068,9999,10.0,25.0
170069,9999,1.0,132.0
170069,9999,1.0,5700.0
170071,9999,1.0,150.0
170072,9999,1.0,136.0
170072,9999,0.5,68.0
170073,9999,1.0,120.0
170073,9999,1.0,130.0
170073,9999,1.0,1200.0
170073,9999,1.0,659.0
170073,9999,1.0,6.0
170073,9999,1.0,365.0
170075,9999,1.0,0.2
170075,9999,0.25,0.8
170076,9999,1.0,133.0
170078,9999,1.0,100.0
170079,9999,1.0,125.0
170080,9999,1.0,136.0
170080,9999,1.0,104.0
170080,9999,1.0,22.0
170081,9999,0.5,50.0
170081,9999,1.0,17.0
170082,9999,1.0,0.9
170082,9999,0.25,3.6
170083,9999,1.0,228.0
170083,9999,1.0,638.0
170084,9999,1.0,196.0
170085,9999,1.0,244.0
170085,9999,1.0,425.0
170088,9999,1.0,105.0
170089,9999,1.0,101.0
170089,9999,1.0,604.0
170092,9999,1.0,22.0
170092,9999,1.0,37.0
170093,9999,1.0,148.0
170093,9999,1.0,299.0
170093,9999,1.0,173.0
170093,9999,1.0,138.0
170094,9999,1.0,202.0
170095,9999,1.0,38.0
170096,9999,1.0,139.0
170096,9999,1.0,212.0
170097,9999,1.0,145.0
170097,9999,4.0,72.0
170098,9999,0.5,80.0
170098,9999,8.0,85.0
170099,9999,0.5,92.0
170099,9999,1.0,255.0
170100,9999,1.0,210.0
170100,9999,1.0,15.0
170100,9999,1.0,128.0
170100,9999,1.0,32.0
170100,9999,1.0,94.0
170100,9999,1.0,12.0
170100,9999,1.0,60.0
170100,9999,1.0,8.0
170101,9999,1.0,15.0
170101,9999,0.5,105.0
170102,9999,1.0,160.0
170103,9999,0.5,124.0
170103,9999,1.0,482.0
170104,9999,0.5,85.0
170104,9999,1.0,313.0
170105,9999,0.5,80.0
170105,9999,1.0,253.0
170106,9999,1.0,45.0
170106,9999,0.5,75.0
170107,9999,1.0,73.0
170107,9999,0.5,68.0
170108,9999,1.0,149.0
170108,9999,1.0,92.0
170108,9999,1.0,9.3
170108,9999,1.0,164.0
170108,9999,1.0,119.0
170108,9999,1.0,74.0
170108,9999,1.0,10.0
170109,9999,1.0,11.6
170109,9999,1.0,73.0
170109,9999,0.5,92.0
170110,9999,1.0,135.0
170110,9999,1.0,11.6
170110,9999,0.5,68.0
170111,9999,0.5,61.0
170111,9999,1.0,299.0
170111,9999,1.0,173.0
170111,9999,1.0,138.0
170111,9999,1.0,148.0
170112,9999,0.5,61.0
170112,9999,1.0,156.0
170113,9999,1.0,58.0
170114,9999,0.5,78.0
170114,9999,1.0,136.0
170115,9999,1.0,58.0
170117,9999,10.0,50.0
170117,9999,1.0,198.0
170118,9999,10.0,74.0
170119,9999,1.0,134.0
170120,9999,1.0,71.0
170121,9999,1.0,115.0
170122,9999,1.0,147.0
170123,9999,1.0,234.0
170124,9999,0.5,95.0
170124,9999,1.0,220.0
170125,9999,1.0,180.0
170126,9999,1.0,180.0
170127,9999,1.0,205.0
170128,9999,1.0,205.0
170129,9999,1.0,245.0
170130,9999,1.0,205.0
170131,9999,1.0,170.0
170132,9999,1.0,98.0
170133,9999,1.0,64.0
170134,9999,1.0,114.0
170134,9999,0.5,100.0
170135,9999,1.0,140.0
170136,9999,1.0,137.0
170137,9999,1.0,240.0
170137,9999,0.5,120.0
170137,9999,1.0,121.0
170138,9999,1.0,240.0
170138,9999,1.0,15.0
170138,9999,1.0,190.0
170138,9999,1.0,164.0
170138,9999,1.0,111.0
170138,9999,1.0,82.0
170138,9999,0.5,120.0
170139,9999,1.0,144.0
170140,9999,0.5,82.0
170140,9999,1.0,220.0
170141,9999,1.0,163.0
170141,9999,0.5,86.0
170142,9999,0.5,91.0
170142,9999,1.0,275.0
170143,9999,1.0,86.0
170143,9999,1.0,84.0
170144,9999,1.0,28.35
170145,9999,1.0,28.35
170146,9999,1.0,28.35
170147,9999,1.0,28.35
170148,9999,3.0,30.0
170149,9999,1.0,32.0
170149,9999,1.0,28.35
170150,9999,1.0,144.0
170150,9999,1.0,9.0
170151,9999,1.0,28.35
170152,9999,1.0,128.0
170152,9999,1.0,28.35
170153,9999,1.0,28.35
170154,9999,1.0,134.0
170154,9999,1.0,28.35
170155,9999,1.0,16.0
170155,9999,1.0,28.35
170156,9999,1.0,64.0
170156,9999,1.0,4.0
170157,9999,1.0,28.35
170158,9999,1.0,138.0
170158,9999,1.0,28.35
170159,9999,1.0,157.0
170159,9999,1.0,28.35
170160,9999,1.0,28.35
170160,9999,1.0,227.0
170161,9999,1.0,28.35
170162,9999,1.0,28.35
170163,9999,1.0,16.0
170163,9999,1.0,28.35
170164,9999,1.0,28.35
170165,9999,1.0,28.35
170166,9999,1.0,28.35
170167,9999,1.0,28.35
170168,9999,1.0,28.35
170169,9999,1.0,80.0
170169,9999,1.0,397.0
170169,9999,1.0,45.0
170170,9999,1.0,28.35
170171,9999,1.0,19.0
170171,9999,1.0,296.0
170172,9999,1.0,240.0
170172,9999,1.0,15.0
170173,9999,1.0,226.0
170173,9999,1.0,15.0
170174,9999,1.0,240.0
170174,9999,1.0,15.0
170174,9999,1.0,206.0
170175,9999,1.0,28.35
170176,9999,1.0,155.0
170176,9999,1.0,28.35
170177,9999,1.0,120.0
170177,9999,1.0,28.35
170177,9999,1.0,3.0
170178,9999,1.0,134.0
170178,9999,1.0,28.35
170179,9999,1.0,132.0
170179,9999,1.0,28.35
170180,9999,1.0,28.35
170181,9999,1.0,132.0
170182,9999,1.0,109.0
170182,9999,1.0,99.0
170182,9999,1.0,28.35
170183,9999,1.0,28.35
170184,9999,1.0,123.0
170184,9999,1.0,28.35
170184,9999,1.0,0.7
170185,9999,1.0,123.0
170185,9999,1.0,28.35
170185,9999,1.0,0.7
170186,9999,1.0,125.0
170186,9999,1.0,7.8
170186,9999,1.0,28.35
170187,9999,1.0,117.0
170187,9999,1.0,80.0
170187,9999,1.0,28.0
170187,9999,1.0,100.0
170187,9999,1.0,120.0
170187,9999,1.0,28.35
170188,9999,1.0,64.0
170188,9999,1.0,28.35
170189,9999,1.0,15.0
170189,9999,1.0,28.35
170190,9999,1.0,143.0
170190,9999,1.0,28.35
170190,9999,10.0,84.0
170191,9999,1.0,16.0
170192,9999,1.0,28.35
170193,9999,1.0,28.35
170193,9999,4.0,113.0
170194,9999,1.0,28.35
170194,9999,4.0,113.0
170195,9999,3.0,85.0
170195,9999,1.0,381.0
170196,9999,1.0,28.35
170196,9999,4.0,113.0
170197,9999,3.0,68.0
170197,9999,1.0,340.0
170198,9999,3.0,34.0
170198,9999,1.0,170.0
170199,9999,1.0,28.35
170199,9999,1.0,453.6
170200,9999,3.0,85.0
170200,9999,1.0,320.0
170201,9999,3.0,85.0
170201,9999,1.0,356.0
170202,9999,1.0,28.0
170203,9999,3.0,85.0
170203,9999,1.0,349.0
170204,9999,1.0,71.0
170204,9999,1.0,28.0
170205,9999,4.0,113.0
170205,9999,1.0,473.0
170206,9999,3.0,85.0
170207,9999,3.0,85.0
170208,9999,3.0,85.0
170209,9999,3.0,85.0
170210,9999,3.0,85.0
170210,9999,1.0,270.0
170211,9999,3.0,85.0
170211,9999,1.0,314.0
170212,9999,3.0,85.0
170212,9999,1.0,232.0
170213,9999,3.0,85.0
170213,9999,1.0,1166.0
170214,9999,3.0,85.0
170214,9999,1.0,629.0
170215,9999,3.0,85.0
170215,9999,1.0,191.0
170216,9999,3.0,85.0
170216,9999,1.0,658.0
170217,9999,3.0,85.0
170217,9999,1.0,629.0
170218,9999,3.0,85.0
170218,9999,1.0,217.0
170219,9999,3.0,85.0
170219,9999,1.0,233.0
170220,9999,3.0,85.0
170220,9999,1.0,272.0
170221,9999,3.0,85.0
170221,9999,1.0,265.0
170222,9999,3.0,85.0
170222,9999,1.0,489.0
170223,9999,3.0,85.0
170223,9999,1.0,191.0
170224,9999,3.0,85.0
170224,9999,1.0,515.0
170225,9999,3.0,85.0
170225,9999,1.0,179.0
170226,9999,3.0,85.0
170226,9999,1.0,179.0
170227,9999,3.0,85.0
170227,9999,1.0,464.0
170228,9999,3.0,85.0
170228,9999,1.0,346.0
170228,9999,1.0,333.0
170229,9999,3.0,85.0
170229,9999,1.0,355.0
170230,9999,3.0,85.0
170230,9999,1.0,330.0
170231,9999,3.0,85.0
170231,9999,1.0,1138.0
170232,9999,3.0,85.0
170232,9999,1.0,1141.0
170233,9999,3.0,85.0
170233,9999,1.0,320.0
170234,9999,3.0,85.0
170234,9999,1.0,267.0
170235,9999,3.0,85.0
170235,9999,1.0,261.0
170236,9999,3.0,85.0
170236,9999,1.0,261.0
170237,9999,3.0,85.0
170237,9999,1.0,117.0
170238,9999,3.0,85.0
170238,9999,1.0,126.0
170239,9999,3.0,85.0
170239,9999,1.0,119.0
170240,9999,3.0,85.0
170240,9999,1.0,164.0
170241,9999,1.0,88.0
170241,9999,1.0,22.0
170242,9999,1.0,85.0
170242,9999,1.0,21.0
170243,9999,1.0,92.0
170243,9999,1.0,23.0
170244,9999,1.0,28.35
170244,9999,1.0,227.0
170245,9999,1.0,28.35
170246,9999,1.0,8.0
170246,9999,1.0,28.35
170247,9999,1.0,11.0
170247,9999,1.0,28.35
170248,9999,1.0,28.35
170248,9999,1.0,227.0
170249,9999,1.0,28.35
170249,9999,10.0,60.0
170250,9999,1.0,9.0
170250,9999,2.0,18.0
170251,9999,1.0,9.0
170251,9999,2.0,18.0
170252,9999,1.0,9.0
170252,9999,2.0,18.0
170253,9999,1.0,28.35
170254,9999,1.0,28.35
170255,9999,1.0,33.0
170256,9999,1.0,28.35
170257,9999,1.0,1.0
170258,9999,1.0,84.0
170259,9999,1.0,55.0
170260,9999,1.0,74.0
170261,9999,1.0,68.0
170262,9999,1.0,68.0
170263,9999,1.0,68.0
170264,9999,1.0,69.0
170265,9999,1.0,72.0
170266,9999,1.0,44.0
170267,9999,1.0,80.0
170268,9999,1.0,68.0
170269,9999,1.0,68.0
170270,9999,1.0,58.0
170271,9999,1.0,28.35
170271,9999,1.0,162.0
170272,9999,1.0,28.35
170272,9999,1.0,112.0
170273,9999,1.0,28.35
170273,9999,1.0,101.0
170274,9999,1.0,28.35
170274,9999,1.0,127.0
170275,9999,1.0,42.0
170276,9999,60.0,80.0
170277,9999,1.0,6.9
170277,9999,0.25,55.0
170278,9999,1.0,60.0
170279,9999,1.0,44.0
170280,9999,1.0,19.0
170281,9999,1.0,14.0
170282,9999,1.0,47.0
170283,9999,1.0,184.0
170284,9999,1.0,200.0
170285,9999,1.0,157.0
170286,9999,1.0,170.0
170287,9999,1.0,182.0
170287,9999,1.0,8.4
170288,9999,1.0,166.0
170289,9999,1.0,76.0
170290,9999,1.0,117.0
170291,9999,1.0,80.0
170292,9999,1.0,222.0
170293,9999,1.0,155.0
170294,9999,1.0,182.0
170295,9999,1.0,187.0
170296,9999,1.0,220.0
170297,9999,1.0,134.0
170298,9999,6.0,190.0
170298,9999,12.0,381.0
170299,9999,6.0,237.0
170299,9999,12.0,474.0
170300,9999,1.0,191.0
170300,9999,1.0,116.0
170301,9999,1.0,22.0
170302,9999,1.0,55.0
170303,9999,1.0,50.0
170303,9999,1.0,201.0
170304,9999,1.0,5.5
170304,9999,1.0,77.0
170305,9999,1.0,155.0
170305,9999,1.0,124.0
170306,9999,6.0,228.0
170306,9999,12.0,457.0
170307,9999,6.0,207.0
170307,9999,12.0,413.0
170308,9999,12.0,413.0
170308,9999,6.0,207.0
170309,9999,6.0,198.0
170309,9999,12.0,396.0
170310,9999,6.0,201.0
170310,9999,12.0,401.0
170311,9999,6.0,201.0
170311,9999,12.0,401.0
170312,9999,6.0,148.0
170312,9999,12.0,296.0
170313,9999,6.0,148.0
170313,9999,12.0,296.0
170314,9999,6.0,198.0
170314,9999,12.0,396.0
170315,9999,6.0,196.0
170315,9999,12.0,391.0
170316,9999,6.0,237.0
170316,9999,12.0,474.0
170317,9999,1.0,81.0
170317,9999,1.0,151.0
170317,9999,1.0,146.0
170317,9999,1.0,199.0
170317,9999,1.0,727.0
170317,9999,1.0,452.0
170317,9999,1.0,293.0
170317,9999,1.0,199.0
170318,9999,1.0,152.0
170319,9999,1.0,134.0
170320,9999,1.0,119.0
170321,9999,1.0,171.0
170322,9999,1.0,236.0
170323,9999,1.0,117.0
170324,9999,1.0,129.0
170325,9999,1.0,310.0
170326,9999,1.0,113.0
170326,9999,1.0,227.0
170326,9999,1.0,298.0
170327,9999,1.0,74.0
170327,9999,1.0,117.0
170327,9999,1.0,160.0
170328,9999,1.0,99.0
170329,9999,1.0,133.0
170330,9999,1.0,220.0
170331,9999,1.0,199.0
170332,9999,1.0,69.0
170333,9999,1.0,102.0
170334,9999,1.0,248.0
170335,9999,1.0,248.0
170336,9999,1.0,80.0
170337,9999,1.0,222.0
170338,9999,1.0,53.0
170339,9999,1.0,49.0
170340,9999,1.0,112.0
170340,9999,1.0,191.0
170341,9999,1.0,47.0
170342,9999,1.0,39.0
170342,9999,1.0,23.0
170344,9999,1.0,140.0
170344,9999,1.0,121.0
170345,9999,1.0,41.0
170345,9999,1.0,57.0
170346,9999,1.0,135.0
170346,9999,1.0,86.0
170346,9999,1.0,60.0
170347,9999,1.0,60.0
170347,9999,1.0,39.0
170347,9999,1.0,23.0
170348,9999,1.0,212.0
170348,9999,1.0,140.0
170348,9999,1.0,121.0
170349,9999,1.0,81.0
170349,9999,1.0,57.0
170349,9999,1.0,41.0
170351,9999,1.0,83.0
170351,9999,1.0,54.0
170352,9999,1.0,16.0
170353,9999,1.0,194.0
170353,9999,1.0,132.0
170353,9999,1.0,99.0
170354,9999,1.0,76.0
170354,9999,1.0,59.0
170354,9999,1.0,44.0
170355,9999,1.0,149.0
170356,9999,1.0,142.0
170356,9999,1.0,107.0
170357,9999,1.0,40.0
170357,9999,1.0,56.0
170358,9999,1.0,84.0
170358,9999,1.0,66.0
170359,9999,1.0,136.0
170359,9999,1.0,84.0
170359,9999,1.0,66.0
170360,9999,1.0,58.0
170360,9999,1.0,37.0
170360,9999,1.0,20.0
170361,9999,1.0,164.0
170361,9999,1.0,688.0
170362,9999,1.0,183.0
170362,9999,1.0,729.0
170363,9999,1.0,227.0
170363,9999,1.0,876.0
170364,9999,1.0,155.0
170364,9999,1.0,595.0
170365,9999,1.0,127.0
170365,9999,1.0,1017.0
170366,9999,1.0,88.0
170366,9999,1.0,670.0
170367,9999,1.0,116.0
170367,9999,1.0,932.0
170368,9999,1.0,230.0
170369,9999,1.0,80.0
170369,9999,1.0,634.0
170370,9999,1.0,79.0
170370,9999,1.0,563.0
170371,9999,1.0,78.0
170371,9999,1.0,597.0
170372,9999,1.0,125.0
170372,9999,1.0,1003.0
170373,9999,1.0,69.0
170373,9999,1.0,556.0
170374,9999,1.0,162.0
170375,9999,1.0,38.0
170375,9999,1.0,32.0
170375,9999,0.5,19.0
170376,9999,1.0,144.0
170376,9999,0.5,72.0
170377,9999,1.0,109.0
170377,9999,1.0,8.0
170379,9999,1.0,91.0
170379,9999,1.0,608.0
170379,9999,1.0,31.0
170379,9999,1.0,151.0
170379,9999,0.5,44.0
170379,9999,1.0,148.0
170380,9999,0.5,92.0
170380,9999,1.0,250.0
170381,9999,1.0,40.0
170381,9999,1.0,19.0
170382,9999,1.0,85.0
170382,9999,1.0,437.0
170383,9999,1.0,88.0
170383,9999,1.0,19.0
170384,9999,1.0,125.0
170384,9999,1.0,166.0
170385,9999,1.0,94.0
170385,9999,1.0,5.0
170387,9999,1.0,124.0
170387,9999,3.0,45.0
170388,9999,1.0,70.0
170389,9999,1.0,145.0
170390,9999,1.0,70.0
170390,9999,1.0,840.0
170390,9999,1.0,14.0
170391,9999,1.0,170.0
170392,9999,1.0,150.0
170393,9999,1.0,128.0
170393,9999,1.0,110.0
170393,9999,1.0,122.0
170393,9999,1.0,72.0
170393,9999,1.0,61.0
170393,9999,1.0,50.0
170393,9999,1.0,3.0
170393,9999,1.0,7.0
170393,9999,1.0,4.0
170394,9999,1.0,9.7
170394,9999,0.5,78.0
170394,9999,1.0,46.0
170395,9999,0.5,123.0
170395,9999,1.0,454.0
170396,9999,1.0,146.0
170396,9999,1.0,228.0
170396,9999,1.0,2.8
170396,9999,1.0,284.0
170397,9999,0.5,62.0
170397,9999,3.0,54.0
170398,9999,0.5,66.0
170398,9999,1.0,284.0
170399,9999,1.0,180.0
170400,9999,1.0,156.0
170401,9999,1.0,175.0
170402,9999,1.0,132.0
170402,9999,1.0,203.0
170403,9999,1.0,160.0
170404,9999,1.0,53.0
170404,9999,0.5,45.0
170405,9999,1.0,100.0
170406,9999,1.0,36.0
170407,9999,1.0,190.0
170408,9999,0.33,95.0
170408,9999,1.0,284.0
170408,9999,1.0,1361.0
170409,9999,1.0,256.0
170409,9999,1.0,482.0
170410,9999,0.33,95.0
170410,9999,1.0,284.0
170411,9999,1.0,15.0
170411,9999,0.5,105.0
170412,9999,0.33,95.0
170412,9999,1.0,284.0
170413,9999,1.0,210.0
170414,9999,6.0,85.0
170414,9999,1.0,454.0
170414,9999,1.0,255.0
170415,9999,1.0,48.0
170415,9999,10.0,71.0
170415,9999,10.0,60.0
170415,9999,10.0,48.0
170416,9999,1.0,60.0
170416,9999,1.0,3.8
170416,9999,10.0,10.0
170417,9999,1.0,133.0
170418,9999,1.0,160.0
170418,9999,1.0,253.0
170419,9999,1.0,145.0
170420,9999,1.0,160.0
170421,9999,0.5,124.0
170421,9999,1.0,482.0
170422,9999,1.0,120.0
170424,9999,1.0,255.0
170425,9999,0.5,70.0
170425,9999,1.0,284.0
170426,9999,1.0,73.0
170426,9999,0.5,68.0
170427,9999,1.0,149.0
170427,9999,1.0,92.0
170427,9999,1.0,9.3
170427,9999,1.0,164.0
170427,9999,1.0,119.0
170427,9999,1.0,10.0
170427,9999,1.0,74.0
170427,9999,10.0,27.0
170428,9999,1.0,135.0
170428,9999,1.0,11.6
170429,9999,1.0,140.0
170430,9999,1.0,153.0
170431,9999,1.0,240.0
170432,9999,1.0,160.0
170433,9999,1.0,165.0
170433,9999,1.0,10.0
170434,9999,1.0,299.0
170434,9999,1.0,173.0
170434,9999,1.0,138.0
170435,9999,1.0,299.0
170435,9999,1.0,173.0
170435,9999,1.0,138.0
170436,9999,10.0,82.0
170436,9999,3.0,85.0
170437,9999,10.0,69.0
170438,9999,0.5,78.0
170438,9999,1.0,136.0
170439,9999,1.0,34.0
170440,9999,0.5,78.0
170440,9999,1.0,300.0
170440,9999,1.0,167.0
170440,9999,1.0,125.0
170441,9999,0.5,78.0
170441,9999,1.0,156.0
170442,9999,1.0,245.0
170443,9999,1.0,300.0
170443,9999,1.0,454.0
170444,9999,1.0,180.0
170444,9999,1.0,35.0
170445,9999,1.0,60.0
170446,9999,1.0,210.0
170447,9999,0.16,26.0
170447,9999,1.0,156.0
170448,9999,0.16,137.0
170448,9999,1.0,822.0
170449,9999,0.16,26.0
170449,9999,1.0,156.0
170450,9999,1.0,245.0
170450,9999,0.16,137.0
170450,9999,1.0,822.0
170451,9999,10.0,30.0
170452,9999,10.0,21.0
170455,9999,1.0,137.0
170456,9999,1.0,180.0
170456,9999,1.0,182.0
170456,9999,1.0,123.0
170456,9999,1.0,20.0
170456,9999,1.0,91.0
170457,9999,1.0,149.0
170457,9999,1.0,180.0
170457,9999,1.0,62.0
170457,9999,1.0,17.0
170457,9999,1.0,182.0
170457,9999,1.0,123.0
170457,9999,1.0,20.0
170457,9999,1.0,62.0
170457,9999,1.0,91.0
170457,9999,1.0,27.0
170457,9999,1.0,31.0
170457,9999,1.0,15.0
170457,9999,1.0,148.0
170458,9999,1.0,243.0
170458,9999,6.0,182.0
170459,9999,0.25,66.0
170459,9999,1.0,262.0
170459,9999,1.0,16.0
170459,9999,1.0,170.0
170460,9999,1.0,250.0
170460,9999,1.0,822.0
170462,9999,1.0,250.0
170462,9999,1.0,411.0
170463,9999,1.0,244.0
170463,9999,1.0,425.0
170464,9999,0.5,71.0
170464,9999,1.0,31.0
170465,9999,1.0,130.0
170465,9999,1.0,183.0
170465,9999,1.0,122.0
170465,9999,1.0,15.0
170465,9999,1.0,61.0
170465,9999,0.5,65.0
170466,9999,1.0,144.0
170467,9999,0.5,117.0
170467,9999,1.0,425.0
170468,9999,0.5,82.0
170468,9999,1.0,284.0
170469,9999,1.0,164.0
170469,9999,1.0,220.0
170470,9999,0.33,95.0
170470,9999,1.0,284.0
170470,9999,1.0,1361.0
170471,9999,0.33,95.0
170471,9999,1.0,284.0
170471,9999,1.0,1134.0
170472,9999,0.5,91.0
170472,9999,1.0,275.0
170473,9999,1.0,254.0
170473,9999,6.0,182.0
170475,9999,1.0,175.0
170476,9999,1.0,44.0
170476,9999,1.0,16.0
170477,9999,1.0,62.0
170479,9999,1.0,246.0
170480,9999,1.0,227.0
170481,9999,1.0,89.0
170483,9999,1.0,100.0
170483,9999,1.0,11.0
170484,9999,1.0,118.0
170485,9999,1.0,0.2
170485,9999,0.25,0.8
170486,9999,1.0,0.4
170486,9999,0.25,1.4
170487,9999,1.0,113.0
170487,9999,1.0,323.0
170487,9999,1.0,196.0
170487,9999,1.0,9.9
170487,9999,1.0,118.0
170488,9999,1.0,180.0
170489,9999,1.0,116.0
170490,9999,1.0,205.0
170491,9999,1.0,236.0
170491,9999,1.0,29.5
170492,9999,1.0,250.0
170492,9999,0.66,167.0
170493,9999,1.0,210.0
170494,9999,1.0,136.0
170494,9999,1.0,813.0
170495,9999,1.0,112.0
170495,9999,1.0,7.0
170496,9999,2.0,10.0
170497,9999,1.0,45.0
170497,9999,0.5,75.0
170498,9999,1.0,194.0
170498,9999,1.0,1162.0
170499,9999,1.0,10.0
170500,9999,1.0,74.0
170501,9999,0.5,121.0
170502,9999,1.0,158.0
170502,9999,1.0,111.0
170503,9999,1.0,140.0
170504,9999,1.0,150.0
170504,9999,1.0,212.0
170505,9999,1.0,180.0
170506,9999,1.0,180.0
170507,9999,1.0,210.0
170508,9999,0.5,78.0
170508,9999,1.0,160.0
170509,9999,1.0,160.0
170510,9999,1.0,160.0
170510,9999,1.0,253.0
170512,9999,1.0,255.0
170513,9999,0.5,80.0
170513,9999,1.0,278.0
170514,9999,1.0,180.0
170515,9999,1.0,12.0
170515,9999,1.0,73.0
170515,9999,0.5,92.0
170516,9999,1.0,135.0
170516,9999,1.0,11.6
170517,9999,1.0,153.0
170518,9999,1.0,165.0
170519,9999,1.0,34.0
170520,9999,0.5,78.0
170520,9999,1.0,300.0
170520,9999,1.0,167.0
170520,9999,1.0,125.0
170521,9999,1.0,202.0
170522,9999,0.5,78.0
170522,9999,1.0,156.0
170523,9999,10.0,65.0
170523,9999,1.0,255.0
170524,9999,1.0,245.0
170525,9999,1.0,245.0
170526,9999,1.0,245.0
170527,9999,1.0,245.0
170528,9999,0.5,120.0
170529,9999,1.0,135.0
170530,9999,1.0,180.0
170531,9999,1.0,180.0
170532,9999,1.0,192.0
170533,9999,0.5,90.0
170533,9999,0.5,120.0
170534,9999,0.5,90.0
170534,9999,0.5,120.0
170535,9999,1.0,223.0
170536,9999,1.0,240.0
170537,9999,1.0,205.0
170538,9999,1.0,236.0
170539,9999,1.0,155.0
170540,9999,1.0,192.0
170541,9999,1.0,328.0
170541,9999,1.0,151.0
170542,9999,1.0,176.0
170543,9999,1.0,132.0
170544,9999,1.0,145.0
170545,9999,1.0,243.0
170545,9999,1.0,30.4
170545,9999,6.0,182.0
170546,9999,1.0,250.0
170546,9999,1.0,822.0
170547,9999,1.0,156.0
170547,9999,1.0,230.0
170548,9999,1.0,156.0
170549,9999,1.0,175.0
170550,9999,1.0,62.0
170550,9999,0.5,31.0
170551,9999,1.0,136.0
170551,9999,0.5,68.0
170552,9999,1.0,28.35
170553,9999,1.0,160.0
170553,9999,1.0,28.35
170554,9999,1.0,28.35
170555,9999,1.0,94.0
170555,9999,1.0,5.0
170556,9999,1.0,129.0
170556,9999,1.0,28.35
170557,9999,1.0,118.0
170557,9999,1.0,28.35
170558,9999,1.0,28.35
170559,9999,1.0,28.35
170560,9999,1.0,28.35
170561,9999,1.0,28.35
170562,9999,1.0,46.0
170562,9999,1.0,140.0
170563,9999,1.0,128.0
170563,9999,1.0,28.35
170564,9999,1.0,135.0
170564,9999,1.0,28.35
170565,9999,1.0,28.35
170566,9999,1.0,28.35
170567,9999,1.0,143.0
170567,9999,1.0,92.0
170567,9999,1.0,108.0
170567,9999,1.0,95.0
170567,9999,1.0,28.35
170567,9999,1.0,1.2
170568,9999,1.0,145.0
170568,9999,1.0,9.1
170568,9999,1.0,28.35
170569,9999,1.0,133.0
170569,9999,1.0,5.0
170569,9999,1.0,28.35
170570,9999,1.0,120.0
170570,9999,1.0,28.35
170570,9999,1.0,3.0
170571,9999,1.0,137.0
170571,9999,1.0,8.6
170571,9999,1.0,28.35
170572,9999,1.0,129.0
170572,9999,1.0,129.0
170572,9999,1.0,28.35
170573,9999,1.0,28.35
170574,9999,1.0,145.0
170574,9999,1.0,28.35
170575,9999,1.0,28.35
170576,9999,1.0,28.35
170577,9999,1.0,85.0
170577,9999,1.0,28.35
170578,9999,1.0,77.0
170578,9999,4.0,114.0
170579,9999,1.0,28.35
170580,9999,1.0,15.0
170580,9999,1.0,240.0
170581,9999,1.0,115.0
170581,9999,1.0,75.0
170581,9999,1.0,135.0
170581,9999,1.0,28.35
170581,9999,10.0,14.0
170582,9999,1.0,28.35
170583,9999,1.0,28.35
170584,9999,1.0,28.35
170585,9999,1.0,131.0
170585,9999,1.0,28.35
170586,9999,1.0,147.0
170587,9999,1.0,134.0
170587,9999,1.0,28.35
170588,9999,1.0,144.0
170588,9999,1.0,28.35
170589,9999,1.0,110.0
170589,9999,1.0,28.35
170590,9999,1.0,120.0
170590,9999,1.0,28.35
170591,9999,1.0,135.0
170591,9999,1.0,28.35
170591,9999,10.0,1.7
170592,9999,1.0,28.35
170592,9999,10.0,1.0
170593,9999,1.0,28.0
170594,9999,1.0,28.0
170595,9999,1.0,28.35
170596,9999,1.0,149.0
170596,9999,1.0,10.0
170597,9999,3.0,85.0
170597,9999,1.0,308.0
170598,9999,3.0,85.0
170599,9999,1.0,28.35
170599,9999,4.0,113.0
170600,9999,4.0,113.0
170600,9999,1.0,56.0
170600,9999,1.0,396.0
170601,9999,3.0,85.0
170601,9999,1.0,293.0
170602,9999,1.0,28.35
170602,9999,1.0,21.0
170603,9999,4.0,113.0
170603,9999,1.0,732.0
170603,9999,1.0,977.0
170604,9999,10.0,28.0
170605,9999,3.0,85.0
170605,9999,1.0,353.0
170606,9999,1.0,43.0
170606,9999,1.0,28.35
170607,9999,1.0,28.0
170608,9999,4.0,113.0
170608,9999,1.0,483.0
170609,9999,3.0,85.0
170610,9999,3.0,85.0
170611,9999,3.0,85.0
170611,9999,1.0,314.0
170612,9999,3.0,85.0
170612,9999,1.0,264.0
170613,9999,3.0,85.0
170613,9999,1.0,270.0
170614,9999,3.0,85.0
170614,9999,1.0,1236.0
170615,9999,3.0,85.0
170615,9999,1.0,1095.0
170616,9999,3.0,85.0
170616,9999,1.0,1236.0
170617,9999,1.0,235.0
170617,9999,3.0,85.0
170618,9999,3.0,85.0
170618,9999,1.0,658.0
170619,9999,3.0,85.0
170619,9999,1.0,290.0
170620,9999,3.0,85.0
170620,9999,1.0,286.0
170621,9999,3.0,85.0
170621,9999,1.0,214.0
170622,9999,3.0,85.0
170622,9999,1.0,207.0
170623,9999,3.0,85.0
170623,9999,1.0,233.0
170624,9999,3.0,85.0
170624,9999,1.0,220.0
170625,9999,3.0,85.0
170625,9999,1.0,220.0
170626,9999,3.0,85.0
170626,9999,1.0,185.0
170627,9999,3.0,85.0
170627,9999,1.0,464.0
170628,9999,3.0,85.0
170628,9999,1.0,185.0
170629,9999,3.0,85.0
170629,9999,1.0,489.0
170630,9999,3.0,85.0
170630,9999,1.0,191.0
170631,9999,3.0,85.0
170631,9999,1.0,515.0
170632,9999,3.0,85.0
170632,9999,1.0,337.0
170633,9999,3.0,85.0
170633,9999,1.0,346.0
170633,9999,1.0,330.0
170634,9999,3.0,85.0
170634,9999,1.0,355.0
170634,9999,1.0,331.0
170635,9999,3.0,85.0
170635,9999,1.0,337.0
170635,9999,1.0,296.0
170636,9999,3.0,85.0
170636,9999,1.0,1138.0
170637,9999,3.0,85.0
170637,9999,1.0,1141.0
170638,9999,3.0,85.0
170638,9999,1.0,267.0
170639,9999,3.0,85.0
170639,9999,1.0,267.0
170640,9999,3.0,85.0
170640,9999,1.0,108.0
170641,9999,3.0,85.0
170641,9999,1.0,119.0
170642,9999,3.0,85.0
170642,9999,1.0,121.0
170643,9999,3.0,85.0
170643,9999,1.0,117.0
170644,9999,1.0,88.0
170644,9999,1.0,22.0
170645,9999,1.0,20.0
170645,9999,1.0,14.0
170646,9999,1.0,315.0
170646,9999,1.0,20.0
170647,9999,1.0,9.0
170647,9999,2.0,18.0
170648,9999,1.0,28.35
170648,9999,1.0,227.0
170649,9999,1.0,28.35
170649,9999,1.0,227.0
170650,9999,1.0,28.35
170650,9999,10.0,60.0
170651,9999,1.0,28.35
170651,9999,10.0,60.0
170652,9999,1.0,9.0
170652,9999,2.0,18.0
170653,9999,1.0,28.35
170653,9999,2.0,57.0
170654,9999,1.0,150.0
170654,9999,1.0,28.35
170654,9999,1.5,42.0
170655,9999,1.0,146.0
170655,9999,1.0,28.35
170655,9999,1.5,42.0
170656,9999,1.0,3.5
170657,9999,1.0,6.0
170657,9999,1.0,5.0
170657,9999,1.0,283.0
170658,9999,3.0,42.0
170659,9999,0.5,67.0
170660,9999,1.0,68.0
170661,9999,1.0,68.0
170662,9999,1.0,68.0
170663,9999,1.0,68.0
170664,9999,1.0,68.0
170665,9999,1.0,79.0
170666,9999,1.0,64.0
170667,9999,1.0,78.0
170668,9999,1.0,71.0
170669,9999,1.0,56.0
170670,9999,1.0,28.0
170671,9999,1.0,58.0
170671,9999,0.5,66.0
170672,9999,1.0,12.9
170672,9999,1.0,189.0
170673,9999,1.0,14.5
170673,9999,1.0,202.0
170674,9999,1.0,4.6
170674,9999,1.0,202.0
170675,9999,1.0,0.5
170675,9999,1.0,23.0
170676,9999,1.0,31.0
170677,9999,2.0,35.0
170678,9999,0.25,40.0
170679,9999,1.0,1.0
170680,9999,1.0,52.0
170681,9999,1.0,20.0
170682,9999,1.0,193.0
170683,9999,1.0,246.0
170684,9999,1.0,128.0
170685,9999,1.0,164.0
170686,9999,1.0,168.0
170687,9999,1.0,120.0
170688,9999,1.0,140.0
170689,9999,1.0,69.0
170690,9999,1.0,91.0
170691,9999,1.0,127.0
170692,9999,1.0,115.0
170693,9999,1.0,78.0
170694,9999,1.0,97.0
170695,9999,1.0,149.0
170696,9999,6.0,196.0
170696,9999,12.0,391.0
170697,9999,1.0,117.0
170698,9999,1.0,71.0
170698,9999,1.0,117.0
170698,9999,1.0,154.0
170699,9999,1.0,242.0
170700,9999,1.0,24.8
170700,9999,1.0,298.0
170700,9999,1.0,397.0
170701,9999,1.0,156.0
170701,9999,1.0,124.0
170702,9999,1.0,130.0
170703,9999,1.0,127.0
170704,9999,1.0,91.0
170705,9999,6.0,228.0
170705,9999,12.0,457.0
170706,9999,6.0,184.0
170706,9999,12.0,367.0
170707,9999,6.0,184.0
170707,9999,12.0,368.0
170708,9999,6.0,209.0
170708,9999,12.0,418.0
170709,9999,6.0,209.0
170709,9999,12.0,418.0
170710,9999,1.0,171.0
170711,9999,6.0,184.0
170711,9999,12.0,367.0
170712,9999,6.0,184.0
170712,9999,12.0,368.0
170713,9999,6.0,190.0
170713,9999,12.0,381.0
170714,9999,1.0,139.0
170714,9999,1.0,149.0
170714,9999,1.0,834.0
170714,9999,1.0,595.0
170715,9999,1.0,143.0
170715,9999,1.0,129.0
170715,9999,1.0,177.0
170715,9999,1.0,713.0
170715,9999,1.0,644.0
170715,9999,1.0,354.0
170716,9999,1.0,170.0
170716,9999,1.0,149.0
170716,9999,1.0,138.0
170716,9999,1.0,1020.0
170716,9999,1.0,891.0
170716,9999,1.0,415.0
170717,9999,1.0,95.0
170718,9999,6.0,96.0
170718,9999,4.0,64.0
170718,9999,10.0,160.0
170718,9999,20.0,320.0
170719,9999,1.0,199.0
170720,9999,1.0,219.0
170721,9999,1.0,71.0
170721,9999,1.0,117.0
170721,9999,1.0,154.0
170721,9999,1.0,31.0
170722,9999,1.0,218.0
170723,9999,1.0,230.0
170724,9999,1.0,225.0
170725,9999,5.0,68.0
170725,9999,10.0,142.0
170726,9999,1.0,71.0
170726,9999,1.0,113.0
170726,9999,1.0,142.0
170726,9999,1.0,184.0
170727,9999,1.0,291.0
170728,9999,1.0,316.0
170729,9999,1.0,374.0
170730,9999,1.0,399.0
170731,9999,1.0,36.0
170731,9999,1.0,173.0
170732,9999,1.0,98.0
170733,9999,1.0,127.0
170734,9999,1.0,185.0
170735,9999,1.0,241.0
170736,9999,1.0,533.0
170737,9999,1.0,6.4
170737,9999,10.0,56.0
170739,9999,1.0,152.0
170739,9999,1.0,115.0
170740,9999,1.0,40.0
170740,9999,1.0,57.0
170741,9999,1.0,86.0
170741,9999,1.0,60.0
170742,9999,1.0,91.0
170742,9999,1.0,72.0
170743,9999,1.0,44.0
170743,9999,1.0,29.0
170744,9999,1.0,212.0
170744,9999,1.0,152.0
170744,9999,1.0,115.0
170745,9999,1.0,75.0
170745,9999,1.0,57.0
170745,9999,1.0,40.0
170746,9999,1.0,152.0
170746,9999,1.0,91.0
170746,9999,1.0,72.0
170747,9999,1.0,68.0
170747,9999,1.0,44.0
170747,9999,1.0,29.0
170748,9999,1.0,132.0
170748,9999,1.0,99.0
170749,9999,1.0,44.0
170749,9999,1.0,59.0
170750,9999,1.0,138.0
170750,9999,1.0,83.0
170750,9999,1.0,54.0
170751,9999,1.0,57.0
170751,9999,1.0,35.0
170751,9999,1.0,17.0
170752,9999,1.0,268.0
170753,9999,1.0,271.0
170754,9999,1.0,37.0
170754,9999,1.0,20.0
170756,9999,1.0,203.0
170756,9999,1.0,142.0
170756,9999,1.0,107.0
170757,9999,1.0,75.0
170757,9999,1.0,56.0
170757,9999,1.0,40.0
170758,9999,1.0,161.0
170758,9999,1.0,643.0
170759,9999,1.0,179.0
170759,9999,1.0,732.0
170760,9999,1.0,207.0
170760,9999,1.0,759.0
170761,9999,1.0,145.0
170761,9999,1.0,548.0
170762,9999,1.0,79.0
170762,9999,1.0,597.0
170763,9999,1.0,102.0
170764,9999,1.0,98.0
170765,9999,1.0,180.0
170766,9999,1.0,114.0
170766,9999,1.0,913.0
170767,9999,1.0,129.0
170767,9999,1.0,1032.0
170768,9999,1.0,92.0
170768,9999,1.0,737.0
170769,9999,1.0,119.0
170769,9999,1.0,952.0
170770,9999,1.0,126.0
170771,9999,1.0,91.0
170771,9999,1.0,117.0
170771,9999,1.0,142.0
170772,9999,1.0,215.0
170773,9999,1.0,117.0
170773,9999,1.0,937.0
170774,9999,1.0,117.0
170774,9999,1.0,937.0
170775,9999,12.0,347.0
170776,9999,1.0,132.0
170777,9999,1.0,133.0
170778,9999,1.0,123.0
170779,9999,1.0,124.0
170779,9999,1.0,155.0
170780,9999,1.0,127.0
170781,9999,1.0,124.0
170781,9999,1.0,156.0
170782,9999,1.0,133.0
170783,9999,4.0,113.0
170783,9999,1.0,434.0
170784,9999,1.0,146.0
170785,9999,1.0,133.0
170786,9999,1.0,123.0
170787,9999,1.0,109.0
170788,9999,1.0,43.0
170789,9999,1.0,43.0
170790,9999,1.0,187.0
170791,9999,1.0,149.0
170792,9999,1.0,130.0
170793,9999,1.0,129.0
170794,9999,1.0,86.0
170795,9999,5.0,88.0
170796,9999,4.0,113.0
170796,9999,1.0,432.0
170797,9999,3.0,85.0
170797,9999,1.0,224.0
170798,9999,3.0,85.0
170798,9999,1.0,231.0
170799,9999,3.0,85.0
170799,9999,1.0,227.0
170800,9999,4.0,113.0
170800,9999,1.0,325.0
170801,9999,3.0,85.0
170801,9999,1.0,308.0
170802,9999,4.0,113.0
170802,9999,1.0,382.0
170803,9999,4.0,113.0
170803,9999,1.0,386.0
170804,9999,4.0,113.0
170804,9999,1.0,384.0
170805,9999,3.0,85.0
170805,9999,1.0,141.0
170806,9999,3.0,85.0
170806,9999,1.0,141.0
170807,9999,4.0,113.0
170807,9999,1.0,204.0
170808,9999,4.0,113.0
170808,9999,1.0,191.0
170809,9999,4.0,113.0
170810,9999,4.0,113.0
170811,9999,3.0,85.0
170811,9999,1.0,445.0
170812,9999,3.0,85.0
170813,9999,4.0,113.0
170813,9999,1.0,679.0
170813,9999,1.0,960.0
170814,9999,4.0,113.0
170814,9999,1.0,648.0
170814,9999,1.0,949.0
170815,9999,4.0,113.0
170815,9999,1.0,732.0
170815,9999,1.0,977.0
170816,9999,3.0,85.0
170816,9999,1.0,353.0
170817,9999,4.0,113.0
170817,9999,1.0,458.0
170818,9999,4.0,113.0
170818,9999,1.0,361.0
170818,9999,1.0,1173.0
170819,9999,4.0,113.0
170819,9999,1.0,381.0
170819,9999,1.0,1139.0
170820,9999,3.0,85.0
170820,9999,1.0,609.0
170821,9999,3.0,85.0
170821,9999,1.0,141.0
170822,9999,3.0,85.0
170822,9999,1.0,141.0
170823,9999,3.0,85.0
170823,9999,1.0,141.0
170824,9999,4.0,113.0
170824,9999,1.0,198.0
170825,9999,3.0,85.0
170825,9999,1.0,315.0
170826,9999,4.0,113.0
170826,9999,1.0,432.0
170827,9999,4.0,113.0
170827,9999,1.0,434.0
170828,9999,4.0,113.0
170828,9999,1.0,429.0
170829,9999,3.0,85.0
170829,9999,1.0,224.0
170830,9999,3.0,85.0
170830,9999,1.0,231.0
170831,9999,4.0,113.0
170831,9999,1.0,331.0
170832,9999,4.0,113.0
170832,9999,1.0,325.0
170833,9999,4.0,113.0
170833,9999,1.0,340.0
170834,9999,4.0,113.0
170834,9999,1.0,382.0
170835,9999,4.0,113.0
170835,9999,1.0,386.0
170836,9999,3.0,85.0
170836,9999,1.0,2130.0
170837,9999,3.0,85.0
170837,9999,1.0,2259.0
170838,9999,4.0,113.0
170838,9999,1.0,471.0
170838,9999,1.0,2557.0
170839,9999,4.0,113.0
170839,9999,1.0,361.0
170839,9999,1.0,2155.0
170840,9999,4.0,113.0
170840,9999,1.0,350.0
170840,9999,1.0,2124.0
170841,9999,4.0,113.0
170841,9999,1.0,376.0
170841,9999,1.0,2203.0
170842,9999,3.0,85.0
170842,9999,1.0,1555.0
170843,9999,1.0,132.0
170843,9999,1.0,108.0
170843,9999,1.0,28.35
170843,9999,1.0,15.0
170843,9999,1.0,28.0
170843,9999,1.0,227.0
170844,9999,1.0,132.0
170844,9999,1.0,113.0
170844,9999,1.0,28.35
170844,9999,1.0,17.0
170844,9999,1.0,28.0
170844,9999,1.0,170.0
170845,9999,1.0,112.0
170845,9999,1.0,28.35
170845,9999,6.0,170.0
170846,9999,1.0,28.35
170846,9999,1.0,18.0
170847,9999,1.0,28.35
170848,9999,1.0,28.35
170848,9999,1.0,10.3
170848,9999,5.0,142.0
170849,9999,1.0,132.0
170849,9999,1.0,113.0
170849,9999,1.0,28.35
170849,9999,1.0,17.0
170849,9999,1.0,28.0
170849,9999,1.0,170.0
170850,9999,1.0,132.0
170850,9999,1.0,28.35
170850,9999,1.0,17.0
170850,9999,1.0,28.0
170850,9999,1.0,170.0
170851,9999,0.5,124.0
170851,9999,1.0,246.0
170852,9999,1.0,28.35
170852,9999,1.0,170.0
170853,9999,1.0,28.35
170853,9999,1.0,28.0
170853,9999,1.0,21.0
170853,9999,1.0,18.0
170853,9999,1.0,113.0
170853,9999,1.0,140.0
170853,9999,1.0,244.0
170854,9999,1.0,140.0
170854,9999,1.0,244.0
170854,9999,1.0,113.0
170854,9999,1.0,28.35
170854,9999,1.0,18.0
170854,9999,1.0,21.0
170855,9999,1.0,140.0
170855,9999,1.0,113.0
170855,9999,1.0,28.35
170855,9999,1.0,18.0
170855,9999,1.0,21.0
170856,9999,1.0,28.35
170856,9999,1.0,227.0
170857,9999,1.0,30.0
170857,9999,1.0,15.0
170857,9999,1.0,240.0
170857,9999,1.0,11.1
170858,9999,1.0,120.0
170858,9999,1.0,239.0
170858,9999,1.0,15.0
170859,9999,1.0,120.0
170859,9999,1.0,238.0
170859,9999,1.0,15.0
170859,9999,1.0,29.8
170860,9999,1.0,60.0
170860,9999,1.0,3.0
170861,9999,1.0,244.0
170861,9999,1.0,976.0
170862,9999,1.0,244.0
170862,9999,1.0,30.5
170862,9999,1.0,976.0
170863,9999,1.0,19.0
170865,9999,1.5,43.0
170865,9999,1.0,1.3
170866,9999,1.0,80.0
170866,9999,1.0,4.0
170866,9999,1.0,160.0
170867,9999,1.0,70.0
170867,9999,1.0,4.0
170868,9999,1.0,75.0
170868,9999,1.0,4.0
170869,9999,1.0,28.35
170869,9999,1.0,230.0
170870,9999,1.0,245.0
170870,9999,1.0,980.0
170871,9999,1.0,246.0
170871,9999,1.0,984.0
170872,9999,1.0,244.0
170872,9999,1.0,30.5
170872,9999,1.0,976.0
170873,9999,1.0,245.0
170873,9999,1.0,980.0
170874,9999,1.0,245.0
170874,9999,1.0,30.6
170874,9999,1.0,980.0
170875,9999,1.0,244.0
170875,9999,1.0,30.5
170875,9999,1.0,976.0
170876,9999,0.25,32.0
170876,9999,1.0,128.0
170877,9999,0.25,30.0
170877,9999,1.0,120.0
170877,9999,5.0,23.0
170878,9999,1.0,31.9
170878,9999,1.0,256.0
170878,9999,0.5,128.0
170879,9999,1.0,250.0
170879,9999,1.0,31.2
170879,9999,1.0,1000.0
170880,9999,1.0,250.0
170880,9999,1.0,31.2
170880,9999,1.0,1000.0
170881,9999,1.0,250.0
170881,9999,1.0,1000.0
170882,9999,1.0,245.0
170882,9999,1.0,980.0
170883,9999,1.0,28.4
170883,9999,1.0,300.0
170884,9999,1.0,28.4
170884,9999,1.0,313.0
170885,9999,1.0,246.0
170885,9999,1.0,984.0
170886,9999,1.0,170.0
170886,9999,1.0,227.0
170886,9999,0.5,113.0
170886,9999,1.0,245.0
170887,9999,1.0,170.0
170887,9999,1.0,227.0
170887,9999,1.0,245.0
170888,9999,1.0,170.0
170888,9999,1.0,227.0
170888,9999,1.0,245.0
170889,9999,1.0,170.0
170889,9999,1.0,125.0
170889,9999,1.0,142.0
170889,9999,1.0,245.0
170889,9999,1.0,227.0
170889,9999,0.5,113.0
170890,9999,1.0,68.0
170892,9999,1.0,227.0
170893,9999,1.0,28.0
170894,9999,1.0,170.0
170895,9999,1.0,107.0
170895,9999,1.0,7.0
170896,9999,1.0,21.0
170896,9999,1.0,566.0
170897,9999,1.0,28.0
170898,9999,2.0,5.0
170899,9999,1.0,19.0
170899,9999,1.0,21.0
170899,9999,1.0,28.0
170900,9999,1.0,86.0
170901,9999,1.0,150.0
170902,9999,1.0,150.0
170903,9999,1.0,200.0
170904,9999,1.0,243.0
170904,9999,1.0,971.0
170906,9999,1.0,245.0
170906,9999,1.0,227.0
170906,9999,0.5,113.0
170917,9999,1.0,0.6
170917,9999,1.0,1.8
170918,9999,1.0,2.1
170918,9999,1.0,6.7
170919,9999,1.0,2.0
170919,9999,1.0,5.8
170920,9999,1.0,2.0
170920,9999,1.0,6.5
170921,9999,1.0,0.6
170921,9999,1.0,1.8
170922,9999,1.0,1.8
170922,9999,1.0,5.0
170923,9999,1.0,2.1
170923,9999,1.0,6.0
170924,9999,1.0,2.0
170924,9999,1.0,6.3
170925,9999,1.0,2.1
170925,9999,1.0,6.6
170926,9999,1.0,1.8
170926,9999,1.0,5.2
170927,9999,1.0,1.7
170927,9999,1.0,5.3
170928,9999,1.0,0.6
170928,9999,1.0,1.7
170929,9999,1.0,2.0
170929,9999,1.0,6.3
170930,9999,1.0,0.5
170930,9999,1.0,1.6
170931,9999,1.0,2.3
170931,9999,1.0,6.9
170931,9999,1.0,2.9
170931,9999,1.0,0.1
170932,9999,1.0,1.8
170932,9999,1.0,5.3
170933,9999,1.0,2.4
170933,9999,1.0,7.1
170934,9999,1.0,0.7
170934,9999,1.0,2.1
170935,9999,1.0,0.7
170935,9999,1.0,2.0
170936,9999,1.0,1.4
170936,9999,1.0,4.4
170937,9999,1.0,0.6
170937,9999,1.0,1.8
170937,9999,1.0,1.6
170937,9999,1.0,4.8
170938,9999,1.0,1.0
170938,9999,1.0,2.7
170938,9999,1.0,1.4
170938,9999,1.0,4.3
170939,9999,1.0,16.0
170939,9999,1.0,28.35
170939,9999,1.0,95.0
170939,9999,1.0,240.0
170939,9999,1.0,91.0
170940,9999,1.0,28.35
170941,9999,1.0,240.0
170941,9999,1.0,15.0
170941,9999,1.0,28.35
170941,9999,1.0,113.0
170941,9999,1.0,113.0
170942,9999,1.0,15.0
170942,9999,1.0,28.35
170942,9999,1.0,170.0
170942,9999,1.0,170.0
170942,9999,1.0,170.0
170943,9999,1.0,16.0
170943,9999,1.0,28.35
170943,9999,1.0,170.0
170943,9999,1.0,170.0
170943,9999,1.0,170.0
170943,9999,1.0,170.0
170944,9999,1.0,15.0
170944,9999,1.0,28.35
170944,9999,1.0,113.0
170944,9999,1.0,113.0
170944,9999,1.0,113.0
170945,9999,1.0,15.0
170945,9999,1.0,28.35
170945,9999,1.0,170.0
170945,9999,1.0,170.0
170946,9999,1.0,15.0
170946,9999,1.0,28.35
170946,9999,1.0,113.0
170946,9999,1.0,113.0
170946,9999,1.0,120.0
170947,9999,1.0,16.0
170947,9999,1.0,28.35
170947,9999,1.0,113.0
170947,9999,1.0,128.0
170947,9999,1.0,113.0
170947,9999,1.0,113.0
170947,9999,1.0,113.0
170948,9999,1.0,16.0
170948,9999,1.0,28.35
170948,9999,1.0,170.0
170948,9999,1.0,170.0
170949,9999,1.0,28.35
170949,9999,1.0,113.0
170950,9999,1.0,28.35
170950,9999,1.0,170.0
170951,9999,1.0,16.0
170951,9999,1.0,170.0
170951,9999,1.0,170.0
170952,9999,1.0,113.0
170953,9999,1.0,15.0
170953,9999,1.0,28.35
170953,9999,1.0,170.0
170953,9999,1.0,170.0
170953,9999,1.0,170.0
170954,9999,1.0,15.0
170954,9999,1.0,28.35
170954,9999,1.0,113.0
170954,9999,1.0,113.0
170954,9999,1.0,120.0
170955,9999,1.0,16.0
170955,9999,1.0,28.35
170955,9999,1.0,113.0
170955,9999,1.0,113.0
170955,9999,1.0,113.0
170955,9999,1.0,113.0
170956,9999,1.0,15.0
170956,9999,1.0,113.0
170956,9999,1.0,113.0
170957,9999,1.0,28.35
170957,9999,1.0,113.0
170958,9999,1.0,28.35
170958,9999,1.0,170.0
170959,9999,1.0,31.7
170959,9999,1.0,127.0
170959,9999,1.0,131.0
170959,9999,1.0,125.0
170959,9999,1.0,125.0
170959,9999,1.0,125.0
170960,9999,1.0,31.2
170960,9999,1.0,127.0
170960,9999,1.0,125.0
170961,9999,1.0,31.2
170961,9999,1.0,127.0
170962,9999,1.0,31.2
170962,9999,1.0,127.0
170963,9999,1.0,31.2
170963,9999,1.0,127.0
170964,9999,1.0,2.5
170964,9999,0.5,15.0
170965,9999,1.0,2.5
170965,9999,0.5,15.0
170966,9999,1.0,28.35
170966,9999,1.0,113.0
170967,9999,1.0,28.35
170967,9999,1.0,170.0
170968,9999,1.0,2.4
170968,9999,0.5,14.2
170969,9999,1.0,2.5
170969,9999,0.5,15.0
170970,9999,1.0,16.0
170970,9999,1.0,28.35
170970,9999,1.0,113.0
170970,9999,1.0,113.0
170970,9999,1.0,120.0
170971,9999,1.0,28.35
170971,9999,1.0,113.0
170972,9999,1.0,0.7
170973,9999,1.0,2.4
170973,9999,0.5,14.2
170974,9999,1.0,2.5
170974,9999,0.5,15.0
170975,9999,1.0,28.35
170975,9999,1.0,6.5
170976,9999,1.0,28.35
170976,9999,1.0,113.0
170977,9999,1.0,28.35
170977,9999,1.0,170.0
170978,9999,1.0,28.35
170979,9999,1.0,28.35
170979,9999,1.0,113.0
170980,9999,1.0,28.35
170980,9999,1.0,113.0
170981,9999,1.0,28.35
170981,9999,1.0,220.0
170982,9999,1.0,15.0
170982,9999,1.0,28.35
170982,9999,1.0,113.0
170982,9999,1.0,113.0
170983,9999,1.0,15.0
170983,9999,1.0,28.35
170983,9999,1.0,113.0
170983,9999,1.0,113.0
170983,9999,1.0,120.0
170984,9999,1.0,31.2
170985,9999,1.0,189.0
170986,9999,1.0,30.8
170987,9999,1.0,31.0
170987,9999,1.0,113.0
170988,9999,1.0,8.7
170989,9999,1.0,170.0
170990,9999,1.0,16.0
170990,9999,1.0,69.0
170991,9999,1.0,29.2
170992,9999,1.0,9.0
170993,9999,1.0,29.2
170994,9999,1.0,30.5
170994,9999,5.0,152.0
170995,9999,1.0,30.4
170995,9999,5.0,152.0
170996,9999,1.0,30.4
170996,9999,5.0,152.0
170997,9999,1.0,30.4
170997,9999,5.0,152.0
170998,9999,1.0,140.0
170999,9999,1.0,99.0
171000,9999,3.0,16.0
171001,9999,4.0,8.0
171002,9999,1.0,15.0
171003,9999,1.0,16.0
171004,9999,1.0,16.0
171005,9999,1.0,15.0
171005,9999,1.0,245.0
171005,9999,1.0,30.0
171006,9999,1.0,15.0
171006,9999,1.0,245.0
171007,9999,1.0,16.0
171007,9999,1.0,260.0
171008,9999,1.0,15.0
171008,9999,1.0,245.0
171008,9999,1.0,15.0
171009,9999,1.0,13.8
171009,9999,1.0,220.0
171009,9999,1.0,10.0
171010,9999,1.0,13.8
171010,9999,1.0,220.0
171011,9999,1.0,12.8
171011,9999,1.0,205.0
171012,9999,1.0,13.6
171012,9999,1.0,218.0
171012,9999,1.0,4.5
171013,9999,1.0,13.6
171013,9999,1.0,218.0
171013,9999,1.0,4.5
171014,9999,1.0,4.5
171014,9999,1.0,13.6
171014,9999,1.0,218.0
171015,9999,1.0,13.6
171015,9999,1.0,216.0
171015,9999,1.0,4.5
171016,9999,1.0,13.6
171016,9999,1.0,218.0
171016,9999,1.0,4.5
171017,9999,1.0,13.6
171017,9999,1.0,218.0
171017,9999,1.0,4.5
171018,9999,1.0,4.7
171018,9999,1.0,113.0
171019,9999,1.0,14.7
171019,9999,1.0,235.0
171020,9999,1.0,15.0
171021,9999,1.0,16.0
171021,9999,1.0,260.0
171022,9999,1.0,14.7
171022,9999,1.0,235.0
171023,9999,1.0,15.0
171023,9999,1.0,240.0
171024,9999,1.0,13.6
171024,9999,1.0,218.0
171024,9999,1.0,4.5
171025,9999,1.0,13.6
171025,9999,1.0,218.0
171025,9999,1.0,4.5
171026,9999,1.0,13.6
171026,9999,1.0,218.0
171026,9999,1.0,4.5
171027,9999,1.0,13.6
171027,9999,1.0,218.0
171027,9999,1.0,4.5
171028,9999,1.0,13.6
171028,9999,1.0,218.0
171028,9999,1.0,4.5
171029,9999,1.0,13.6
171029,9999,1.0,218.0
171029,9999,1.0,4.5
171030,9999,1.0,13.6
171030,9999,1.0,218.0
171030,9999,1.0,4.5
171031,9999,1.0,13.6
171031,9999,1.0,218.0
171031,9999,1.0,4.5
171032,9999,1.0,13.6
171032,9999,1.0,218.0
171032,9999,1.0,4.5
171033,9999,1.0,14.0
171034,9999,2.0,30.0
171035,9999,1.0,14.0
171036,9999,1.0,8.0
171037,9999,1.0,14.0
171038,9999,1.0,14.0
171038,9999,1.0,229.0
171038,9999,1.0,4.8
171039,9999,1.0,14.0
171039,9999,1.0,229.0
171039,9999,1.0,4.8
171040,9999,1.0,14.0
171040,9999,1.0,229.0
171040,9999,1.0,4.8
171041,9999,1.0,14.0
171042,9999,1.0,14.0
171042,9999,1.0,218.0
171042,9999,1.0,4.5
171043,9999,2.0,30.0
171044,9999,2.0,33.0
171045,9999,2.0,34.0
171046,9999,2.0,30.0
171047,9999,3.0,85.0
171047,9999,1.0,1046.0
171048,9999,3.0,85.0
171048,9999,1.0,308.0
171048,9999,1.0,1028.0
171049,9999,3.0,85.0
171049,9999,1.0,212.0
171049,9999,1.0,708.0
171050,9999,3.0,85.0
171050,9999,1.0,205.0
171050,9999,1.0,682.0
171051,9999,1.0,140.0
171051,9999,1.0,200.0
171051,9999,0.5,334.0
171052,9999,4.0,113.0
171052,9999,1.0,197.0
171052,9999,0.5,329.0
171053,9999,1.0,140.0
171053,9999,1.0,155.0
171053,9999,0.5,258.0
171054,9999,1.0,140.0
171054,9999,1.0,8.7
171054,9999,1.0,146.0
171055,9999,1.0,34.0
171055,9999,0.5,56.0
171056,9999,3.0,85.0
171056,9999,0.5,44.0
171056,9999,0.0,72.0
171057,9999,1.0,23.0
171057,9999,1.0,75.0
171058,9999,1.0,145.0
171058,9999,1.0,13.0
171059,9999,1.0,145.0
171059,9999,1.0,1.0
171060,9999,4.0,113.0
171060,9999,1.0,44.0
171061,9999,3.0,85.0
171061,9999,1.0,44.0
171062,9999,4.0,113.0
171062,9999,0.5,116.0
171062,9999,0.0,194.0
171063,9999,3.0,85.0
171063,9999,1.0,167.0
171063,9999,0.5,278.0
171064,9999,1.0,110.0
171064,9999,0.5,184.0
171065,9999,1.0,101.0
171065,9999,0.5,167.0
171066,9999,1.0,110.0
171066,9999,0.5,184.0
171067,9999,1.0,109.0
171067,9999,0.5,182.0
171068,9999,1.0,140.0
171068,9999,1.0,91.0
171069,9999,1.0,140.0
171069,9999,1.0,81.0
171069,9999,0.5,136.0
171070,9999,1.0,140.0
171070,9999,1.0,86.0
171070,9999,0.5,143.0
171071,9999,1.0,32.0
171071,9999,0.5,53.0
171072,9999,3.0,85.0
171072,9999,1.0,36.0
171072,9999,1.0,160.0
171073,9999,4.0,113.0
171073,9999,0.5,31.0
171073,9999,0.0,51.0
171074,9999,1.0,35.0
171074,9999,0.5,58.0
171075,9999,1.0,140.0
171075,9999,1.0,58.0
171075,9999,0.5,98.0
171076,9999,1.0,140.0
171076,9999,1.0,66.0
171076,9999,0.5,110.0
171077,9999,4.0,113.0
171077,9999,1.0,272.0
171077,9999,1.0,926.0
171078,9999,1.0,52.0
171078,9999,0.5,86.0
171079,9999,1.0,251.0
171079,9999,1.0,168.0
171080,9999,1.0,101.0
171080,9999,1.0,151.0
171081,9999,4.0,113.0
171081,9999,1.0,5002.0
171082,9999,3.0,85.0
171083,9999,4.0,113.0
171083,9999,1.0,157.0
171084,9999,3.0,85.0
171084,9999,1.0,95.0
171085,9999,4.0,113.0
171085,9999,1.0,63.0
171086,9999,1.0,28.35
171086,9999,1.0,453.0
171087,9999,3.0,85.0
171088,9999,4.0,113.0
171088,9999,1.0,453.0
171089,9999,3.0,85.0
171090,9999,4.0,113.0
171090,9999,1.0,85.0
171091,9999,3.0,85.0
171092,9999,1.0,140.0
171092,9999,0.5,262.0
171092,9999,1.0,34.0
171093,9999,1.0,146.0
171093,9999,0.5,1132.0
171094,9999,3.0,85.0
171094,9999,1.0,24.0
171094,9999,1.0,186.0
171095,9999,3.0,85.0
171095,9999,0.5,808.0
171095,9999,1.0,229.0
171096,9999,4.0,113.0
171096,9999,1.0,1124.0
171097,9999,3.0,85.0
171097,9999,1.0,911.0
171098,9999,4.0,113.0
171098,9999,1.0,1769.0
171099,9999,3.0,85.0
171099,9999,1.0,142.0
171100,9999,1.0,13.0
171100,9999,1.0,28.35
171101,9999,3.0,85.0
171101,9999,1.0,135.0
171101,9999,1.0,142.0
171101,9999,1.0,125.0
171102,9999,1.0,28.35
171102,9999,0.5,227.0
171103,9999,1.0,64.0
171104,9999,0.5,227.0
171105,9999,0.5,227.0
171106,9999,0.5,227.0
171107,9999,3.0,85.0
171107,9999,0.5,129.0
171107,9999,1.0,257.0
171108,9999,3.0,85.0
171108,9999,0.5,120.0
171108,9999,1.0,239.0
171109,9999,3.0,85.0
171109,9999,0.5,110.0
171109,9999,1.0,220.0
171110,9999,3.0,85.0
171110,9999,1.0,205.0
171110,9999,1.0,125.0
171111,9999,3.0,85.0
171111,9999,1.0,29.0
171111,9999,1.0,86.0
171112,9999,1.0,92.0
171112,9999,1.0,43.0
171112,9999,3.0,85.0
171113,9999,3.0,85.0
171113,9999,1.0,174.0
171113,9999,1.0,35.0
171113,9999,1.0,75.0
171114,9999,3.0,85.0
171114,9999,1.0,71.0
171115,9999,3.0,85.0
171115,9999,1.0,96.0
171116,9999,4.0,113.0
171117,9999,3.0,85.0
171118,9999,3.0,85.0
171118,9999,1.0,95.0
171119,9999,3.0,85.0
171119,9999,1.0,453.6
171120,9999,1.0,89.0
171120,9999,1.0,85.0
171120,9999,1.0,28.35
171121,9999,1.0,53.0
171121,9999,1.0,85.0
171121,9999,1.0,28.35
171122,9999,1.0,102.0
171122,9999,1.0,85.0
171122,9999,1.0,28.35
171123,9999,1.0,85.0
171123,9999,1.0,28.35
171123,9999,1.0,343.0
171124,9999,3.0,85.0
171124,9999,1.0,182.0
171125,9999,3.0,85.0
171125,9999,1.0,384.0
171126,9999,3.0,85.0
171126,9999,1.0,71.0
171127,9999,3.0,85.0
171127,9999,1.0,95.0
171128,9999,3.0,85.0
171128,9999,1.0,217.0
171129,9999,4.0,113.0
171129,9999,1.0,424.0
171130,9999,4.0,113.0
171130,9999,1.0,1171.0
171131,9999,3.0,85.0
171131,9999,1.0,327.0
171132,9999,3.0,85.0
171132,9999,1.0,518.0
171133,9999,3.0,85.0
171133,9999,1.0,375.0
171134,9999,4.0,113.0
171134,9999,1.0,356.0
171135,9999,3.0,85.0
171135,9999,1.0,275.0
171136,9999,4.0,113.0
171136,9999,1.0,337.0
171137,9999,3.0,85.0
171137,9999,1.0,348.0
171138,9999,4.0,113.0
171138,9999,1.0,1245.0
171139,9999,3.0,85.0
171139,9999,1.0,949.0
171140,9999,3.0,85.0
171140,9999,1.0,181.0
171141,9999,1.0,257.0
171141,9999,1.0,312.0
171142,9999,0.5,130.0
171142,9999,1.0,326.0
171143,9999,1.0,263.0
171143,9999,1.0,319.0
171144,9999,1.0,243.0
171144,9999,1.0,546.0
171145,9999,1.0,245.0
171146,9999,0.5,126.0
171146,9999,1.0,305.0
171147,9999,0.5,126.0
171147,9999,1.0,305.0
171148,9999,1.0,530.0
171148,9999,1.0,243.0
171149,9999,0.5,121.0
171149,9999,1.0,303.0
171150,9999,1.0,263.0
171150,9999,1.0,319.0
171151,9999,1.0,240.0
171151,9999,1.0,539.0
171152,9999,0.5,126.0
171152,9999,1.0,305.0
171153,9999,0.5,123.0
171153,9999,1.0,298.0
171154,9999,0.5,126.0
171154,9999,1.0,305.0
171155,9999,0.5,126.0
171156,9999,0.5,126.0
171156,9999,1.0,305.0
171157,9999,0.5,135.0
171157,9999,1.0,326.0
171158,9999,0.5,124.0
171159,9999,0.5,126.0
171159,9999,1.0,305.0
171160,9999,1.0,251.0
171160,9999,1.0,305.0
171161,9999,0.5,126.0
171161,9999,1.0,298.0
171162,9999,1.0,245.0
171162,9999,1.0,539.0
171163,9999,0.5,126.0
171163,9999,1.0,305.0
171164,9999,0.5,123.0
171164,9999,1.0,298.0
171165,9999,1.0,7.5
171165,9999,1.0,39.0
171166,9999,1.0,18.0
171167,9999,1.0,18.0
171167,9999,1.0,36.0
171167,9999,1.0,288.0
171168,9999,0.25,59.0
171168,9999,1.0,298.0
171169,9999,1.0,3.0
171170,9999,1.0,238.0
171170,9999,1.0,298.0
171171,9999,1.0,21.0
171172,9999,1.0,24.0
171173,9999,1.0,6.7
171174,9999,0.5,103.0
171175,9999,0.5,126.0
171175,9999,1.0,305.0
171176,9999,1.0,248.0
171176,9999,1.0,31.0
171177,9999,1.0,81.0
171177,9999,1.0,5.8
171178,9999,1.0,121.0
171178,9999,1.0,303.0
171179,9999,1.0,213.0
171179,9999,1.0,413.0
171179,9999,1.0,925.0
171180,9999,1.0,220.0
171180,9999,1.0,928.0
171181,9999,10.0,283.0
171182,9999,10.0,283.0
171183,9999,10.0,283.0
171184,9999,10.0,283.0
171185,9999,0.25,60.0
171186,9999,1.0,6.5
171187,9999,1.0,6.9
171188,9999,1.0,6.2
171189,9999,1.0,292.0
171189,9999,1.0,292.0
171190,9999,1.0,250.0
171190,9999,1.0,528.0
171191,9999,0.25,63.0
171192,9999,1.0,132.0
171193,9999,4.0,113.0
171193,9999,1.0,429.0
171194,9999,4.0,113.0
171194,9999,1.0,340.0
171195,9999,4.0,113.0
171195,9999,1.0,331.0
171196,9999,3.0,85.0
171196,9999,1.0,307.0
171197,9999,3.0,85.0
171197,9999,1.0,309.0
171198,9999,3.0,85.0
171198,9999,1.0,793.0
171199,9999,3.0,85.0
171199,9999,1.0,779.0
171200,9999,3.0,85.0
171200,9999,1.0,787.0
171201,9999,3.0,85.0
171201,9999,1.0,141.0
171202,9999,4.0,113.0
171202,9999,1.0,198.0
171203,9999,3.0,85.0
171203,9999,1.0,453.6
171204,9999,3.0,85.0
171205,9999,3.0,85.0
171206,9999,4.0,113.0
171207,9999,3.0,85.0
171208,9999,3.0,85.0
171209,9999,3.0,85.0
171209,9999,1.0,291.0
171210,9999,3.0,85.0
171210,9999,1.0,2044.0
171211,9999,3.0,85.0
171211,9999,1.0,356.0
171212,9999,3.0,85.0
171212,9999,1.0,349.0
171213,9999,4.0,113.0
171213,9999,1.0,473.0
171214,9999,4.0,113.0
171214,9999,1.0,483.0
171215,9999,3.0,85.0
171215,9999,1.0,586.0
171216,9999,3.0,85.0
171216,9999,1.0,645.0
171217,9999,3.0,85.0
171217,9999,1.0,449.0
171218,9999,3.0,85.0
171218,9999,1.0,445.0
171219,9999,3.0,85.0
171219,9999,1.0,454.0
171220,9999,4.0,113.0
171220,9999,1.0,204.0
171221,9999,4.0,113.0
171221,9999,1.0,191.0
171222,9999,3.0,85.0
171222,9999,1.0,289.0
171223,9999,3.0,85.0
171223,9999,1.0,272.0
171224,9999,3.0,85.0
171224,9999,1.0,787.0
171225,9999,3.0,85.0
171225,9999,1.0,793.0
171226,9999,3.0,85.0
171226,9999,1.0,779.0
171227,9999,3.0,85.0
171227,9999,1.0,227.0
171228,9999,3.0,85.0
171228,9999,1.0,308.0
171229,9999,3.0,85.0
171229,9999,1.0,307.0
171230,9999,3.0,85.0
171230,9999,1.0,309.0
171231,9999,4.0,113.0
171231,9999,1.0,384.0
171232,9999,3.0,85.0
171232,9999,1.0,281.0
171233,9999,3.0,85.0
171233,9999,1.0,306.0
171234,9999,4.0,113.0
171234,9999,1.0,462.0
171234,9999,1.0,2627.0
171235,9999,4.0,113.0
171235,9999,1.0,456.0
171235,9999,1.0,2674.0
171236,9999,3.0,85.0
171236,9999,1.0,381.0
171237,9999,3.0,85.0
171237,9999,1.0,378.0
171238,9999,3.0,85.0
171238,9999,1.0,385.0
171239,9999,3.0,85.0
171239,9999,1.0,1601.0
171240,9999,1.0,28.35
171240,9999,1.0,227.0
171241,9999,1.0,28.35
171241,9999,1.0,198.0
171242,9999,1.0,28.35
171242,9999,1.0,28.0
171242,9999,1.0,15.0
171242,9999,1.0,132.0
171242,9999,1.0,108.0
171242,9999,1.0,170.0
171243,9999,1.0,134.0
171243,9999,1.0,28.35
171243,9999,1.0,18.0
171243,9999,1.0,113.0
171243,9999,1.0,227.0
171244,9999,1.0,132.0
171244,9999,1.0,113.0
171244,9999,1.0,28.35
171244,9999,1.0,18.0
171244,9999,1.0,28.0
171245,9999,1.0,132.0
171245,9999,1.0,113.0
171245,9999,1.0,28.35
171245,9999,1.0,18.0
171245,9999,1.0,28.0
171245,9999,1.0,170.0
171246,9999,1.0,28.35
171246,9999,1.0,85.0
171247,9999,1.0,100.0
171247,9999,1.0,5.0
171247,9999,1.0,28.35
171248,9999,0.5,124.0
171248,9999,1.0,28.35
171248,9999,1.0,246.0
171249,9999,1.0,28.35
171249,9999,5.0,142.0
171250,9999,1.0,28.35
171250,9999,1.0,85.0
171251,9999,1.0,132.0
171251,9999,1.0,244.0
171251,9999,1.0,108.0
171251,9999,1.0,28.35
171251,9999,1.0,15.0
171251,9999,1.0,28.0
171252,9999,1.0,113.0
171252,9999,1.0,28.35
171252,9999,1.0,21.0
171252,9999,1.0,227.0
171253,9999,1.0,28.35
171253,9999,1.0,227.0
171254,9999,1.0,140.0
171254,9999,1.0,244.0
171254,9999,1.0,128.0
171254,9999,1.0,18.0
171254,9999,1.0,142.0
171254,9999,1.0,34.0
171254,9999,1.0,14.0
171255,9999,1.0,30.2
171255,9999,1.0,15.0
171255,9999,1.0,242.0
171255,9999,1.0,15.0
171256,9999,1.0,15.0
171256,9999,1.0,242.0
171257,9999,1.0,12.0
171257,9999,1.0,230.0
171258,9999,1.0,254.0
171258,9999,1.0,31.8
171258,9999,1.0,1016.0
171259,9999,1.0,12.0
171259,9999,1.0,235.0
171261,9999,1.0,15.0
171261,9999,1.0,30.0
171261,9999,1.0,240.0
171261,9999,0.5,120.0
171262,9999,1.0,15.0
171262,9999,0.5,120.0
171263,9999,1.0,94.0
171263,9999,1.0,2.0
171263,9999,1.0,3.0
171264,9999,1.0,244.0
171264,9999,1.0,976.0
171265,9999,1.0,244.0
171265,9999,1.0,30.5
171265,9999,1.0,15.0
171265,9999,1.0,976.0
171266,9999,1.0,244.0
171266,9999,1.0,976.0
171267,9999,1.0,244.0
171267,9999,1.0,30.5
171267,9999,1.0,976.0
171268,9999,1.0,246.0
171268,9999,1.0,984.0
171269,9999,1.0,245.0
171269,9999,1.0,30.6
171269,9999,1.0,980.0
171270,9999,1.0,245.0
171270,9999,1.0,30.6
171270,9999,1.0,980.0
171271,9999,1.0,246.0
171271,9999,1.0,984.0
171272,9999,1.0,68.0
171272,9999,1.0,91.0
171272,9999,0.33,23.0
171273,9999,1.0,28.35
171273,9999,0.25,113.0
171274,9999,0.25,30.0
171274,9999,1.0,120.0
171274,9999,1.0,6.5
171275,9999,1.0,38.2
171275,9999,1.0,306.0
171276,9999,1.0,31.5
171276,9999,1.0,252.0
171276,9999,1.0,369.0
171276,9999,0.5,126.0
171277,9999,1.0,250.0
171277,9999,1.0,31.2
171278,9999,1.0,30.5
171278,9999,1.0,244.0
171278,9999,1.0,976.0
171279,9999,1.0,30.8
171279,9999,1.0,246.0
171280,9999,1.0,244.0
171280,9999,1.0,976.0
171281,9999,1.0,57.0
171281,9999,1.0,2.9
171282,9999,1.0,246.0
171282,9999,1.0,984.0
171283,9999,1.0,145.0
171283,9999,1.0,7.5
171284,9999,1.0,170.0
171284,9999,1.0,227.0
171284,9999,0.5,113.0
171284,9999,1.0,245.0
171285,9999,1.0,170.0
171285,9999,1.0,245.0
171285,9999,1.0,227.0
171285,9999,1.0,116.0
171285,9999,0.5,113.0
171286,9999,1.0,170.0
171286,9999,0.5,113.0
171286,9999,1.0,227.0
171287,9999,1.0,50.0
171287,9999,1.0,56.0
171287,9999,1.0,63.0
171287,9999,1.0,243.0
171287,9999,1.0,44.0
171287,9999,1.0,38.0
171288,9999,0.25,28.0
171289,9999,1.0,19.0
171289,9999,1.0,21.0
171290,9999,1.0,28.35
171290,9999,1.0,21.0
171290,9999,1.0,28.0
171290,9999,1.0,18.0
171290,9999,1.0,140.0
171290,9999,1.0,113.0
171290,9999,1.0,244.0
171291,9999,1.0,113.0
171291,9999,1.0,28.35
171291,9999,1.0,21.0
171291,9999,1.0,227.0
171292,9999,1.0,21.0
171293,9999,1.0,298.0
171294,9999,26.0,95.0
171295,9999,1.0,28.0
171296,9999,5.3,150.0
171297,9999,5.3,150.0
171298,9999,5.3,150.0
171299,9999,5.3,150.0
171300,9999,1.0,150.0
171300,9999,1.0,245.0
171300,9999,1.0,170.0
171300,9999,1.0,227.0
171300,9999,1.0,116.0
171300,9999,0.0,113.0
171301,9999,1.0,247.0
171301,9999,1.0,989.0
171302,9999,1.0,252.0
171302,9999,1.0,31.5
171302,9999,1.0,369.0
171302,9999,0.5,126.0
171303,9999,1.0,250.0
171303,9999,1.0,31.2
171303,9999,1.0,1000.0
171315,9999,1.0,1.9
171315,9999,1.0,6.0
171316,9999,1.0,2.1
171316,9999,1.0,6.7
171317,9999,1.0,0.7
171317,9999,1.0,2.1
171317,9999,1.0,1.4
171317,9999,1.0,4.5
171318,9999,1.0,0.6
171318,9999,1.0,1.9
171319,9999,1.0,2.7
171319,9999,1.0,8.0
171320,9999,1.0,2.6
171320,9999,1.0,7.8
171321,9999,1.0,2.1
171321,9999,1.0,6.5
171322,9999,1.0,1.0
171322,9999,1.0,3.1
171323,9999,1.0,2.0
171323,9999,1.0,5.8
171324,9999,1.0,3.7
171324,9999,1.0,11.1
171325,9999,1.0,3.1
171325,9999,1.0,9.7
171326,9999,1.0,2.2
171326,9999,1.0,7.0
171327,9999,1.0,2.4
171327,9999,1.0,6.9
171328,9999,1.0,1.0
171328,9999,1.0,1.8
171329,9999,1.0,2.3
171329,9999,1.0,6.8
171330,9999,1.0,2.8
171330,9999,1.0,8.8
171331,9999,1.0,1.5
171331,9999,1.0,4.4
171332,9999,1.0,1.7
171332,9999,1.0,5.6
171333,9999,1.0,1.2
171333,9999,1.0,3.3
171334,9999,1.0,240.0
171334,9999,1.0,15.0
171334,9999,1.0,28.35
171334,9999,1.0,170.0
171334,9999,1.0,170.0
171335,9999,1.0,15.0
171335,9999,1.0,28.35
171335,9999,1.0,113.0
171335,9999,1.0,113.0
171335,9999,1.0,120.0
171336,9999,1.0,17.0
171336,9999,1.0,28.35
171336,9999,1.0,95.0
171336,9999,1.0,67.0
171337,9999,1.0,17.0
171337,9999,1.0,28.35
171337,9999,1.0,95.0
171337,9999,1.0,67.0
171338,9999,1.0,16.0
171338,9999,1.0,28.35
171338,9999,1.0,113.0
171338,9999,1.0,71.0
171338,9999,1.0,113.0
171338,9999,1.0,71.0
171338,9999,1.0,113.0
171338,9999,1.0,113.0
171338,9999,1.0,113.0
171338,9999,1.0,71.0
171339,9999,1.0,28.35
171339,9999,1.0,170.0
171340,9999,1.0,15.0
171340,9999,1.0,71.0
171341,9999,1.0,15.0
171341,9999,1.0,28.35
171341,9999,1.0,113.0
171341,9999,1.0,113.0
171342,9999,1.0,28.35
171342,9999,1.0,128.0
171343,9999,1.0,28.35
171343,9999,1.0,113.0
171344,9999,1.0,28.35
171344,9999,1.0,170.0
171345,9999,1.0,28.35
171345,9999,1.0,113.0
171346,9999,1.0,28.35
171346,9999,1.0,170.0
171347,9999,1.0,16.0
171347,9999,1.0,28.35
171347,9999,1.0,170.0
171347,9999,1.0,170.0
171348,9999,1.0,28.35
171348,9999,1.0,113.0
171349,9999,1.0,28.35
171349,9999,1.0,128.0
171350,9999,1.0,28.35
171350,9999,1.0,113.0
171351,9999,1.0,31.2
171351,9999,1.0,131.0
171351,9999,1.0,125.0
171351,9999,1.0,125.0
171351,9999,1.0,125.0
171351,9999,1.0,125.0
171352,9999,1.0,31.2
171352,9999,1.0,127.0
171353,9999,1.0,31.2
171353,9999,1.0,127.0
171353,9999,1.0,125.0
171354,9999,1.0,31.2
171354,9999,1.0,127.0
171354,9999,1.0,125.0
171354,9999,1.0,125.0
171354,9999,1.0,125.0
171355,9999,1.0,31.2
171355,9999,1.0,127.0
171356,9999,1.0,31.2
171356,9999,1.0,127.0
171357,9999,1.0,31.2
171357,9999,1.0,127.0
171357,9999,1.0,125.0
171358,9999,1.0,2.4
171358,9999,0.5,15.0
171359,9999,0.5,15.0
171360,9999,1.0,3.2
171360,9999,0.5,15.0
171360,9999,0.25,12.2
171360,9999,1.0,223.0
171361,9999,1.0,15.0
171361,9999,0.5,15.0
171361,9999,1.0,2.5
171362,9999,1.0,28.35
171362,9999,1.0,113.0
171363,9999,1.0,28.35
171363,9999,1.0,170.0
171364,9999,1.0,28.35
171364,9999,1.0,170.0
171365,9999,1.0,28.35
171365,9999,1.0,113.0
171366,9999,1.0,28.35
171366,9999,1.0,170.0
171367,9999,1.0,5.3
171367,9999,1.0,21.0
171368,9999,1.0,8.0
171369,9999,1.0,28.35
171369,9999,1.0,5.0
171370,9999,1.0,28.35
171370,9999,1.0,6.0
171371,9999,1.0,28.35
171371,9999,1.0,7.0
171371,9999,1.0,7.0
171372,9999,1.0,28.35
171372,9999,1.0,7.0
171372,9999,1.0,10.0
171372,9999,1.0,7.0
171373,9999,1.0,28.35
171373,9999,1.0,170.0
171374,9999,1.0,28.35
171374,9999,1.0,113.0
171375,9999,1.0,15.0
171375,9999,1.0,28.35
171375,9999,1.0,113.0
171375,9999,1.0,113.0
171375,9999,1.0,113.0
171376,9999,1.0,15.0
171376,9999,1.0,28.35
171376,9999,1.0,220.0
171376,9999,1.0,170.0
171377,9999,1.0,15.0
171377,9999,1.0,28.35
171377,9999,1.0,170.0
171377,9999,1.0,170.0
171377,9999,1.0,170.0
171378,9999,1.0,28.35
171378,9999,1.0,113.0
171379,9999,1.0,229.0
171379,9999,1.0,14.0
171379,9999,1.0,28.35
171379,9999,1.0,113.0
171379,9999,1.0,113.0
171379,9999,1.0,113.0
171379,9999,1.0,113.0
171380,9999,1.0,229.0
171380,9999,1.0,14.0
171380,9999,1.0,28.35
171380,9999,1.0,170.0
171380,9999,1.0,170.0
171380,9999,1.0,170.0
171380,9999,1.0,170.0
171381,9999,1.0,31.2
171381,9999,1.0,127.0
171381,9999,1.0,131.0
171381,9999,1.0,125.0
171381,9999,1.0,125.0
171381,9999,1.0,125.0
171382,9999,1.0,31.4
171383,9999,1.0,30.5
171384,9999,1.0,8.7
171385,9999,1.0,30.5
171386,9999,1.0,31.4
171387,9999,1.0,30.5
171387,9999,1.0,8.7
171388,9999,1.0,19.0
171389,9999,1.0,8.7
171390,9999,1.0,30.4
171390,9999,5.0,152.0
171391,9999,1.0,30.4
171391,9999,5.0,152.0
171392,9999,1.0,30.4
171392,9999,5.0,152.0
171393,9999,1.0,30.4
171393,9999,5.0,152.0
171394,9999,1.0,30.4
171394,9999,5.0,152.0
171395,9999,5.0,153.0
171396,9999,1.0,30.4
171396,9999,5.0,153.0
171397,9999,1.0,30.4
171397,9999,5.0,152.0
171398,9999,18.0,7.0
171399,9999,1.0,9.5
171400,9999,1.0,12.8
171400,9999,1.0,205.0
171401,9999,1.0,12.8
171401,9999,1.0,205.0
171402,9999,1.0,16.0
171402,9999,1.0,250.0
171402,9999,1.0,30.0
171403,9999,1.0,14.7
171403,9999,1.0,235.0
171404,9999,1.0,16.0
171404,9999,1.0,260.0
171404,9999,1.0,30.0
171405,9999,1.0,15.0
171405,9999,1.0,240.0
171406,9999,1.0,15.0
171406,9999,1.0,240.0
171407,9999,1.0,15.0
171407,9999,1.0,240.0
171408,9999,1.0,14.1
171408,9999,1.0,225.0
171409,9999,1.0,15.0
171409,9999,1.0,245.0
171410,9999,1.0,13.5
171410,9999,1.0,216.0
171410,9999,1.0,4.5
171411,9999,1.0,13.6
171411,9999,1.0,218.0
171411,9999,1.0,4.5
171412,9999,1.0,13.6
171412,9999,1.0,218.0
171412,9999,1.0,4.5
171413,9999,1.0,13.5
171413,9999,1.0,216.0
171413,9999,1.0,4.5
171414,9999,1.0,250.0
171414,9999,1.0,16.0
171414,9999,1.0,12.3
171415,9999,1.0,232.0
171415,9999,1.0,4.8
171416,9999,1.0,14.0
171416,9999,1.0,220.0
171417,9999,1.0,16.0
171417,9999,1.0,250.0
171418,9999,1.0,13.8
171418,9999,1.0,220.0
171419,9999,1.0,14.0
171419,9999,1.0,220.0
171420,9999,1.0,16.0
171420,9999,1.0,256.0
171421,9999,1.0,13.6
171421,9999,1.0,218.0
171421,9999,1.0,4.5
171422,9999,1.0,13.6
171422,9999,1.0,218.0
171422,9999,2.0,27.0
171423,9999,1.0,13.6
171423,9999,1.0,218.0
171423,9999,1.0,4.5
171424,9999,1.0,13.6
171424,9999,1.0,218.0
171424,9999,1.0,4.5
171425,9999,1.0,13.6
171425,9999,1.0,218.0
171425,9999,1.0,4.5
171426,9999,1.0,13.6
171426,9999,1.0,218.0
171426,9999,1.0,4.5
171427,9999,1.0,13.6
171427,9999,1.0,218.0
171427,9999,1.0,4.5
171428,9999,1.0,13.6
171428,9999,1.0,218.0
171428,9999,1.0,4.5
171429,9999,1.0,13.6
171429,9999,1.0,218.0
171429,9999,1.0,4.5
171430,9999,1.0,0.3
171431,9999,1.0,14.0
171432,9999,1.0,14.0
171433,9999,1.0,14.0
171433,9999,1.0,214.0
171434,9999,1.0,14.9
171435,9999,1.0,14.0
171435,9999,1.0,227.0
171435,9999,1.0,4.0
171436,9999,1.0,14.0
171437,9999,1.0,14.0
171438,9999,1.0,14.0
171438,9999,1.0,218.0
171438,9999,1.0,4.5
171439,9999,1.0,13.6
171439,9999,1.0,218.0
171439,9999,1.0,4.5
171440,9999,1.0,13.6
171440,9999,1.0,218.0
171440,9999,1.0,4.5
171441,9999,1.0,13.6
171441,9999,1.0,218.0
171441,9999,1.0,4.5
171442,9999,1.0,13.7
171442,9999,1.0,219.0
171443,9999,1.0,15.0
171443,9999,1.0,232.0
171445,9999,3.0,85.0
171445,9999,1.0,384.0
171446,9999,3.0,85.0
171446,9999,1.0,225.0
171446,9999,1.0,751.0
171447,9999,4.0,113.0
171447,9999,1.0,276.0
171447,9999,0.5,460.0
171448,9999,3.0,85.0
171448,9999,1.0,280.0
171448,9999,0.5,466.0
171449,9999,3.0,85.0
171449,9999,1.0,188.0
171449,9999,0.5,314.0
171450,9999,3.0,85.0
171450,9999,1.0,140.0
171450,9999,0.5,178.0
171450,9999,0.0,299.0
171451,9999,1.0,140.0
171451,9999,1.0,8.7
171451,9999,1.0,157.0
171452,9999,4.0,113.0
171452,9999,0.5,47.0
171452,9999,0.0,79.0
171453,9999,3.0,85.0
171453,9999,0.5,114.0
171453,9999,0.0,190.0
171454,9999,1.0,33.0
171454,9999,0.5,56.0
171455,9999,3.0,85.0
171455,9999,1.0,145.0
171456,9999,4.0,113.0
171456,9999,1.0,453.0
171457,9999,1.0,145.0
171458,9999,1.0,6.1
171458,9999,1.0,1.8
171459,9999,1.0,113.0
171459,9999,0.5,188.0
171460,9999,1.0,78.0
171460,9999,0.5,130.0
171461,9999,1.0,79.0
171461,9999,0.5,132.0
171462,9999,1.0,90.0
171462,9999,0.5,150.0
171463,9999,4.0,113.0
171463,9999,1.0,160.0
171463,9999,0.5,266.0
171464,9999,1.0,88.0
171464,9999,0.5,147.0
171465,9999,1.0,140.0
171465,9999,1.0,64.0
171466,9999,1.0,140.0
171466,9999,1.0,64.0
171466,9999,0.5,107.0
171467,9999,1.0,140.0
171467,9999,1.0,71.0
171467,9999,0.5,119.0
171468,9999,1.0,12.8
171468,9999,1.0,32.0
171468,9999,0.5,52.0
171469,9999,1.0,59.0
171469,9999,0.5,99.0
171470,9999,1.0,72.0
171470,9999,0.5,120.0
171471,9999,1.0,44.0
171471,9999,0.5,72.0
171472,9999,3.0,85.0
171472,9999,0.5,24.0
171472,9999,0.0,40.0
171473,9999,1.0,26.0
171473,9999,0.5,42.0
171474,9999,0.5,87.0
171474,9999,0.5,145.0
171475,9999,3.0,85.0
171475,9999,0.5,84.0
171475,9999,0.0,140.0
171476,9999,1.0,59.0
171476,9999,0.5,98.0
171477,9999,1.0,140.0
171477,9999,1.0,52.0
171477,9999,0.5,86.0
171478,9999,1.0,140.0
171478,9999,1.0,57.0
171478,9999,0.5,95.0
171479,9999,3.0,85.0
171479,9999,1.0,3812.0
171480,9999,4.0,113.0
171480,9999,1.0,5002.0
171481,9999,3.0,85.0
171481,9999,1.0,3812.0
171482,9999,4.0,113.0
171482,9999,1.0,453.0
171483,9999,3.0,85.0
171483,9999,1.0,45.0
171484,9999,4.0,113.0
171484,9999,1.0,24.0
171485,9999,3.0,85.0
171485,9999,1.0,20.0
171486,9999,4.0,113.0
171486,9999,1.0,78.0
171487,9999,3.0,85.0
171487,9999,1.0,53.0
171488,9999,4.0,113.0
171488,9999,1.0,453.0
171489,9999,3.0,85.0
171490,9999,1.0,85.0
171491,9999,3.0,85.0
171492,9999,3.0,85.0
171492,9999,0.5,112.0
171492,9999,0.0,864.0
171493,9999,1.0,105.0
171493,9999,1.0,816.0
171494,9999,3.0,85.0
171494,9999,1.0,71.0
171494,9999,1.0,546.0
171495,9999,1.0,33.0
171495,9999,1.0,256.0
171496,9999,3.0,85.0
171496,9999,1.0,1413.0
171497,9999,4.0,113.0
171497,9999,1.0,346.0
171498,9999,3.0,85.0
171498,9999,1.0,213.0
171499,9999,1.0,31.0
171499,9999,0.5,196.0
171500,9999,3.0,85.0
171500,9999,1.0,142.0
171501,9999,3.0,85.0
171501,9999,0.5,864.0
171502,9999,3.0,85.0
171502,9999,1.0,314.0
171503,9999,3.0,85.0
171503,9999,1.0,1134.0
171504,9999,0.5,227.0
171505,9999,4.0,113.0
171505,9999,1.0,453.6
171505,9999,1.0,114.0
171506,9999,3.0,85.0
171506,9999,1.0,82.0
171506,9999,1.0,330.0
171507,9999,3.0,85.0
171507,9999,0.5,168.0
171508,9999,3.0,85.0
171508,9999,1.0,74.0
171509,9999,4.0,113.0
171509,9999,1.0,263.0
171509,9999,0.5,118.0
171510,9999,1.0,56.0
171510,9999,3.0,85.0
171510,9999,0.5,120.0
171511,9999,3.0,85.0
171511,9999,0.5,95.0
171511,9999,1.0,174.0
171511,9999,1.0,44.0
171512,9999,3.0,85.0
171512,9999,1.0,60.0
171513,9999,3.0,85.0
171513,9999,1.0,60.0
171514,9999,3.0,85.0
171514,9999,1.0,15.0
171514,9999,4.0,62.0
171515,9999,3.0,85.0
171515,9999,1.0,15.0
171515,9999,4.0,62.0
171516,9999,3.0,85.0
171516,9999,1.0,51.0
171517,9999,1.0,85.0
171517,9999,1.0,102.0
171517,9999,1.0,28.35
171518,9999,3.0,85.0
171518,9999,1.0,483.0
171518,9999,1.0,28.35
171519,9999,1.0,53.0
171519,9999,1.0,85.0
171519,9999,1.0,28.35
171520,9999,3.0,85.0
171521,9999,1.0,53.0
171521,9999,1.0,85.0
171521,9999,1.0,28.35
171522,9999,1.0,89.0
171522,9999,1.0,85.0
171523,9999,1.0,53.0
171523,9999,1.0,85.0
171523,9999,1.0,28.35
171524,9999,1.0,85.0
171525,9999,4.0,113.0
171525,9999,1.0,359.0
171526,9999,3.0,85.0
171526,9999,1.0,358.0
171527,9999,3.0,85.0
171527,9999,1.0,219.0
171528,9999,3.0,85.0
171528,9999,1.0,1150.0
171529,9999,3.0,85.0
171529,9999,1.0,863.0
171530,9999,3.0,85.0
171530,9999,1.0,206.0
171531,9999,4.0,113.0
171531,9999,1.0,367.0
171532,9999,3.0,85.0
171532,9999,1.0,319.0
171533,9999,4.0,113.0
171533,9999,1.0,454.0
171534,9999,3.0,85.0
171534,9999,1.0,196.0
171535,9999,3.0,85.0
171535,9999,1.0,195.0
171536,9999,3.0,85.0
171536,9999,1.0,192.0
171537,9999,0.5,126.0
171537,9999,1.0,305.0
171538,9999,1.0,240.0
171538,9999,1.0,435.0
171538,9999,1.0,960.0
171539,9999,0.5,125.0
171539,9999,1.0,305.0
171540,9999,0.5,126.0
171540,9999,1.0,305.0
171541,9999,0.5,124.0
171542,9999,0.5,126.0
171542,9999,1.0,305.0
171543,9999,0.5,124.0
171544,9999,1.0,240.0
171544,9999,1.0,539.0
171545,9999,0.5,126.0
171546,9999,1.0,255.0
171547,9999,0.5,126.0
171547,9999,1.0,303.0
171548,9999,0.5,124.0
171548,9999,1.0,310.0
171549,9999,1.0,248.0
171549,9999,1.0,567.0
171550,9999,1.0,240.0
171550,9999,1.0,539.0
171551,9999,0.5,123.0
171551,9999,1.0,298.0
171552,9999,0.5,126.0
171552,9999,1.0,305.0
171553,9999,0.5,123.0
171553,9999,1.0,298.0
171554,9999,0.5,128.0
171554,9999,1.0,319.0
171555,9999,1.0,240.0
171555,9999,1.0,539.0
171556,9999,0.5,123.0
171557,9999,0.5,129.0
171557,9999,1.0,312.0
171558,9999,1.0,236.0
171558,9999,1.0,532.0
171559,9999,1.0,230.0
171560,9999,1.0,3.6
171560,9999,1.0,6.0
171561,9999,1.0,3.6
171562,9999,1.0,4.0
171562,9999,1.0,2.0
171563,9999,1.0,4.8
171564,9999,1.0,233.0
171564,9999,1.0,291.0
171565,9999,1.0,6.0
171566,9999,0.25,57.0
171566,9999,1.0,228.0
171566,9999,1.0,273.0
171566,9999,1.0,324.0
171567,9999,1.0,8.0
171567,9999,1.0,8.0
171568,9999,1.0,238.0
171568,9999,1.0,14.9
171568,9999,1.0,5.0
171568,9999,1.0,298.0
171569,9999,1.0,7.0
171570,9999,1.0,25.0
171571,9999,1.0,74.0
171571,9999,1.0,11.1
171572,9999,1.0,244.0
171572,9999,1.0,593.0
171573,9999,1.0,244.0
171573,9999,1.0,593.0
171574,9999,1.0,247.0
171574,9999,1.0,600.0
171575,9999,1.0,17.0
171576,9999,10.0,283.0
171577,9999,10.0,283.0
171578,9999,10.0,283.0
171579,9999,0.25,63.0
171580,9999,0.25,61.0
171581,9999,0.25,63.0
171582,9999,0.25,62.0
171583,9999,1.0,221.0
171583,9999,1.0,390.0
171583,9999,1.0,926.0
171585,9999,1.0,240.0
171585,9999,1.0,539.0
171586,9999,1.0,128.0
171587,9999,1.0,121.0
171587,9999,1.0,303.0
171588,9999,1.0,6.7
171588,9999,1.0,454.0
171589,9999,1.0,6.7
171589,9999,1.0,454.0
171590,9999,1.0,6.7
171590,9999,1.0,454.0
171591,9999,1.0,248.0
171591,9999,1.0,31.0
171592,9999,1.0,259.0
171592,9999,1.0,32.4
171593,9999,1.0,248.0
171593,9999,1.0,31.0
171594,9999,1.0,253.0
171595,9999,1.0,6.0
171595,9999,1.0,273.0
171596,9999,1.0,241.0
171597,9999,1.0,128.0
171597,9999,1.0,257.0
171598,9999,1.0,236.0
171599,9999,1.0,57.0
171600,9999,0.25,56.0
171600,9999,1.0,226.0
171600,9999,1.0,273.0
171601,9999,1.0,28.35
171601,9999,1.0,23.0
171602,9999,0.5,124.0
171604,9999,1.0,15.0
171604,9999,1.0,245.0
171605,9999,1.0,15.0
171605,9999,1.0,245.0
171606,9999,1.0,244.0
171606,9999,1.0,30.5
171607,9999,1.0,244.0
171607,9999,1.0,305.0
171608,9999,1.0,39.0
171609,9999,1.0,240.0
171610,9999,1.0,17.0
171610,9999,1.0,275.0
171611,9999,1.0,251.0
171612,9999,1.0,240.0
171613,9999,1.0,2.6
171613,9999,1.0,3.6
171614,9999,1.0,82.0
171614,9999,1.0,5.6
171615,9999,1.0,81.0
171615,9999,1.0,6.0
171616,9999,1.0,23.0
171616,9999,1.0,6.0
171617,9999,1.0,23.0
171617,9999,1.0,28.35
171618,9999,4.0,100.0
171619,9999,1.0,91.0
171620,9999,1.0,85.0
171621,9999,1.0,28.35
171621,9999,1.0,18.0
171622,9999,1.0,70.0
171623,9999,2.33,100.0
171624,9999,3.0,85.0
171624,9999,1.0,45.0
171625,9999,1.0,28.35
171625,9999,1.0,45.0
171626,9999,1.0,28.35
171626,9999,1.0,21.0
171627,9999,1.0,28.0
171627,9999,1.0,21.0
171628,9999,1.0,28.0
171628,9999,2.0,57.0
171629,9999,1.0,15.0
171629,9999,1.0,28.35
171630,9999,1.0,28.0
171630,9999,45.0,45.0
171631,9999,1.0,101.0
171632,9999,1.0,57.0
171633,9999,1.0,50.0
171634,9999,1.0,48.0
171635,9999,3.0,85.0
171635,9999,1.0,343.0
171636,9999,3.0,85.0
171636,9999,1.0,343.0
171637,9999,1.0,33.0
171638,9999,3.0,85.0
171638,9999,3.0,56.0
171639,9999,1.0,8.1
171640,9999,1.0,15.0
171641,9999,1.0,30.0
171641,9999,0.67,20.0
171642,9999,0.75,27.0
171643,9999,0.75,26.0
171644,9999,0.75,27.0
171645,9999,0.75,27.0
171646,9999,1.0,122.0
171646,9999,1.0,28.35
171647,9999,0.5,58.0
171648,9999,0.75,29.0
171649,9999,1.0,27.0
171650,9999,1.0,59.0
171651,9999,0.75,14.0
171652,9999,0.75,27.0
171653,9999,2.0,14.0
171654,9999,1.0,9.7
171654,9999,1.0,156.0
171655,9999,1.0,257.0
171655,9999,1.0,16.0
171656,9999,1.0,29.0
171656,9999,1.0,7.0
171657,9999,1.0,251.0
171657,9999,1.0,16.0
171658,9999,1.0,11.0
171658,9999,1.0,176.0
171659,9999,1.0,240.0
171659,9999,1.0,14.9
171659,9999,0.75,179.0
171660,9999,1.0,11.5
171660,9999,1.0,178.0
171661,9999,1.0,28.0
171662,9999,1.0,234.0
171662,9999,1.0,501.0
171662,9999,1.0,177.0
171662,9999,1.0,177.0
171663,9999,1.0,43.0
171664,9999,1.0,45.0
171665,9999,0.33,40.0
171665,9999,1.0,141.0
171665,9999,0.25,35.0
171666,9999,1.0,243.0
171666,9999,0.75,182.0
171667,9999,1.0,94.0
171667,9999,0.33,31.0
171668,9999,1.0,242.0
171668,9999,0.75,182.0
171669,9999,1.0,15.0
171670,9999,1.0,9.7
171670,9999,1.0,156.0
171671,9999,1.0,257.0
171671,9999,1.0,16.0
171672,9999,1.0,233.0
171673,9999,1.0,233.0
171674,9999,3.0,35.0
171675,9999,1.0,234.0
171675,9999,0.75,175.0
171676,9999,1.0,243.0
171676,9999,0.75,182.0
171677,9999,1.0,242.0
171677,9999,0.75,182.0
171678,9999,1.0,55.0
171679,9999,0.75,30.0
171680,9999,0.75,30.0
171681,9999,1.0,30.0
171682,9999,1.0,45.0
171683,9999,1.0,70.0
171684,9999,1.0,75.0
171685,9999,1.0,70.0
171686,9999,1.0,98.0
171686,9999,1.0,4.8
171687,9999,1.0,242.0
171687,9999,1.0,30.2
171688,9999,1.0,125.0
171688,9999,1.0,109.0
171688,9999,1.0,223.0
171688,9999,1.0,182.0
171688,9999,1.0,149.0
171688,9999,1.0,101.0
171688,9999,1.0,242.0
171689,9999,1.0,110.0
171689,9999,1.0,216.0
171689,9999,1.0,161.0
171689,9999,1.0,132.0
171690,9999,1.0,193.0
171691,9999,1.0,86.0
171691,9999,1.0,6.4
171692,9999,1.0,255.0
171693,9999,1.0,280.0
171694,9999,1.0,173.0
171695,9999,1.0,244.0
171696,9999,1.0,246.0
171697,9999,1.0,155.0
171697,9999,1.0,165.0
171697,9999,1.0,35.0
171698,9999,1.0,243.0
171698,9999,1.0,36.0
171699,9999,1.0,258.0
171699,9999,1.0,240.0
171699,9999,1.0,40.0
171700,9999,1.0,258.0
171701,9999,1.0,246.0
171702,9999,1.0,119.0
171703,9999,1.0,242.0
171704,9999,1.0,266.0
171704,9999,1.0,30.4
171705,9999,1.0,150.0
171705,9999,1.0,230.0
171705,9999,1.0,146.0
171705,9999,1.0,201.0
171705,9999,1.0,50.0
171706,9999,1.0,230.0
171706,9999,1.0,136.0
171706,9999,1.0,50.0
171707,9999,1.0,230.0
171707,9999,1.0,304.0
171707,9999,1.0,50.0
171708,9999,0.25,40.0
171709,9999,1.0,256.0
171710,9999,1.0,151.0
171710,9999,1.0,510.0
171711,9999,1.0,148.0
171711,9999,50.0,68.0
171712,9999,1.0,256.0
171713,9999,1.0,132.0
171713,9999,1.0,284.0
171714,9999,1.0,220.0
171714,9999,0.25,96.0
171715,9999,1.0,132.0
171715,9999,1.0,108.0
171715,9999,1.0,124.0
171715,9999,1.0,91.0
171715,9999,1.0,70.0
171716,9999,1.0,256.0
171717,9999,1.0,261.0
171718,9999,1.0,155.0
171718,9999,1.0,510.0
171719,9999,1.0,138.0
171719,9999,1.0,154.0
171719,9999,1.0,8.2
171719,9999,1.0,140.0
171720,9999,1.0,261.0
171721,9999,1.0,110.0
171722,9999,1.0,110.0
171722,9999,1.0,100.0
171723,9999,0.25,40.0
171724,9999,1.0,144.0
171726,9999,1.0,147.0
171726,9999,1.0,7.1
171727,9999,1.0,145.0
171728,9999,4.0,113.0
171729,9999,4.0,113.0
171730,9999,4.0,113.0
171731,9999,4.0,113.0
171732,9999,4.0,113.0
171732,9999,1.0,152.0
171733,9999,4.0,113.0
171733,9999,1.0,339.0
171734,9999,4.0,113.0
171734,9999,1.0,449.0
171735,9999,4.0,113.0
171735,9999,1.0,350.0
171736,9999,4.0,113.0
171736,9999,1.0,359.0
171737,9999,4.0,113.0
171737,9999,1.0,342.0
171738,9999,4.0,113.0
171738,9999,1.0,377.0
171739,9999,4.0,113.0
171739,9999,1.0,449.0
171740,9999,4.0,113.0
171740,9999,1.0,342.0
171741,9999,4.0,113.0
171741,9999,1.0,377.0
171742,9999,4.0,113.0
171742,9999,1.0,173.0
171743,9999,4.0,113.0
171743,9999,1.0,344.0
171744,9999,4.0,113.0
171744,9999,1.0,740.0
171745,9999,4.0,113.0
171745,9999,1.0,675.0
171746,9999,4.0,113.0
171746,9999,1.0,658.0
171747,9999,4.0,113.0
171747,9999,1.0,699.0
171748,9999,4.0,113.0
171748,9999,1.0,625.0
171749,9999,4.0,113.0
171749,9999,1.0,673.0
171750,9999,4.0,113.0
171750,9999,1.0,267.0
171751,9999,4.0,113.0
171751,9999,1.0,266.0
171752,9999,4.0,113.0
171752,9999,1.0,268.0
171753,9999,3.0,85.0
171753,9999,1.0,478.0
171754,9999,3.0,85.0
171754,9999,1.0,487.0
171755,9999,3.0,85.0
171756,9999,3.0,85.0
171757,9999,4.0,113.0
171757,9999,1.0,344.0
171758,9999,4.0,113.0
171758,9999,1.0,344.0
171759,9999,4.0,113.0
171759,9999,1.0,344.0
171760,9999,4.0,113.0
171760,9999,1.0,758.0
171761,9999,4.0,113.0
171761,9999,1.0,699.0
171762,9999,4.0,113.0
171762,9999,1.0,140.0
171763,9999,4.0,113.0
171763,9999,1.0,133.0
171764,9999,4.0,113.0
171764,9999,1.0,151.0
171765,9999,4.0,113.0
171765,9999,1.0,644.0
171766,9999,4.0,113.0
171766,9999,1.0,268.0
171767,9999,4.0,113.0
171767,9999,1.0,170.0
171768,9999,4.0,113.0
171768,9999,1.0,168.0
171769,9999,4.0,113.0
171769,9999,1.0,172.0
171770,9999,3.0,85.0
171771,9999,3.0,85.0
171772,9999,3.0,85.0
171773,9999,3.0,85.0
171774,9999,4.0,113.0
171774,9999,1.0,304.0
171775,9999,4.0,113.0
171775,9999,1.0,302.0
171776,9999,4.0,113.0
171777,9999,4.0,113.0
171778,9999,3.0,85.0
171779,9999,4.0,113.0
171780,9999,3.0,85.0
171780,9999,1.0,453.6
171781,9999,3.0,85.0
171782,9999,3.0,85.0
171782,9999,1.0,453.6
171783,9999,3.0,85.0
171783,9999,1.0,453.6
171784,9999,3.0,85.0
171784,9999,1.0,453.6
171786,9999,3.0,85.0
171786,9999,1.0,297.0
171787,9999,3.0,85.0
171787,9999,1.0,453.6
171788,9999,3.0,85.0
171788,9999,1.0,453.6
171789,9999,3.0,85.0
171789,9999,1.0,287.0
171790,9999,4.0,113.0
171791,9999,3.0,85.0
171792,9999,3.0,85.0
171793,9999,3.0,85.0
171794,9999,3.0,85.0
171794,9999,1.0,154.0
171795,9999,3.0,85.0
171796,9999,4.0,113.0
171797,9999,3.0,85.0
171798,9999,3.0,85.0
171799,9999,3.0,85.0
171800,9999,3.0,85.0
171801,9999,3.0,85.0
171802,9999,4.0,113.0
171802,9999,1.0,453.6
171803,9999,4.0,113.0
171804,9999,4.0,113.0
171804,9999,1.0,453.6
171805,9999,3.0,85.0
171805,9999,1.0,453.6
171806,9999,3.0,85.0
171806,9999,1.0,453.6
171807,9999,3.0,85.0
171807,9999,1.0,453.6
171808,9999,3.0,85.0
171808,9999,1.0,453.6
171809,9999,3.0,85.0
171809,9999,1.0,453.6
171810,9999,4.0,113.0
171810,9999,1.0,453.6
171811,9999,3.0,85.0
171811,9999,1.0,453.6
171812,9999,4.0,113.0
171812,9999,1.0,453.6
171813,9999,3.0,85.0
171813,9999,1.0,453.6
171814,9999,4.0,113.0
171814,9999,1.0,453.6
171815,9999,3.0,85.0
171815,9999,1.0,453.6
171816,9999,4.0,113.0
171816,9999,1.0,453.6
171817,9999,3.0,85.0
171817,9999,1.0,453.6
171818,9999,3.0,85.0
171818,9999,1.0,453.6
171819,9999,4.0,113.0
171819,9999,1.0,453.6
171820,9999,4.0,113.0
171820,9999,1.0,453.6
171821,9999,1.0,223.0
171822,9999,1.41,40.0
171823,9999,2.0,33.0
171824,9999,2.0,30.0
171825,9999,2.0,34.0
171826,9999,2.0,30.0
171827,9999,1.0,18.0
171827,9999,0.5,144.0
171827,9999,1.0,280.0
171828,9999,1.0,16.0
171828,9999,0.5,148.0
171828,9999,1.0,291.0
171829,9999,1.0,18.0
171829,9999,0.5,138.0
171829,9999,1.0,265.0
171830,9999,1.0,17.0
171830,9999,0.5,137.0
171830,9999,1.0,270.0
171831,9999,1.0,20.0
171831,9999,1.0,6.5
171832,9999,2.0,36.0
171832,9999,1.0,259.0
171833,9999,1.0,5.6
171834,9999,2.0,36.0
171834,9999,1.0,259.0
171835,9999,2.0,29.0
171836,9999,2.0,25.0
171837,9999,8.0,31.0
171837,9999,1.0,40.0
171838,9999,4.0,14.0
171839,9999,1.0,27.0
171840,9999,1.0,36.0
171841,9999,1.0,34.0
171842,9999,1.0,38.0
171843,9999,1.0,29.0
171844,9999,1.0,68.0
171845,9999,1.0,90.0
171846,9999,5.0,15.0
171847,9999,2.0,36.0
171848,9999,1.0,36.0
171849,9999,1.0,28.0
171850,9999,1.0,38.0
171851,9999,1.0,38.0
171852,9999,1.0,81.0
171853,9999,0.25,38.0
171854,9999,1.0,31.0
171855,9999,6.0,43.0
171856,9999,4.0,14.0
171857,9999,3.0,44.0
171858,9999,3.0,23.0
171859,9999,3.0,30.0
171860,9999,3.0,44.0
171861,9999,1.0,36.0
171862,9999,1.0,78.0
171863,9999,1.0,69.0
171864,9999,1.0,44.0
171865,9999,1.0,25.0
171866,9999,1.0,40.0
171867,9999,5.0,28.0
171868,9999,1.0,48.0
171869,9999,1.0,30.5
171869,9999,1.0,336.0
171869,9999,1.0,488.0
171869,9999,1.0,366.0
171870,9999,1.0,250.0
171871,9999,1.0,30.8
171871,9999,1.0,493.0
171871,9999,1.0,370.0
171872,9999,1.0,29.4
171872,9999,1.0,147.0
171873,9999,8.0,237.0
171874,9999,1.0,98.0
171874,9999,1.0,251.0
171875,9999,1.0,253.0
171876,9999,1.0,29.6
171876,9999,1.0,474.0
171876,9999,1.0,355.0
171877,9999,9.5,281.0
171878,9999,8.0,240.0
171879,9999,1.0,266.0
171880,9999,1.0,262.0
171881,9999,1.0,248.0
171882,9999,1.0,30.2
171882,9999,1.0,166.0
171883,9999,1.0,260.0
171884,9999,8.0,240.0
171885,9999,1.0,269.0
171886,9999,1.0,19.0
171886,9999,1.0,15.0
171887,9999,1.0,20.0
171888,9999,1.0,271.0
171889,9999,1.0,29.6
171889,9999,6.0,178.0
171889,9999,1.0,237.0
171890,9999,1.0,29.6
171890,9999,6.0,178.0
171890,9999,1.0,237.0
171891,9999,1.0,29.6
171892,9999,1.0,265.0
171893,9999,1.0,1.0
171893,9999,1.0,2.0
171894,9999,1.0,29.9
171894,9999,1.0,179.0
171895,9999,8.0,249.0
171896,9999,8.0,237.0
171897,9999,1.0,1.8
171898,9999,1.0,14.0
171899,9999,8.0,248.0
171900,9999,8.0,247.0
171901,9999,8.0,237.0
171902,9999,1.0,30.6
171902,9999,1.0,245.0
171903,9999,1.0,31.6
171903,9999,1.0,253.0
171904,9999,1.0,29.6
171904,9999,1.0,237.0
171905,9999,1.0,272.0
171906,9999,1.0,30.6
171906,9999,1.0,355.0
171907,9999,1.0,1184.0
171908,9999,1.0,30.3
171909,9999,8.0,248.0
171910,9999,240.0,240.0
171911,9999,16.0,473.0
171912,9999,1.0,35.2
171912,9999,1.0,423.0
171913,9999,1.0,31.0
171913,9999,1.0,248.0
171914,9999,6.75,210.0
171914,9999,1.0,248.0
171915,9999,1.0,210.0
171915,9999,200.0,200.0
171916,9999,1.0,31.3
171916,9999,1.0,250.0
171917,9999,1.0,245.0
171917,9999,1.0,29.6
171918,9999,1.0,23.0
171918,9999,1.0,182.0
171919,9999,1.0,27.8
171919,9999,1.0,42.0
171920,9999,1.0,27.8
171920,9999,1.5,42.0
171921,9999,1.0,31.0
171921,9999,1.0,492.0
171921,9999,1.0,369.0
171922,9999,1.0,29.6
171922,9999,1.0,331.0
171922,9999,1.0,500.0
171923,9999,8.0,237.0
171923,9999,12.0,355.0
171924,9999,1.0,29.6
171925,9999,1.0,29.4
171925,9999,1.0,147.0
171926,9999,1.0,29.6
171926,9999,1.0,237.0
171926,9999,1.0,1.1
171927,9999,1.0,238.0
171928,9999,1.0,243.0
171929,9999,1.0,243.0
171930,9999,1.0,243.0
171931,9999,1.0,243.0
171932,9999,1.0,243.0
171933,9999,1.0,246.0
171934,9999,1.0,246.0
171935,9999,1.0,240.0
171936,9999,8.0,240.0
171937,9999,1.0,31.0
171937,9999,8.0,240.0
171937,9999,1.0,480.0
171938,9999,8.0,240.0
171939,9999,1.0,158.0
171939,9999,1.0,391.0
171940,9999,1.0,200.0
171941,9999,1.0,228.0
171942,9999,8.0,240.0
171943,9999,1.0,31.0
171943,9999,8.0,246.0
171944,9999,8.0,240.0
171944,9999,1.0,31.1
171945,9999,8.0,237.0
171946,9999,8.0,237.0
171947,9999,1.0,238.0
171948,9999,3.0,85.0
171948,9999,1.0,159.0
171949,9999,1.0,150.0
171949,9999,3.0,85.0
171950,9999,1.0,116.0
171950,9999,3.0,85.0
171951,9999,1.0,32.0
171951,9999,3.0,85.0
171952,9999,3.0,85.0
171952,9999,1.0,218.0
171953,9999,1.0,79.0
171953,9999,3.0,85.0
171954,9999,1.0,28.35
171954,9999,3.0,85.0
171955,9999,3.0,85.0
171955,9999,1.0,231.0
171956,9999,3.0,85.0
171956,9999,1.0,180.0
171957,9999,1.0,87.0
171957,9999,3.0,85.0
171958,9999,1.0,122.0
171958,9999,3.0,85.0
171959,9999,3.0,85.0
171959,9999,1.0,204.0
171960,9999,3.0,85.0
171960,9999,1.0,198.0
171961,9999,1.0,42.0
171962,9999,3.0,85.0
171962,9999,1.0,259.0
171963,9999,3.0,85.0
171963,9999,1.0,202.0
171964,9999,3.0,85.0
171964,9999,1.0,193.0
171965,9999,3.0,85.0
171965,9999,0.5,204.0
171966,9999,1.0,135.0
171966,9999,1.0,28.35
171966,9999,1.0,125.0
171966,9999,3.0,85.0
171967,9999,1.0,60.0
171968,9999,3.0,85.0
171968,9999,1.0,163.0
171969,9999,3.0,85.0
171970,9999,3.0,85.0
171970,9999,4.0,30.0
171971,9999,3.0,85.0
171971,9999,4.0,22.0
171972,9999,1.0,128.0
171972,9999,1.0,28.35
171972,9999,1.0,128.0
171972,9999,10.0,32.0
171972,9999,3.0,85.0
171973,9999,3.0,85.0
171974,9999,3.0,85.0
171974,9999,20.0,188.0
171975,9999,3.0,85.0
171975,9999,20.0,190.0
171976,9999,3.0,85.0
171976,9999,1.0,160.0
171977,9999,3.0,85.0
171977,9999,1.0,240.0
171978,9999,6.0,84.0
171978,9999,1.0,248.0
171979,9999,3.0,85.0
171979,9999,6.0,88.0
171980,9999,3.0,85.0
171980,9999,6.0,42.0
171981,9999,3.0,85.0
171981,9999,1.0,248.0
171981,9999,1.0,23.0
171981,9999,1.0,272.0
171981,9999,1.0,8.0
171981,9999,1.0,162.0
171982,9999,3.0,85.0
171983,9999,3.0,85.0
171984,9999,3.0,85.0
171985,9999,1.0,28.35
171985,9999,3.0,85.0
171986,9999,3.0,85.0
171986,9999,1.0,165.0
171987,9999,3.0,85.0
171987,9999,1.0,178.0
171988,9999,3.0,85.0
171988,9999,1.0,172.0
171989,9999,1.0,62.0
171989,9999,3.0,85.0
171990,9999,1.0,90.0
171990,9999,3.0,85.0
171991,9999,1.0,95.0
171991,9999,3.0,85.0
171992,9999,3.0,85.0
171992,9999,1.0,159.0
171993,9999,3.0,85.0
171993,9999,1.0,154.0
171994,9999,1.0,28.35
171994,9999,1.0,17.0
171994,9999,1.0,176.0
171994,9999,3.0,85.0
171995,9999,3.0,85.0
171996,9999,3.0,85.0
171997,9999,1.0,124.0
171997,9999,3.0,85.0
171998,9999,3.0,85.0
171998,9999,0.5,154.0
171999,9999,3.0,85.0
171999,9999,0.5,154.0
172000,9999,3.0,85.0
172000,9999,0.5,154.0
172001,9999,3.0,85.0
172001,9999,0.5,124.0
172002,9999,1.0,124.0
172002,9999,3.0,85.0
172003,9999,1.0,37.0
172003,9999,3.0,85.0
172004,9999,1.0,62.0
172004,9999,3.0,85.0
172005,9999,3.0,85.0
172005,9999,0.5,154.0
172006,9999,3.0,85.0
172007,9999,3.0,85.0
172007,9999,1.0,127.0
172008,9999,3.0,85.0
172009,9999,3.0,85.0
172009,9999,1.0,163.0
172010,9999,3.0,85.0
172011,9999,2.0,56.0
172012,9999,1.0,30.0
172012,9999,1.0,28.0
172013,9999,3.52,100.0
172014,9999,1.0,124.0
172014,9999,1.0,151.0
172014,9999,1.0,120.0
172014,9999,1.0,132.0
172014,9999,1.0,107.0
172014,9999,1.0,107.0
172014,9999,1.0,107.0
172014,9999,1.0,105.0
172014,9999,1.0,116.0
172015,9999,1.0,157.0
172023,9999,1.0,119.0
172024,9999,1.0,116.0
172024,9999,1.0,151.0
172024,9999,1.0,117.0
172024,9999,1.0,107.0
172024,9999,1.0,97.0
172024,9999,1.0,105.0
172024,9999,1.0,116.0
172024,9999,1.0,107.0
172025,9999,1.0,91.0
172025,9999,1.0,122.0
172025,9999,1.0,95.0
172025,9999,1.0,81.0
172025,9999,1.0,96.0
172025,9999,1.0,64.0
172025,9999,1.0,90.0
172026,9999,1.0,169.0
172026,9999,1.0,131.0
172026,9999,1.0,153.0
172026,9999,1.0,136.0
172026,9999,1.0,131.0
172026,9999,1.0,156.0
172027,9999,1.0,166.0
172027,9999,1.0,132.0
172027,9999,1.0,111.0
172028,9999,1.0,162.0
172029,9999,1.0,145.0
172030,9999,1.0,162.0
172031,9999,1.0,111.0
172032,9999,1.0,108.0
172033,9999,1.0,126.0
172034,9999,1.0,165.0
172035,9999,3.0,65.0
172035,9999,5.0,109.0
172036,9999,1.0,153.0
172037,9999,3.0,39.0
172038,9999,2.0,217.0
172039,9999,1.0,185.0
172040,9999,1.0,96.0
172040,9999,1.0,738.0
172041,9999,1.0,100.0
172041,9999,1.0,728.0
172042,9999,1.0,69.0
172042,9999,1.0,573.0
172043,9999,1.0,70.0
172043,9999,1.0,540.0
172044,9999,1.0,113.0
172044,9999,1.0,907.0
172045,9999,1.0,123.0
172045,9999,1.0,984.0
172046,9999,1.0,151.0
172046,9999,1.0,1224.0
172047,9999,1.0,89.0
172047,9999,1.0,758.0
172048,9999,1.0,90.0
172048,9999,1.0,852.0
172049,9999,1.0,115.0
172049,9999,1.0,1043.0
172050,9999,1.0,102.0
172050,9999,1.0,919.0
172051,9999,1.0,79.0
172051,9999,1.0,641.0
172052,9999,1.0,110.0
172052,9999,1.0,883.0
172053,9999,1.0,113.0
172053,9999,1.0,909.0
172054,9999,1.0,123.0
172054,9999,1.0,1313.0
172055,9999,1.0,136.0
172055,9999,1.0,1168.0
172056,9999,1.0,199.0
172057,9999,1.0,135.0
172058,9999,1.0,174.0
172059,9999,1.0,135.0
172060,9999,1.0,199.0
172061,9999,1.0,90.0
172062,9999,1.0,178.0
172063,9999,1.0,109.0
172064,9999,1.0,269.0
172065,9999,1.0,155.0
172066,9999,1.0,280.0
172067,9999,1.0,200.0
172068,9999,1.0,165.0
172069,9999,1.0,142.0
172070,9999,1.0,117.0
172071,9999,1.0,163.0
172072,9999,1.0,319.0
172073,9999,1.0,223.0
172074,9999,1.0,87.0
172075,9999,1.0,149.0
172076,9999,1.0,110.0
172077,9999,1.0,21.0
172077,9999,1.0,107.0
172078,9999,1.0,5.6
172078,9999,1.0,160.0
172079,9999,1.0,25.0
172080,9999,1.0,374.0
172081,9999,1.0,215.0
172082,9999,1.0,199.0
172083,9999,1.0,355.0
172084,9999,1.0,219.0
172085,9999,12.0,337.0
172086,9999,1.0,60.0
172087,9999,1.0,120.0
172087,9999,1.0,190.0
172088,9999,1.0,54.0
172089,9999,1.0,283.0
172089,9999,1.0,28.35
172090,9999,1.0,269.0
172090,9999,1.0,28.35
172091,9999,1.0,252.0
172092,9999,1.0,397.0
172092,9999,1.0,397.0
172093,9999,1.0,268.0
172094,9999,0.75,81.0
172095,9999,1.0,103.0
172095,9999,1.0,127.0
172096,9999,0.25,127.0
172096,9999,1.0,532.0
172097,9999,1.0,242.0
172098,9999,1.0,240.0
172099,9999,1.0,246.0
172099,9999,1.0,411.0
172100,9999,1.0,252.0
172100,9999,1.0,238.0
172101,9999,1.0,309.0
172101,9999,1.0,28.35
172102,9999,1.0,116.0
172102,9999,1.0,28.35
172103,9999,1.0,85.0
172103,9999,1.0,28.35
172104,9999,1.0,80.0
172104,9999,1.0,28.35
172105,9999,1.0,68.0
172105,9999,1.0,28.35
172106,9999,1.0,227.0
172106,9999,1.0,226.0
172106,9999,1.0,28.35
172107,9999,1.0,127.0
172108,9999,1.0,127.0
172108,9999,1.0,129.0
172109,9999,1.0,128.0
172110,9999,1.0,244.0
172110,9999,1.0,422.0
172111,9999,1.0,87.0
172111,9999,1.0,18.0
172112,9999,1.0,82.0
172112,9999,1.0,20.0
172113,9999,1.0,159.0
172114,9999,1.0,123.0
172114,9999,1.0,114.0
172114,9999,1.0,255.0
172115,9999,3.0,85.0
172115,9999,1.0,421.0
172116,9999,4.0,113.0
172116,9999,1.0,526.0
172117,9999,3.0,85.0
172117,9999,1.0,426.0
172118,9999,4.0,113.0
172118,9999,1.0,460.0
172119,9999,3.0,85.0
172119,9999,1.0,141.0
172120,9999,4.0,113.0
172120,9999,1.0,200.0
172121,9999,3.0,85.0
172121,9999,1.0,174.0
172122,9999,4.0,113.0
172122,9999,1.0,40.0
172123,9999,4.0,113.0
172123,9999,1.0,233.0
172124,9999,3.0,85.0
172124,9999,1.0,179.0
172125,9999,4.0,113.0
172125,9999,1.0,254.0
172126,9999,3.0,85.0
172126,9999,1.0,193.0
172127,9999,3.0,85.0
172127,9999,1.0,160.0
172128,9999,4.0,113.0
172128,9999,1.0,293.0
172129,9999,3.0,85.0
172129,9999,1.0,225.0
172130,9999,4.0,113.0
172130,9999,1.0,324.0
172131,9999,3.0,85.0
172131,9999,1.0,168.0
172132,9999,4.0,113.0
172132,9999,1.0,241.0
172133,9999,3.0,85.0
172133,9999,1.0,184.0
172134,9999,4.0,113.0
172134,9999,1.0,250.0
172135,9999,3.0,85.0
172135,9999,1.0,236.0
172136,9999,3.0,85.0
172136,9999,1.0,34.0
172137,9999,4.0,113.0
172137,9999,1.0,388.0
172138,9999,3.0,85.0
172138,9999,1.0,250.0
172139,9999,4.0,113.0
172139,9999,1.0,373.0
172140,9999,3.0,85.0
172140,9999,1.0,174.0
172141,9999,4.0,113.0
172141,9999,1.0,264.0
172142,9999,3.0,85.0
172143,9999,4.0,113.0
172144,9999,3.0,85.0
172144,9999,1.0,242.0
172145,9999,4.0,113.0
172145,9999,1.0,1587.0
172146,9999,3.0,85.0
172146,9999,1.0,1197.0
172147,9999,4.0,113.0
172147,9999,1.0,1604.0
172148,9999,3.0,85.0
172148,9999,1.0,1102.0
172149,9999,3.0,85.0
172149,9999,1.0,2259.0
172150,9999,3.0,85.0
172150,9999,1.0,2130.0
172151,9999,4.0,113.0
172151,9999,1.0,462.0
172151,9999,1.0,2627.0
172152,9999,4.0,113.0
172152,9999,1.0,456.0
172152,9999,1.0,2674.0
172153,9999,3.0,85.0
172153,9999,1.0,1601.0
172154,9999,3.0,85.0
172154,9999,1.0,1555.0
172155,9999,3.0,85.0
172155,9999,1.0,1669.0
172156,9999,4.0,113.0
172156,9999,1.0,361.0
172156,9999,1.0,2155.0
172157,9999,3.0,85.0
172157,9999,1.0,250.0
172158,9999,4.0,113.0
172158,9999,1.0,382.0
172159,9999,4.0,113.0
172159,9999,1.0,388.0
172160,9999,4.0,113.0
172160,9999,1.0,373.0
172161,9999,3.0,85.0
172162,9999,4.0,113.0
172162,9999,1.0,268.0
172163,9999,4.0,113.0
172163,9999,1.0,264.0
172164,9999,3.0,85.0
172164,9999,1.0,251.0
172165,9999,3.0,85.0
172165,9999,1.0,242.0
172166,9999,3.0,85.0
172166,9999,1.0,1159.0
172167,9999,3.0,85.0
172167,9999,1.0,1197.0
172168,9999,3.0,85.0
172168,9999,1.0,1102.0
172169,9999,4.0,113.0
172169,9999,1.0,1587.0
172170,9999,3.0,85.0
172170,9999,1.0,161.0
172171,9999,3.0,85.0
172171,9999,1.0,165.0
172172,9999,3.0,85.0
172172,9999,1.0,156.0
172173,9999,4.0,113.0
172173,9999,1.0,223.0
172174,9999,4.0,113.0
172174,9999,1.0,238.0
172175,9999,1.0,28.35
172175,9999,1.0,17.0
172175,9999,1.0,135.0
172176,9999,1.0,132.0
172176,9999,1.0,113.0
172176,9999,1.0,28.35
172176,9999,1.0,17.0
172176,9999,1.0,28.0
172177,9999,1.0,28.35
172177,9999,1.0,144.0
172177,9999,1.0,240.0
172177,9999,1.0,17.0
172177,9999,1.0,128.0
172178,9999,1.0,28.35
172178,9999,1.0,246.0
172178,9999,1.0,17.0
172178,9999,1.0,38.0
172179,9999,4.0,113.0
172179,9999,1.0,210.0
172179,9999,1.0,225.0
172180,9999,4.0,113.0
172180,9999,1.0,226.0
172181,9999,1.0,145.0
172181,9999,4.0,113.0
172182,9999,4.0,113.0
172182,9999,1.0,226.0
172183,9999,1.0,33.0
172183,9999,1.0,243.0
172184,9999,1.0,17.0
172184,9999,1.0,243.0
172185,9999,1.0,15.0
172185,9999,1.0,61.0
172186,9999,1.0,50.0
172187,9999,1.0,61.0
172187,9999,1.0,13.7
172187,9999,1.0,220.0
172188,9999,1.0,85.0
172188,9999,1.0,5.0
172189,9999,1.0,70.0
172190,9999,1.0,144.0
172191,9999,1.0,9.0
172192,9999,1.0,79.0
172193,9999,1.0,245.0
172193,9999,1.0,980.0
172194,9999,1.0,31.5
172194,9999,0.5,126.0
172195,9999,0.25,30.0
172195,9999,1.0,120.0
172196,9999,1.0,68.0
172196,9999,1.0,91.0
172197,9999,1.0,28.35
172198,9999,1.0,113.0
172198,9999,1.0,28.35
172198,9999,1.0,18.0
172198,9999,1.0,28.0
172198,9999,3.0,85.0
172200,9999,2.0,30.0
172200,9999,1.0,243.0
172201,9999,1.0,132.0
172201,9999,1.0,28.35
172202,9999,1.0,28.0
172203,9999,1.0,28.0
172204,9999,1.0,28.0
172205,9999,1.0,246.0
172205,9999,1.0,984.0
172206,9999,1.0,5.0
172207,9999,1.0,18.0
172208,9999,1.0,170.0
172209,9999,2.0,33.0
172210,9999,2.0,31.0
172211,9999,2.0,32.0
172212,9999,2.0,29.0
172212,9999,1.0,484.0
172213,9999,1.0,4.0
172213,9999,1.0,75.0
172214,9999,4.0,12.0
172215,9999,1.0,132.0
172215,9999,1.0,28.35
172215,9999,1.0,113.0
172215,9999,1.0,14.3
172215,9999,1.0,28.0
172215,9999,1.0,170.0
172216,9999,1.0,28.35
172216,9999,0.25,28.0
172217,9999,1.0,244.0
172217,9999,1.0,15.0
172217,9999,1.0,30.5
172217,9999,1.0,976.0
172218,9999,1.0,170.0
172218,9999,1.0,245.0
172218,9999,1.0,227.0
172219,9999,1.0,170.0
172219,9999,1.0,227.0
172219,9999,0.5,113.0
172219,9999,1.0,245.0
172220,9999,1.0,170.0
172221,9999,1.0,170.0
172222,9999,1.0,97.0
172223,9999,1.0,122.0
172224,9999,1.0,118.0
172225,9999,1.0,245.0
172226,9999,1.0,70.0
172227,9999,1.0,82.0
172228,9999,1.0,96.0
172229,9999,1.0,70.0
172230,9999,1.0,70.0
172231,9999,1.0,3.0
172231,9999,1.0,9.4
172232,9999,5.0,2.5
172232,9999,2.0,5.3
172232,9999,0.25,6.0
172233,9999,5.0,1.0
172233,9999,1.0,8.9
172234,9999,1.0,5.0
172234,9999,1.0,249.0
172235,9999,1.0,4.2
172235,9999,1.0,13.0
172236,9999,1.0,4.2
172236,9999,1.0,13.0
172237,9999,1.0,14.9
172237,9999,1.0,238.0
172237,9999,1.0,5.0
172238,9999,1.0,8.6
172239,9999,1.0,0.5
172239,9999,1.0,1.6
172240,9999,1.0,14.9
172240,9999,1.0,239.0
172240,9999,1.0,5.0
172241,9999,1.0,16.0
172241,9999,1.0,255.0
172241,9999,1.0,5.3
172242,9999,0.25,1.0
172243,9999,2.0,5.7
172244,9999,1.0,28.35
172244,9999,1.0,14.7
172244,9999,1.0,71.0
172245,9999,1.0,16.0
172245,9999,1.0,28.35
172245,9999,1.0,71.0
172246,9999,1.0,28.35
172246,9999,1.0,71.0
172247,9999,1.0,15.0
172247,9999,1.0,28.35
172247,9999,1.0,71.0
172247,9999,1.0,71.0
172248,9999,1.0,15.0
172248,9999,1.0,28.35
172248,9999,1.0,71.0
172248,9999,1.0,71.0
172248,9999,1.0,71.0
172249,9999,1.0,10.0
172249,9999,1.0,71.0
172249,9999,1.0,71.0
172250,9999,1.0,15.0
172250,9999,1.0,28.35
172250,9999,1.0,71.0
172250,9999,1.0,71.0
172250,9999,1.0,71.0
172250,9999,1.0,71.0
172251,9999,1.0,19.0
172251,9999,1.0,68.0
172252,9999,0.0,7.0
172253,9999,1.0,113.0
172254,9999,1.0,170.0
172255,9999,1.0,88.0
172256,9999,1.0,28.35
172256,9999,1.0,113.0
172257,9999,1.0,16.0
172257,9999,1.0,8.0
172258,9999,1.0,16.0
172258,9999,1.0,28.35
172258,9999,1.0,113.0
172258,9999,1.0,113.0
172258,9999,1.0,113.0
172258,9999,1.0,113.0
172259,9999,1.0,113.0
172260,9999,1.0,28.35
172260,9999,1.0,170.0
172261,9999,1.0,113.0
172262,9999,1.0,28.35
172262,9999,1.0,170.0
172263,9999,1.0,16.0
172263,9999,1.0,28.35
172263,9999,1.0,113.0
172263,9999,1.0,113.0
172263,9999,1.0,113.0
172263,9999,1.0,113.0
172264,9999,1.0,16.0
172264,9999,1.0,28.35
172264,9999,1.0,170.0
172264,9999,1.0,170.0
172264,9999,1.0,170.0
172264,9999,1.0,170.0
172265,9999,1.0,28.35
172265,9999,1.0,170.0
172266,9999,1.0,113.0
172267,9999,1.0,28.35
172267,9999,1.0,113.0
172268,9999,1.0,28.35
172268,9999,1.0,170.0
172269,9999,1.0,16.0
172269,9999,1.0,28.35
172269,9999,1.0,113.0
172269,9999,1.0,113.0
172269,9999,1.0,113.0
172269,9999,1.0,113.0
172270,9999,1.0,28.35
172270,9999,1.0,170.0
172271,9999,1.0,240.0
172271,9999,1.0,15.0
172271,9999,1.0,28.35
172271,9999,1.0,113.0
172271,9999,1.0,113.0
172271,9999,1.0,71.0
172271,9999,1.0,113.0
172271,9999,1.0,113.0
172271,9999,1.0,71.0
172272,9999,1.0,240.0
172272,9999,1.0,15.0
172272,9999,1.0,28.35
172272,9999,1.0,170.0
172272,9999,1.0,170.0
172273,9999,1.0,28.35
172273,9999,1.0,128.0
172274,9999,1.0,16.0
172274,9999,1.0,28.35
172274,9999,1.0,113.0
172275,9999,1.0,16.0
172275,9999,1.0,28.35
172275,9999,1.0,99.0
172275,9999,1.0,67.0
172276,9999,1.0,224.0
172276,9999,1.0,14.0
172276,9999,1.0,28.35
172276,9999,1.0,113.0
172276,9999,1.0,71.0
172276,9999,1.0,113.0
172276,9999,1.0,71.0
172276,9999,1.0,128.0
172276,9999,1.0,113.0
172276,9999,1.0,113.0
172276,9999,1.0,71.0
172277,9999,1.0,224.0
172277,9999,1.0,14.0
172277,9999,1.0,28.35
172277,9999,1.0,170.0
172277,9999,1.0,170.0
172277,9999,1.0,170.0
172277,9999,1.0,170.0
172278,9999,1.0,16.0
172278,9999,1.0,28.35
172278,9999,1.0,170.0
172278,9999,1.0,170.0
172278,9999,1.0,170.0
172278,9999,1.0,170.0
172279,9999,1.0,15.0
172279,9999,1.0,28.35
172279,9999,1.0,113.0
172279,9999,1.0,113.0
172279,9999,1.0,120.0
172280,9999,1.0,113.0
172280,9999,1.0,15.0
172280,9999,1.0,28.35
172280,9999,1.0,240.0
172280,9999,1.0,113.0
172280,9999,1.0,113.0
172280,9999,1.0,113.0
172281,9999,1.0,99.0
172282,9999,1.0,15.0
172282,9999,1.0,28.35
172282,9999,1.0,170.0
172282,9999,1.0,170.0
172282,9999,1.0,170.0
172283,9999,1.0,99.0
172283,9999,1.0,15.0
172283,9999,1.0,28.35
172283,9999,1.0,240.0
172283,9999,1.0,198.0
172284,9999,1.0,28.35
172284,9999,1.0,113.0
172285,9999,1.0,28.35
172285,9999,1.0,113.0
172286,9999,1.0,28.35
172286,9999,1.0,170.0
172287,9999,1.0,28.35
172287,9999,1.0,113.0
172287,9999,1.0,113.0
172287,9999,1.0,113.0
172287,9999,1.0,113.0
172288,9999,1.0,29.0
172288,9999,1.0,162.0
172289,9999,1.0,30.4
172290,9999,1.0,30.5
172291,9999,1.0,8.7
172292,9999,1.0,8.7
172293,9999,100.0,104.0
172294,9999,1.0,7.2
172295,9999,100.0,103.0
172296,9999,1.0,28.35
172297,9999,1.0,28.35
172298,9999,1.0,28.35
172299,9999,1.0,28.35
172300,9999,1.0,28.35
172301,9999,1.0,8.3
172302,9999,1.0,8.8
172302,9999,1.0,8.5
172303,9999,1.0,31.3
172304,9999,1.0,106.0
172304,9999,1.0,30.5
172305,9999,1.0,106.0
172305,9999,1.0,30.5
172306,9999,1.0,106.0
172306,9999,1.0,30.5
172307,9999,1.0,8.7
172308,9999,1.0,9.0
172309,9999,1.0,107.0
172309,9999,1.0,30.5
172310,9999,1.0,30.5
172311,9999,1.0,9.9
172312,9999,1.0,31.4
172313,9999,1.0,31.0
172314,9999,3.0,28.0
172315,9999,1.0,103.0
172315,9999,1.0,30.5
172316,9999,1.0,9.4
172317,9999,1.0,28.35
172318,9999,1.0,30.5
172319,9999,1.0,30.4
172320,9999,1.0,31.4
172321,9999,1.0,106.0
172321,9999,1.0,30.5
172322,9999,1.0,9.0
172322,9999,1.0,106.0
172323,9999,1.0,30.5
172324,9999,1.0,30.5
172325,9999,1.0,30.5
172326,9999,1.0,31.4
172327,9999,1.0,12.8
172327,9999,1.0,205.0
172328,9999,1.0,13.6
172328,9999,1.0,218.0
172328,9999,1.0,4.5
172329,9999,1.0,12.8
172329,9999,1.0,205.0
172330,9999,1.0,12.8
172330,9999,1.0,205.0
172331,9999,1.0,12.8
172331,9999,1.0,205.0
172332,9999,1.0,12.8
172332,9999,1.0,205.0
172333,9999,1.0,12.8
172333,9999,1.0,205.0
172334,9999,1.0,13.6
172334,9999,1.0,218.0
172335,9999,1.0,13.6
172335,9999,1.0,218.0
172335,9999,1.0,4.5
172336,9999,1.0,14.0
172336,9999,1.0,218.0
172336,9999,1.0,4.5
172337,9999,1.0,14.0
172337,9999,1.0,218.0
172337,9999,1.0,4.5
172338,9999,1.0,14.0
172338,9999,1.0,218.0
172338,9999,1.0,4.5
172339,9999,1.0,14.1
172339,9999,1.0,227.0
172339,9999,1.0,4.7
172339,9999,1.0,111.0
172340,9999,1.0,13.6
172340,9999,1.0,4.5
172340,9999,1.0,218.0
172341,9999,1.0,13.6
172341,9999,1.0,4.5
172341,9999,1.0,218.0
172342,9999,1.0,12.5
172342,9999,1.0,4.5
172342,9999,1.0,205.0
172343,9999,1.0,13.6
172343,9999,1.0,4.5
172343,9999,1.0,218.0
172344,9999,1.0,14.0
172345,9999,1.0,4.3
172346,9999,1.0,14.0
172346,9999,1.0,227.0
172346,9999,1.0,4.7
172346,9999,1.0,5.0
172346,9999,1.0,113.0
172347,9999,1.0,14.2
172347,9999,1.0,227.0
172348,9999,1.0,14.3
172348,9999,1.0,229.0
172348,9999,1.0,4.8
172349,9999,1.0,14.2
172349,9999,1.0,227.0
172350,9999,1.0,14.0
172351,9999,1.0,15.0
172352,9999,1.0,14.0
172353,9999,1.0,14.6
172353,9999,1.0,233.0
172354,9999,1.0,15.0
172354,9999,1.0,240.0
172355,9999,1.0,12.8
172355,9999,1.0,205.0
172356,9999,1.0,16.0
172356,9999,1.0,256.0
172357,9999,1.0,13.6
172357,9999,1.0,4.5
172357,9999,1.0,218.0
172358,9999,1.0,13.6
172358,9999,1.0,218.0
172359,9999,1.0,13.6
172359,9999,1.0,4.5
172359,9999,1.0,218.0
172360,9999,1.0,13.6
172360,9999,1.0,4.5
172360,9999,1.0,218.0
172361,9999,1.0,13.6
172361,9999,1.0,218.0
172361,9999,1.0,4.5
172362,9999,1.0,13.6
172362,9999,1.0,218.0
172362,9999,1.0,4.5
172363,9999,1.0,13.6
172363,9999,1.0,218.0
172363,9999,1.0,4.5
172364,9999,1.0,13.6
172364,9999,1.0,218.0
172364,9999,1.0,4.5
172365,9999,1.0,13.6
172365,9999,1.0,218.0
172365,9999,1.0,4.5
172366,9999,1.0,13.6
172366,9999,1.0,218.0
172366,9999,1.0,4.5
172367,9999,1.0,13.6
172367,9999,1.0,218.0
172367,9999,1.0,4.5
172368,9999,1.0,13.6
172368,9999,1.0,218.0
172368,9999,1.0,4.5
172369,9999,1.0,14.0
172369,9999,1.0,227.0
172369,9999,1.0,4.7
172370,9999,1.0,13.6
172370,9999,1.0,218.0
172370,9999,1.0,4.5
172371,9999,1.0,14.0
172372,9999,1.0,14.0
172373,9999,4.0,113.0
172373,9999,1.0,133.0
172373,9999,1.0,130.0
172374,9999,1.0,43.0
172374,9999,1.0,72.0
172375,9999,1.0,25.0
172375,9999,1.0,42.0
172376,9999,3.0,85.0
172376,9999,1.0,96.0
172376,9999,1.0,105.0
172377,9999,3.0,85.0
172377,9999,1.0,46.0
172377,9999,1.0,160.0
172377,9999,1.0,28.0
172378,9999,4.0,113.0
172378,9999,1.0,344.0
172378,9999,1.0,111.0
172378,9999,1.0,185.0
172378,9999,1.0,49.0
172379,9999,1.0,56.0
172379,9999,1.0,94.0
172380,9999,3.0,85.0
172380,9999,1.0,199.0
172380,9999,1.0,105.0
172380,9999,1.0,72.0
172380,9999,1.0,22.0
172381,9999,3.0,85.0
172381,9999,1.0,160.0
172381,9999,1.0,60.0
172381,9999,1.0,101.0
172382,9999,1.0,15.0
172382,9999,1.0,50.0
172383,9999,1.0,7.0
172383,9999,1.0,22.0
172384,9999,3.0,85.0
172384,9999,1.0,5.0
172384,9999,1.0,18.0
172385,9999,4.0,113.0
172385,9999,1.0,193.0
172386,9999,1.0,52.0
172386,9999,1.0,86.0
172387,9999,3.0,85.0
172387,9999,1.0,31.0
172387,9999,1.0,52.0
172388,9999,3.0,85.0
172388,9999,1.0,116.0
172388,9999,1.0,137.0
172389,9999,1.0,140.0
172389,9999,1.0,33.0
172389,9999,1.0,55.0
172390,9999,4.0,113.0
172390,9999,1.0,107.0
172390,9999,1.0,1150.0
172391,9999,3.0,85.0
172391,9999,1.0,12.0
172391,9999,1.0,20.0
172392,9999,1.0,13.0
172392,9999,1.0,21.0
172393,9999,3.0,85.0
172393,9999,1.0,140.0
172393,9999,1.0,14.0
172393,9999,1.0,24.0
172394,9999,3.0,85.0
172394,9999,1.0,1509.0
172395,9999,1.0,140.0
172395,9999,1.0,171.0
172396,9999,1.0,25.0
172396,9999,1.0,113.0
172397,9999,1.0,145.0
172397,9999,1.0,15.0
172398,9999,1.0,99.0
172398,9999,0.5,220.0
172399,9999,3.0,85.0
172399,9999,1.0,160.0
172399,9999,1.0,202.0
172399,9999,1.0,593.0
172400,9999,3.0,85.0
172400,9999,1.0,271.0
172400,9999,0.5,398.0
172401,9999,3.0,85.0
172401,9999,1.0,178.0
172401,9999,0.5,261.0
172402,9999,4.0,113.0
172402,9999,1.0,194.0
172402,9999,0.5,284.0
172403,9999,3.0,85.0
172403,9999,1.0,140.0
172403,9999,1.0,137.0
172404,9999,1.0,105.0
172404,9999,0.5,154.0
172405,9999,1.0,140.0
172405,9999,1.0,73.0
172406,9999,3.0,85.0
172406,9999,1.0,2152.0
172407,9999,3.0,85.0
172407,9999,1.0,1418.0
172407,9999,1.0,218.0
172408,9999,3.0,85.0
172408,9999,1.0,287.0
172408,9999,0.5,634.0
172409,9999,1.0,140.0
172409,9999,1.0,173.0
172409,9999,0.5,382.0
172410,9999,1.0,137.0
172410,9999,0.5,303.0
172411,9999,1.0,140.0
172411,9999,1.0,100.0
172411,9999,0.5,221.0
172412,9999,1.0,140.0
172412,9999,1.0,188.0
172412,9999,0.5,774.0
172413,9999,3.0,85.0
172413,9999,1.0,185.0
172413,9999,0.5,766.0
172414,9999,1.0,143.0
172414,9999,0.5,591.0
172415,9999,1.0,94.0
172415,9999,1.0,11.0
172416,9999,3.0,85.0
172416,9999,1.0,359.0
172416,9999,0.5,345.0
172417,9999,1.0,99.0
172417,9999,1.0,107.0
172418,9999,1.0,109.0
172418,9999,1.0,405.0
172419,9999,1.0,92.0
172419,9999,1.0,342.0
172420,9999,1.0,192.0
172420,9999,1.0,12.0
172421,9999,1.0,198.0
172421,9999,1.0,12.3
172422,9999,1.0,182.0
172423,9999,1.0,180.0
172424,9999,1.0,166.0
172425,9999,1.0,196.0
172426,9999,1.0,177.0
172427,9999,1.0,180.0
172427,9999,1.0,69.0
172428,9999,1.0,196.0
172429,9999,1.0,196.0
172429,9999,1.0,12.2
172430,9999,1.0,28.35
172430,9999,1.0,146.0
172431,9999,1.0,147.0
172431,9999,1.0,28.35
172432,9999,1.0,146.0
172432,9999,1.0,28.35
172433,9999,1.0,144.0
172433,9999,1.0,28.35
172434,9999,1.0,146.0
172434,9999,1.0,28.35
172435,9999,1.0,60.0
172435,9999,1.0,28.35
172436,9999,1.0,205.0
172437,9999,1.0,168.0
172438,9999,1.0,238.0
172438,9999,1.0,442.0
172439,9999,1.0,144.0
172439,9999,1.0,16.0
172439,9999,1.0,5.0
172440,9999,1.0,172.0
172441,9999,1.0,93.0
172442,9999,1.0,17.0
172442,9999,1.0,275.0
172443,9999,1.0,175.0
172444,9999,1.0,88.0
172444,9999,1.0,5.5
172445,9999,1.0,122.0
172446,9999,1.0,243.0
172446,9999,1.0,30.6
172447,9999,1.0,28.35
172448,9999,0.5,126.0
172448,9999,0.25,81.0
172448,9999,0.2,91.0
172449,9999,1.0,120.0
172449,9999,1.0,248.0
172449,9999,1.0,18.0
172449,9999,0.25,116.0
172449,9999,0.2,90.0
172450,9999,1.0,17.0
172451,9999,1.0,28.35
172451,9999,1.0,13.0
172452,9999,1.0,122.0
172453,9999,1.0,172.0
172454,9999,1.0,15.0
172454,9999,1.0,246.0
172455,9999,1.0,17.0
172456,9999,1.0,243.0
172456,9999,1.0,30.6
172457,9999,2.0,31.0
172458,9999,2.0,36.0
172459,9999,2.0,32.0
172459,9999,1.0,258.0
172460,9999,2.0,32.0
172460,9999,1.0,258.0
172461,9999,1.0,84.0
172462,9999,1.0,84.0
172463,9999,1.0,84.0
172464,9999,1.0,84.0
172465,9999,1.0,231.0
172465,9999,1.0,445.0
172466,9999,1.0,233.0
172466,9999,1.0,15.0
172468,9999,0.2,79.0
172469,9999,2.0,32.0
172469,9999,1.0,258.0
172470,9999,2.0,32.0
172470,9999,1.0,258.0
172471,9999,1.0,16.0
172472,9999,1.0,168.0
172473,9999,1.0,14.2
172473,9999,1.0,4.5
172473,9999,1.0,255.0
172474,9999,1.0,15.0
172474,9999,1.0,4.9
172474,9999,0.25,58.0
172475,9999,0.5,126.0
172475,9999,0.25,81.0
172476,9999,0.5,124.0
172476,9999,0.25,116.0
172477,9999,1.0,172.0
172478,9999,4.0,113.0
172478,9999,1.0,325.0
172479,9999,1.0,28.35
172479,9999,1.0,453.6
172480,9999,3.0,85.0
172480,9999,1.0,242.0
172481,9999,1.0,28.35
172481,9999,1.0,453.6
172482,9999,1.0,148.0
172482,9999,3.0,85.0
172483,9999,1.0,28.35
172483,9999,1.0,453.6
172484,9999,1.0,128.0
172484,9999,3.0,85.0
172485,9999,3.0,85.0
172485,9999,1.0,269.0
172486,9999,1.0,28.35
172486,9999,1.0,453.6
172487,9999,3.0,85.0
172487,9999,1.0,238.0
172488,9999,1.0,28.35
172488,9999,1.0,453.6
172489,9999,3.0,85.0
172489,9999,1.0,64.0
172490,9999,3.0,85.0
172490,9999,1.0,269.0
172491,9999,1.0,28.35
172491,9999,1.0,65.0
172492,9999,3.0,85.0
172492,9999,1.0,46.0
172493,9999,1.0,28.35
172493,9999,1.0,453.6
172494,9999,1.0,147.0
172494,9999,3.0,85.0
172495,9999,3.0,85.0
172495,9999,1.0,159.0
172496,9999,4.0,113.0
172496,9999,1.0,453.6
172497,9999,3.0,85.0
172497,9999,1.0,218.0
172498,9999,3.0,85.0
172498,9999,1.0,202.0
172499,9999,3.0,85.0
172499,9999,1.0,217.0
172500,9999,1.0,28.35
172500,9999,1.0,133.0
172501,9999,3.0,85.0
172501,9999,1.0,70.0
172502,9999,3.0,85.0
172502,9999,1.0,74.0
172503,9999,3.0,85.0
172503,9999,1.0,224.0
172504,9999,1.0,28.35
172504,9999,1.0,453.6
172505,9999,3.0,85.0
172505,9999,1.0,209.0
172506,9999,3.0,85.0
172506,9999,1.0,207.0
172507,9999,3.0,85.0
172507,9999,1.0,210.0
172508,9999,1.0,28.35
172508,9999,1.0,453.6
172509,9999,3.0,85.0
172509,9999,1.0,272.0
172510,9999,3.0,85.0
172510,9999,1.0,327.0
172511,9999,1.0,28.35
172511,9999,1.0,453.6
172512,9999,3.0,85.0
172512,9999,1.0,286.0
172513,9999,4.0,113.0
172513,9999,1.0,115.0
172514,9999,3.0,85.0
172514,9999,1.0,85.0
172515,9999,4.0,113.0
172515,9999,1.0,115.0
172516,9999,3.0,85.0
172516,9999,1.0,218.0
172517,9999,4.0,113.0
172517,9999,1.0,115.0
172518,9999,1.0,28.35
172518,9999,1.0,453.6
172519,9999,3.0,85.0
172519,9999,1.0,313.0
172520,9999,3.0,85.0
172520,9999,1.0,399.0
172521,9999,1.0,28.35
172521,9999,1.0,453.6
172522,9999,3.0,85.0
172522,9999,1.0,313.0
172523,9999,1.0,28.35
172523,9999,1.0,453.6
172524,9999,3.0,85.0
172524,9999,1.0,313.0
172525,9999,1.0,28.35
172525,9999,4.0,113.0
172526,9999,3.0,85.0
172526,9999,1.0,347.0
172527,9999,1.0,28.35
172527,9999,4.0,113.0
172528,9999,3.0,85.0
172528,9999,1.0,191.0
172529,9999,1.0,28.35
172529,9999,4.0,113.0
172530,9999,3.0,85.0
172530,9999,1.0,198.0
172531,9999,1.0,28.35
172531,9999,4.0,113.0
172532,9999,3.0,85.0
172532,9999,1.0,336.0
172533,9999,3.0,85.0
172533,9999,1.0,322.0
172534,9999,4.0,113.0
172534,9999,1.0,453.0
172535,9999,3.0,85.0
172535,9999,1.0,80.0
172536,9999,3.0,85.0
172536,9999,1.0,300.0
172537,9999,1.0,28.35
172537,9999,8.0,227.0
172538,9999,1.0,28.35
172538,9999,4.0,113.0
172539,9999,3.0,85.0
172539,9999,1.0,231.0
172540,9999,1.0,28.35
172540,9999,4.0,113.0
172541,9999,3.0,85.0
172541,9999,1.0,345.0
172542,9999,1.0,28.35
172542,9999,4.0,113.0
172543,9999,3.0,85.0
172544,9999,3.0,85.0
172544,9999,1.0,313.0
172545,9999,1.0,28.35
172545,9999,1.0,453.6
172546,9999,3.0,85.0
172546,9999,1.0,250.0
172547,9999,1.0,28.35
172547,9999,1.0,453.6
172548,9999,3.0,85.0
172548,9999,1.0,267.0
172549,9999,1.0,28.35
172549,9999,1.0,453.6
172550,9999,3.0,85.0
172550,9999,1.0,260.0
172551,9999,1.0,28.35
172551,9999,1.0,79.0
172552,9999,3.0,85.0
172552,9999,1.0,248.0
172553,9999,1.0,28.35
172553,9999,1.0,453.6
172554,9999,3.0,85.0
172554,9999,1.0,213.0
172555,9999,3.0,85.0
172555,9999,1.0,242.0
172556,9999,1.0,28.35
172556,9999,1.0,453.6
172557,9999,3.0,85.0
172557,9999,1.0,207.0
172558,9999,3.0,85.0
172558,9999,1.0,250.0
172559,9999,3.0,85.0
172559,9999,1.0,256.0
172560,9999,1.0,28.35
172560,9999,1.0,453.6
172561,9999,3.0,85.0
172561,9999,1.0,253.0
172562,9999,1.0,28.35
172562,9999,1.0,63.0
172563,9999,3.0,85.0
172563,9999,1.0,42.0
172564,9999,1.0,28.35
172564,9999,1.0,453.6
172564,9999,4.0,113.0
172565,9999,1.0,28.35
172565,9999,1.0,453.6
172565,9999,4.0,113.0
172566,9999,1.0,28.35
172566,9999,1.0,453.6
172566,9999,4.0,113.0
172567,9999,1.0,28.35
172568,9999,1.0,28.35
172568,9999,1.0,453.6
172569,9999,3.0,85.0
172569,9999,1.0,194.0
172570,9999,1.0,28.35
172570,9999,1.0,453.6
172571,9999,3.0,85.0
172571,9999,1.0,223.0
172572,9999,1.0,28.35
172572,9999,1.0,453.6
172572,9999,3.0,85.0
172573,9999,3.0,85.0
172573,9999,1.0,248.0
172574,9999,1.0,28.35
172574,9999,1.0,453.6
172574,9999,3.0,85.0
172575,9999,3.0,85.0
172575,9999,1.0,211.0
172576,9999,1.0,28.35
172576,9999,1.0,453.6
172576,9999,3.0,85.0
172577,9999,3.0,85.0
172577,9999,1.0,251.0
172578,9999,1.0,28.35
172578,9999,1.0,453.6
172578,9999,3.0,85.0
172579,9999,3.0,85.0
172579,9999,1.0,277.0
172580,9999,1.0,28.35
172580,9999,1.0,453.6
172580,9999,3.0,85.0
172581,9999,3.0,85.0
172581,9999,1.0,259.0
172582,9999,1.0,28.35
172583,9999,3.0,85.0
172584,9999,1.0,28.35
172585,9999,3.0,85.0
172586,9999,1.0,28.35
172586,9999,3.0,85.0
172587,9999,3.0,85.0
172588,9999,1.0,28.35
172588,9999,3.0,85.0
172589,9999,3.0,85.0
172589,9999,1.0,241.0
172589,9999,1.0,54.0
172590,9999,1.0,28.35
172590,9999,1.0,453.6
172590,9999,3.0,85.0
172591,9999,3.0,85.0
172591,9999,1.0,262.0
172592,9999,1.0,28.35
172592,9999,1.0,453.6
172592,9999,3.0,85.0
172593,9999,3.0,85.0
172593,9999,1.0,222.0
172594,9999,1.0,28.35
172594,9999,1.0,453.6
172594,9999,3.0,85.0
172595,9999,3.0,85.0
172595,9999,1.0,273.0
172596,9999,1.0,28.35
172596,9999,1.0,453.6
172596,9999,3.0,85.0
172597,9999,3.0,85.0
172597,9999,1.0,233.0
172598,9999,1.0,85.0
172598,9999,1.0,1237.0
172599,9999,1.0,85.0
172599,9999,1.0,179.0
172600,9999,1.0,85.0
172600,9999,1.0,180.0
172601,9999,1.0,85.0
172601,9999,1.0,489.0
172602,9999,1.0,85.0
172602,9999,1.0,28.35
172603,9999,1.0,93.0
172603,9999,1.0,85.0
172604,9999,1.0,54.0
172604,9999,1.0,85.0
172605,9999,1.0,85.0
172605,9999,1.0,293.0
172606,9999,4.0,113.0
172606,9999,1.0,330.0
172607,9999,3.0,85.0
172607,9999,1.0,330.0
172608,9999,1.0,113.0
172609,9999,3.0,85.0
172610,9999,3.0,85.0
172611,9999,4.0,113.0
172612,9999,3.0,85.0
172613,9999,3.0,85.0
172614,9999,3.0,85.0
172615,9999,4.0,113.0
172616,9999,3.0,85.0
172617,9999,4.0,113.0
172618,9999,3.0,85.0
172619,9999,4.0,113.0
172620,9999,3.0,85.0
172621,9999,4.0,113.0
172622,9999,3.0,85.0
172623,9999,4.0,113.0
172624,9999,3.0,85.0
172625,9999,4.0,113.0
172626,9999,3.0,85.0
172627,9999,3.0,85.0
172628,9999,4.0,113.0
172629,9999,3.0,85.0
172630,9999,3.0,85.0
172631,9999,4.0,113.0
172632,9999,3.0,85.0
172633,9999,4.0,113.0
172634,9999,3.0,85.0
172635,9999,4.0,113.0
172636,9999,3.0,85.0
172637,9999,4.0,113.0
172638,9999,3.0,85.0
172639,9999,3.0,85.0
172640,9999,3.0,85.0
172641,9999,4.0,113.0
172642,9999,3.0,85.0
172643,9999,4.0,113.0
172643,9999,1.0,55.0
172643,9999,1.0,113.0
172644,9999,3.0,85.0
172644,9999,1.0,153.0
172645,9999,4.0,113.0
172645,9999,1.0,113.0
172645,9999,1.0,1270.0
172646,9999,3.0,85.0
172646,9999,1.0,187.0
172647,9999,3.0,85.0
172648,9999,4.0,113.0
172648,9999,1.0,113.0
172648,9999,1.0,1270.0
172649,9999,3.0,85.0
172649,9999,1.0,187.0
172650,9999,3.0,85.0
172650,9999,1.0,153.0
172651,9999,3.0,85.0
172651,9999,1.0,352.0
172652,9999,4.0,113.0
172652,9999,1.0,146.0
172653,9999,4.0,113.0
172653,9999,1.0,989.0
172654,9999,3.0,85.0
172654,9999,1.0,1808.0
172655,9999,4.0,113.0
172655,9999,1.0,2674.0
172657,9999,4.0,113.0
172658,9999,3.0,85.0
172658,9999,1.0,723.0
172659,9999,4.0,113.0
172659,9999,1.0,989.0
172660,9999,4.0,113.0
172660,9999,1.0,146.0
172661,9999,3.0,85.0
172661,9999,1.0,43.0
172662,9999,3.0,85.0
172662,9999,1.0,329.0
172663,9999,3.0,85.0
172663,9999,1.0,447.0
172664,9999,1.0,26.0
172664,9999,1.0,69.0
172664,9999,1.0,105.0
172664,9999,1.0,131.0
172664,9999,1.0,28.35
172665,9999,1.0,24.0
172665,9999,1.0,65.0
172665,9999,1.0,99.0
172665,9999,1.0,123.0
172665,9999,1.0,28.35
172666,9999,1.0,26.0
172666,9999,1.0,69.0
172666,9999,1.0,105.0
172666,9999,1.0,131.0
172666,9999,1.0,28.35
172667,9999,1.0,28.35
172667,9999,1.0,77.0
172667,9999,1.0,51.0
172667,9999,1.0,35.0
172667,9999,1.0,35.0
172668,9999,1.0,58.0
172668,9999,1.0,43.0
172668,9999,1.0,398.0
172668,9999,1.0,28.35
172669,9999,1.0,51.0
172669,9999,1.0,27.0
172669,9999,1.0,28.35
172670,9999,1.0,28.35
172670,9999,1.0,101.0
172670,9999,1.0,14.0
172670,9999,1.0,60.0
172671,9999,1.0,28.35
172671,9999,1.0,44.0
172672,9999,1.0,28.35
172672,9999,1.0,3.2
172672,9999,1.0,30.0
172672,9999,1.0,25.0
172672,9999,1.0,12.2
172672,9999,1.0,25.0
172672,9999,1.0,20.0
172672,9999,1.0,9.4
172673,9999,1.0,28.35
172673,9999,1.0,40.0
172674,9999,1.0,28.35
172674,9999,1.0,37.0
172675,9999,1.0,28.35
172675,9999,1.0,139.0
172676,9999,1.0,28.35
172676,9999,1.0,30.0
172677,9999,1.0,28.35
172677,9999,1.0,27.0
172678,9999,1.0,28.35
172678,9999,1.0,27.0
172679,9999,1.0,28.35
172679,9999,1.0,25.0
172680,9999,1.0,28.35
172680,9999,1.0,32.0
172680,9999,1.0,26.0
172680,9999,1.0,23.0
172681,9999,1.0,28.35
172681,9999,1.0,29.0
172681,9999,1.0,24.0
172681,9999,1.0,21.0
172682,9999,1.0,28.35
172682,9999,1.0,23.0
172683,9999,1.0,28.35
172683,9999,1.0,19.0
172684,9999,1.0,28.35
172684,9999,1.0,32.0
172684,9999,1.0,7.0
172684,9999,1.0,25.0
172685,9999,1.0,28.35
172685,9999,1.0,29.0
172685,9999,1.0,24.0
172685,9999,1.0,18.0
172686,9999,1.0,29.0
172687,9999,1.0,28.35
172687,9999,1.0,24.0
172688,9999,1.0,32.0
172688,9999,1.0,28.35
172689,9999,1.0,28.35
172689,9999,1.0,25.0
172690,9999,1.0,28.35
172690,9999,1.0,46.0
172690,9999,1.0,33.0
172691,9999,1.0,28.35
172691,9999,1.0,42.0
172691,9999,1.0,30.0
172692,9999,1.0,28.35
172692,9999,1.0,170.0
172693,9999,1.0,28.35
172693,9999,0.5,100.0
172694,9999,1.0,28.0
172694,9999,1.0,340.0
172695,9999,1.0,50.0
172695,9999,1.0,596.0
172696,9999,1.0,28.35
172696,9999,1.0,92.0
172697,9999,1.0,95.0
172697,9999,1.0,1137.0
172698,9999,1.0,28.35
172698,9999,1.0,112.0
172699,9999,1.0,28.35
172699,9999,1.0,76.0
172700,9999,1.0,28.35
172700,9999,1.0,57.0
172700,9999,1.0,63.0
172701,9999,1.0,28.35
172701,9999,1.0,411.0
172702,9999,1.0,28.35
172702,9999,1.0,74.0
172703,9999,1.0,28.35
172703,9999,1.0,115.0
172704,9999,0.16,61.0
172704,9999,1.0,49.0
172705,9999,1.0,28.35
172705,9999,1.0,227.0
172706,9999,1.0,28.35
172706,9999,1.0,38.0
172707,9999,1.0,28.35
172707,9999,1.0,63.0
172708,9999,1.0,28.35
172708,9999,1.0,524.0
172709,9999,1.0,74.0
172709,9999,1.0,887.0
172710,9999,1.0,68.0
172710,9999,1.0,817.0
172711,9999,1.0,28.35
172711,9999,1.0,80.0
172711,9999,1.0,125.0
172712,9999,1.0,28.35
172712,9999,1.0,99.0
172713,9999,1.0,28.35
172713,9999,1.0,56.0
172713,9999,1.0,61.0
172714,9999,1.0,28.35
172714,9999,1.0,112.0
172714,9999,1.0,6.0
172715,9999,1.0,34.0
172715,9999,1.0,28.35
172716,9999,1.0,12.9
172716,9999,1.0,12.0
172716,9999,1.0,28.35
172716,9999,1.0,12.2
172716,9999,1.0,12.0
172716,9999,1.0,40.0
172716,9999,1.0,10.0
172716,9999,1.0,14.0
172716,9999,1.0,2.2
172717,9999,1.0,14.2
172717,9999,1.0,28.35
172717,9999,1.0,15.0
172717,9999,1.0,12.2
172718,9999,3.0,36.0
172718,9999,1.0,28.35
172719,9999,1.0,28.35
172719,9999,1.0,17.0
172720,9999,1.0,28.35
172720,9999,1.0,13.0
172721,9999,1.0,28.35
172721,9999,1.0,43.0
172721,9999,1.0,16.0
172721,9999,1.0,57.0
172722,9999,1.0,28.35
172722,9999,1.0,8.0
172723,9999,1.0,28.35
172723,9999,1.0,28.0
172723,9999,1.0,39.0
172723,9999,1.0,13.0
172724,9999,1.0,28.35
172724,9999,1.0,32.0
172724,9999,1.0,15.0
172724,9999,1.0,20.0
172725,9999,1.0,28.35
172725,9999,1.0,25.0
172725,9999,1.0,18.0
172726,9999,1.0,28.35
172726,9999,1.0,15.0
172727,9999,1.0,28.35
172727,9999,1.0,31.0
172728,9999,1.0,28.35
172728,9999,1.0,15.0
172729,9999,1.0,28.35
172729,9999,1.0,16.0
172730,9999,1.0,28.35
172730,9999,1.0,12.0
172731,9999,1.0,28.35
172731,9999,1.0,241.0
172732,9999,1.0,28.35
172732,9999,1.0,7.0
172733,9999,1.0,28.35
172733,9999,1.0,10.0
172734,9999,1.0,28.35
172734,9999,1.0,7.0
172735,9999,1.0,28.35
172735,9999,1.0,15.0
172735,9999,1.0,23.0
172736,9999,3.0,36.0
172736,9999,1.0,10.1
172736,9999,1.0,28.35
172737,9999,1.0,28.35
172737,9999,1.0,15.0
172737,9999,1.0,10.0
172738,9999,1.0,28.35
172738,9999,1.0,245.0
172738,9999,1.0,40.0
172739,9999,0.5,14.2
172739,9999,1.0,55.0
172739,9999,1.0,10.0
172739,9999,1.0,2.0
172739,9999,1.0,10.0
172739,9999,1.0,5.8
172739,9999,1.0,25.0
172739,9999,1.0,10.0
172740,9999,0.5,14.2
172740,9999,1.0,28.0
172741,9999,0.5,14.2
172741,9999,1.0,28.0
172742,9999,0.5,14.2
172742,9999,1.0,28.0
172743,9999,0.5,14.2
172743,9999,1.0,7.0
172744,9999,0.5,14.2
172744,9999,1.0,61.0
172744,9999,1.0,11.0
172744,9999,1.0,25.0
172745,9999,0.5,14.2
172745,9999,1.0,22.0
172746,9999,5.0,14.9
172746,9999,0.5,14.2
172746,9999,1.0,70.0
172746,9999,5.0,15.0
172746,9999,1.0,3.0
172746,9999,1.0,10.0
172746,9999,1.0,1.0
172746,9999,1.0,6.0
172746,9999,1.0,45.0
172747,9999,0.5,14.2
172747,9999,1.0,7.0
172748,9999,0.5,14.2
172748,9999,1.0,7.0
172749,9999,1.0,28.0
172749,9999,6.0,28.0
172749,9999,1.0,4.6
172749,9999,0.5,14.2
172749,9999,1.0,94.0
172749,9999,10.0,10.0
172750,9999,1.0,28.35
172750,9999,1.0,115.0
172751,9999,0.5,14.2
172751,9999,1.0,30.0
172752,9999,0.5,14.2
172752,9999,1.0,40.0
172752,9999,1.0,10.0
172752,9999,4.0,1.0
172753,9999,1.0,28.35
172753,9999,1.0,142.0
172753,9999,1.0,35.0
172753,9999,1.0,65.0
172753,9999,1.0,53.0
172753,9999,1.0,53.0
172754,9999,1.0,28.35
172754,9999,1.0,71.0
172755,9999,1.0,28.35
172755,9999,1.0,142.0
172755,9999,1.0,35.0
172755,9999,1.0,71.0
172755,9999,1.0,53.0
172755,9999,1.0,53.0
172756,9999,1.0,28.35
172756,9999,1.0,41.0
172757,9999,1.0,28.35
172757,9999,1.0,85.0
172758,9999,1.0,28.35
172758,9999,1.0,13.0
172758,9999,1.0,56.0
172758,9999,1.0,122.0
172758,9999,1.0,157.0
172758,9999,1.0,75.0
172758,9999,1.0,90.0
172758,9999,1.0,64.0
172758,9999,1.0,31.0
172758,9999,1.0,42.0
172758,9999,1.0,60.0
172758,9999,1.0,65.0
172758,9999,1.0,78.0
172758,9999,1.0,85.0
172758,9999,1.0,60.0
172758,9999,1.0,63.0
172759,9999,1.0,28.35
172759,9999,1.0,85.0
172760,9999,1.0,28.35
172760,9999,1.0,52.0
172761,9999,1.0,28.35
172761,9999,1.0,57.0
172762,9999,1.0,28.35
172762,9999,1.0,66.0
172763,9999,1.0,28.35
172763,9999,1.0,59.0
172764,9999,1.0,28.35
172764,9999,1.0,57.0
172765,9999,1.0,28.35
172765,9999,1.0,17.0
172765,9999,1.0,66.0
172765,9999,1.0,113.0
172765,9999,1.0,139.0
172765,9999,1.0,168.0
172765,9999,1.0,31.0
172766,9999,1.0,43.0
172766,9999,1.0,356.0
172766,9999,1.0,28.35
172767,9999,1.0,28.35
172767,9999,1.0,33.0
172768,9999,1.0,28.35
172768,9999,1.0,57.0
172769,9999,1.0,28.35
172769,9999,1.0,17.0
172769,9999,1.0,66.0
172769,9999,1.0,113.0
172769,9999,1.0,139.0
172769,9999,1.0,168.0
172770,9999,1.0,28.35
172770,9999,1.0,198.0
172771,9999,1.0,28.35
172771,9999,1.0,41.0
172771,9999,1.0,73.0
172771,9999,1.0,10.1
172771,9999,1.0,40.0
172772,9999,0.33,52.0
172772,9999,1.0,28.35
172772,9999,1.0,130.0
172773,9999,1.0,28.35
172773,9999,1.0,38.0
172773,9999,1.0,77.0
172774,9999,1.0,28.35
172774,9999,1.0,122.0
172775,9999,1.0,28.35
172775,9999,1.0,227.0
172776,9999,1.0,28.35
172776,9999,1.0,140.0
172777,9999,1.0,28.35
172777,9999,1.0,1186.0
172777,9999,1.0,144.0
172778,9999,1.0,28.35
172778,9999,1.0,125.0
172778,9999,1.0,117.0
172779,9999,1.0,28.35
172779,9999,1.0,147.0
172780,9999,1.0,28.35
172780,9999,1.0,125.0
172780,9999,1.0,117.0
172781,9999,1.0,28.35
172781,9999,1.0,180.0
172782,9999,1.0,28.35
172782,9999,1.0,104.0
172783,9999,1.0,28.35
172783,9999,1.0,105.0
172784,9999,1.0,28.35
172784,9999,1.0,128.0
172785,9999,1.0,28.35
172785,9999,1.0,113.0
172786,9999,1.0,28.35
172786,9999,1.0,122.0
172787,9999,1.0,28.35
172787,9999,1.0,133.0
172787,9999,1.0,995.0
172788,9999,1.0,28.35
172788,9999,1.0,155.0
172789,9999,1.0,28.35
172789,9999,1.0,126.0
172790,9999,1.0,28.35
172790,9999,1.0,47.0
172791,9999,1.0,28.35
172791,9999,1.0,19.0
172792,9999,1.0,28.35
172792,9999,1.0,170.0
172793,9999,1.0,28.0
172793,9999,1.0,25.0
172793,9999,1.0,43.0
172793,9999,1.0,86.0
172794,9999,1.0,28.0
172794,9999,1.0,43.0
172794,9999,1.0,135.0
172794,9999,1.0,36.0
172794,9999,1.0,94.0
172794,9999,1.0,65.0
172795,9999,1.0,28.35
172795,9999,1.0,38.0
172796,9999,1.0,44.0
172796,9999,1.0,28.35
172797,9999,1.0,28.35
172797,9999,1.0,43.0
172798,9999,1.0,28.35
172798,9999,1.0,30.0
172799,9999,1.0,28.35
172799,9999,1.0,30.0
172800,9999,1.0,12.9
172800,9999,1.0,12.7
172800,9999,1.0,13.3
172800,9999,1.0,21.0
172800,9999,1.0,5.0
172800,9999,1.0,28.35
172801,9999,1.0,28.35
172801,9999,1.0,51.0
172802,9999,1.0,28.35
172802,9999,1.0,32.0
172802,9999,1.0,8.0
172803,9999,1.0,4.6
172803,9999,0.5,2.3
172804,9999,1.0,4.6
172804,9999,0.5,2.3
172805,9999,1.0,5.0
172805,9999,0.5,2.5
172806,9999,1.0,28.35
172806,9999,1.0,120.0
172807,9999,1.0,28.35
172807,9999,1.0,15.0
172808,9999,1.0,28.35
172808,9999,1.0,16.0
172809,9999,1.0,28.35
172809,9999,1.0,17.0
172810,9999,1.0,28.35
172810,9999,1.0,43.0
172810,9999,1.0,35.0
172811,9999,1.0,30.0
172811,9999,1.0,244.0
172812,9999,0.5,14.2
172812,9999,1.0,28.0
172813,9999,1.0,129.0
172813,9999,1.0,176.0
172813,9999,1.0,22.0
172814,9999,1.0,24.0
172814,9999,1.0,194.0
172815,9999,1.0,28.35
172815,9999,1.0,241.0
172816,9999,1.0,28.35
172816,9999,1.0,60.0
172817,9999,1.0,28.35
172817,9999,1.0,32.0
172817,9999,1.0,26.0
172817,9999,1.0,23.0
172818,9999,1.0,28.35
172818,9999,1.0,45.0
172818,9999,1.0,35.0
172818,9999,1.0,30.0
172818,9999,1.0,25.0
172818,9999,1.0,20.0
172819,9999,1.0,28.35
172819,9999,1.0,5.0
172820,9999,1.0,28.35
172820,9999,1.0,10.0
172820,9999,1.0,2.2
172821,9999,1.0,28.35
172821,9999,1.0,13.0
172821,9999,1.0,24.0
172821,9999,1.0,11.0
172822,9999,0.5,14.2
172822,9999,1.0,70.0
172822,9999,1.0,30.0
172822,9999,1.0,33.0
172822,9999,1.0,3.0
172822,9999,1.0,5.0
172822,9999,1.0,5.0
172823,9999,0.5,14.2
172823,9999,1.0,94.0
172823,9999,1.0,4.0
172823,9999,1.0,4.0
172823,9999,10.0,10.0
172824,9999,1.0,28.35
172824,9999,1.0,142.0
172824,9999,1.0,35.0
172824,9999,1.0,65.0
172824,9999,1.0,53.0
172824,9999,1.0,53.0
172825,9999,1.0,28.35
172825,9999,1.0,142.0
172825,9999,1.0,35.0
172825,9999,1.0,71.0
172825,9999,1.0,53.0
172825,9999,1.0,53.0
172826,9999,1.0,28.35
172826,9999,1.0,23.0
172827,9999,1.0,28.35
172827,9999,1.0,71.0
172828,9999,1.0,28.35
172828,9999,1.0,57.0
172829,9999,3.0,85.0
172829,9999,1.0,208.0
172829,9999,1.0,56.0
172830,9999,3.0,85.0
172830,9999,1.0,51.0
172831,9999,4.0,113.0
172831,9999,1.0,219.0
172831,9999,1.0,627.0
172832,9999,1.0,117.0
172833,9999,1.0,109.0
172833,9999,1.0,85.0
172834,9999,1.0,85.0
172834,9999,1.0,496.0
172835,9999,3.0,85.0
172835,9999,1.0,572.0
172836,9999,1.0,85.0
172836,9999,1.0,416.0
172837,9999,3.0,85.0
172837,9999,1.0,422.0
172838,9999,3.0,85.0
172838,9999,1.0,300.0
172839,9999,1.0,85.0
172839,9999,1.0,28.35
172840,9999,1.0,85.0
172841,9999,1.0,85.0
172841,9999,1.0,28.35
172842,9999,1.0,85.0
172843,9999,1.0,85.0
172844,9999,1.0,85.0
172844,9999,1.0,28.35
172844,9999,1.0,453.0
172845,9999,1.0,85.0
172845,9999,1.0,456.0
172845,9999,1.0,28.35
172846,9999,1.0,85.0
172846,9999,1.0,28.35
172846,9999,1.0,453.0
172847,9999,4.0,113.0
172847,9999,1.0,85.0
172847,9999,1.0,453.0
172848,9999,3.0,85.0
172849,9999,3.0,85.0
172849,9999,1.0,85.0
172850,9999,4.0,113.0
172850,9999,1.0,453.0
172850,9999,1.0,85.0
172851,9999,3.0,85.0
172852,9999,3.0,85.0
172852,9999,1.0,95.0
172852,9999,1.0,105.0
172853,9999,3.0,85.0
172853,9999,1.0,111.0
172853,9999,1.0,129.0
172854,9999,3.0,85.0
172854,9999,1.0,453.0
172855,9999,4.0,113.0
172855,9999,1.0,453.0
172856,9999,3.0,85.0
172856,9999,1.0,91.0
172856,9999,1.0,129.0
172857,9999,3.0,85.0
172857,9999,1.0,95.0
172857,9999,1.0,106.0
172858,9999,3.0,85.0
172858,9999,1.0,132.0
172858,9999,1.0,158.0
172859,9999,4.0,113.0
172859,9999,1.0,148.0
172859,9999,1.0,191.0
172860,9999,4.0,113.0
172860,9999,1.0,143.0
172860,9999,1.0,130.0
172861,9999,3.0,85.0
172861,9999,1.0,129.0
172861,9999,1.0,91.0
172862,9999,3.0,85.0
172862,9999,1.0,132.0
172862,9999,1.0,158.0
172863,9999,4.0,113.0
172863,9999,1.0,148.0
172863,9999,1.0,181.0
172864,9999,4.0,113.0
172865,9999,3.0,85.0
172866,9999,4.0,113.0
172867,9999,1.0,28.35
172868,9999,4.0,113.0
172868,9999,1.0,5717.0
172869,9999,3.0,85.0
172869,9999,1.0,4147.0
172870,9999,4.0,113.0
172870,9999,1.0,5717.0
172871,9999,3.0,85.0
172871,9999,1.0,4147.0
172871,9999,1.0,453.0
172872,9999,3.0,85.0
172872,9999,1.0,375.0
172873,9999,4.0,113.0
172874,9999,3.0,85.0
172875,9999,4.0,113.0
172875,9999,1.0,356.0
172876,9999,4.0,113.0
172876,9999,1.0,2110.0
172876,9999,1.0,453.0
172877,9999,3.0,85.0
172877,9999,1.0,348.0
172878,9999,3.0,85.0
172878,9999,1.0,275.0
172879,9999,1.0,19.0
172879,9999,1.0,305.0
172880,9999,0.25,63.0
172881,9999,0.5,129.0
172881,9999,1.0,312.0
172882,9999,1.0,148.0
172882,9999,1.0,294.0
172883,9999,1.0,240.0
172884,9999,1.0,240.0
172885,9999,1.0,233.0
172886,9999,1.0,16.0
172887,9999,1.0,251.0
172888,9999,1.0,240.0
172889,9999,1.0,219.0
172889,9999,1.0,407.0
172889,9999,1.0,923.0
172890,9999,2.0,36.0
172891,9999,1.0,248.0
172891,9999,1.0,602.0
172892,9999,1.0,245.0
172893,9999,1.0,248.0
172893,9999,1.0,602.0
172894,9999,1.0,251.0
172894,9999,1.0,609.0
172895,9999,1.0,245.0
172895,9999,1.0,595.0
172896,9999,1.0,254.0
172896,9999,1.0,616.0
172897,9999,1.0,248.0
172897,9999,1.0,602.0
172898,9999,1.0,253.0
172898,9999,1.0,31.6
172899,9999,1.0,240.0
172900,9999,1.0,246.0
172901,9999,0.5,129.0
172902,9999,1.0,251.0
172902,9999,1.0,609.0
172903,9999,1.0,247.0
172903,9999,1.0,600.0
172904,9999,1.0,266.0
172904,9999,1.0,33.3
172905,9999,1.0,250.0
172905,9999,1.0,607.0
172906,9999,1.0,244.0
172906,9999,1.0,593.0
172907,9999,1.0,248.0
172907,9999,1.0,593.0
172908,9999,1.0,244.0
172908,9999,1.0,593.0
172909,9999,1.0,248.0
172910,9999,1.0,243.0
172911,9999,1.0,261.0
172911,9999,1.0,32.6
172912,9999,1.0,247.0
172912,9999,1.0,529.0
172913,9999,1.0,241.0
172913,9999,1.0,586.0
172914,9999,1.0,244.0
172914,9999,1.0,593.0
172915,9999,1.0,248.0
172915,9999,1.0,31.0
172916,9999,1.0,253.0
172916,9999,1.0,614.0
172917,9999,1.0,244.0
172917,9999,1.0,593.0
172918,9999,1.0,244.0
172918,9999,1.0,593.0
172919,9999,1.0,244.0
172919,9999,1.0,593.0
172920,9999,1.0,247.0
172920,9999,1.0,600.0
172921,9999,1.0,241.0
172921,9999,1.0,586.0
172922,9999,1.0,240.0
172922,9999,1.0,29.9
172923,9999,1.0,240.0
172923,9999,1.0,29.9
172924,9999,1.0,241.0
172924,9999,1.0,30.1
172925,9999,1.0,245.0
172926,9999,1.0,28.0
172926,9999,2.0,57.0
172927,9999,2.0,57.0
172927,9999,1.0,227.0
172928,9999,1.0,13.0
172928,9999,1.0,28.35
172929,9999,1.0,13.0
172929,9999,1.0,28.35
172930,9999,1.0,13.0
172930,9999,1.0,28.35
172931,9999,1.0,28.0
172931,9999,2.0,57.0
172932,9999,1.0,28.35
172932,9999,1.0,21.0
172933,9999,1.0,28.0
172933,9999,2.0,57.0
172934,9999,1.0,25.0
172935,9999,1.0,26.0
172935,9999,1.0,28.35
172936,9999,1.0,12.3
172937,9999,1.0,28.0
172938,9999,1.0,113.0
172938,9999,1.0,10.0
172939,9999,1.0,68.0
172939,9999,1.0,16.0
172940,9999,2.0,56.0
172941,9999,1.0,16.0
172942,9999,1.0,16.0
172942,9999,7.0,113.0
172943,9999,1.0,23.0
172943,9999,1.0,28.35
172944,9999,3.0,85.0
172944,9999,1.0,28.0
172945,9999,1.0,52.0
172946,9999,1.0,28.0
172947,9999,1.0,27.0
172947,9999,1.0,9.0
172948,9999,3.0,85.0
172948,9999,1.0,453.6
172949,9999,1.0,57.0
172950,9999,2.0,56.0
172951,9999,2.0,56.0
172952,9999,1.0,84.0
172953,9999,1.0,55.0
172953,9999,5.0,55.0
172954,9999,1.0,76.0
172955,9999,12.0,77.0
172956,9999,1.0,66.0
172957,9999,1.0,84.0
172958,9999,1.0,66.0
172959,9999,1.0,57.0
172960,9999,1.0,56.0
172961,9999,1.0,56.0
172962,9999,1.0,42.0
172963,9999,1.0,42.0
172964,9999,1.0,76.0
172965,9999,1.0,38.0
172966,9999,1.0,28.0
172967,9999,1.0,56.0
172968,9999,1.0,52.0
172969,9999,1.0,17.0
172969,9999,1.0,25.0
172969,9999,2.0,56.0
172970,9999,1.0,28.0
172970,9999,1.0,28.0
172971,9999,1.0,30.0
172971,9999,1.0,21.0
172971,9999,1.0,48.0
172972,9999,0.5,40.0
172973,9999,1.0,30.0
172974,9999,1.25,57.0
172975,9999,0.5,51.0
172976,9999,0.66,55.0
172977,9999,1.0,28.0
172981,9999,0.75,31.0
172982,9999,0.75,30.0
172983,9999,1.25,33.0
172984,9999,1.0,32.0
172985,9999,1.0,33.0
172986,9999,0.75,32.0
172987,9999,3.0,63.0
172988,9999,2.0,14.0
172989,9999,0.5,40.0
172990,9999,0.75,31.0
172991,9999,1.0,43.0
172992,9999,1.0,28.0
172993,9999,1.0,28.0
172994,9999,1.0,28.0
172995,9999,0.75,30.0
172996,9999,1.0,59.0
172997,9999,0.75,30.0
172998,9999,3.0,35.0
172999,9999,0.25,45.0
173000,9999,1.0,55.0
173001,9999,0.75,27.0
173002,9999,1.0,29.0
173002,9999,1.0,42.0
173003,9999,1.0,30.0
173004,9999,1.0,268.0
173005,9999,0.75,48.0
173006,9999,1.0,22.0
173007,9999,0.75,32.0
173008,9999,1.0,244.0
173009,9999,1.0,231.0
173010,9999,3.0,33.0
173010,9999,1.0,13.7
173010,9999,1.0,194.0
173011,9999,1.0,245.0
173012,9999,1.0,237.0
173013,9999,1.0,32.0
173014,9999,1.0,56.0
173015,9999,1.0,56.0
173016,9999,1.0,34.0
173017,9999,0.75,30.0
173018,9999,0.75,27.0
173019,9999,0.75,31.0
173020,9999,0.75,30.0
173021,9999,1.0,64.0
173021,9999,1.0,50.0
173021,9999,1.0,40.0
173022,9999,1.0,248.0
173022,9999,1.0,27.0
173023,9999,1.0,252.0
173023,9999,1.0,28.0
173024,9999,1.0,259.0
173024,9999,1.0,28.0
173025,9999,1.0,261.0
173026,9999,0.5,123.0
173027,9999,1.0,242.0
173028,9999,1.0,248.0
173029,9999,0.5,130.0
173029,9999,1.0,260.0
173030,9999,1.0,150.0
173031,9999,1.0,252.0
173032,9999,5.0,28.0
173033,9999,1.0,230.0
173033,9999,0.5,166.0
173033,9999,0.5,128.0
173033,9999,0.5,100.0
173034,9999,1.0,230.0
173034,9999,0.5,118.0
173035,9999,1.0,244.0
173036,9999,1.0,249.0
173037,9999,1.0,254.0
173038,9999,8.0,240.0
173038,9999,1.0,252.0
173039,9999,1.0,247.0
173039,9999,1.0,30.9
173039,9999,1.0,196.0
173040,9999,1.0,6.0
173041,9999,1.0,253.0
173041,9999,1.0,31.6
173042,9999,1.0,253.0
173042,9999,1.0,31.6
173043,9999,1.0,140.0
173044,9999,1.0,165.0
173044,9999,1.0,55.0
173045,9999,1.0,244.0
173045,9999,1.0,6.0
173046,9999,3.0,85.0
173046,9999,1.0,634.0
173047,9999,3.0,85.0
173047,9999,1.0,677.0
173048,9999,3.0,85.0
173048,9999,1.0,571.0
173049,9999,4.0,113.0
173049,9999,1.0,173.0
173049,9999,1.0,852.0
173050,9999,3.0,85.0
173050,9999,1.0,115.0
173051,9999,3.0,85.0
173051,9999,1.0,768.0
173052,9999,3.0,85.0
173052,9999,1.0,765.0
173053,9999,4.0,113.0
173053,9999,1.0,180.0
173053,9999,1.0,970.0
173054,9999,3.0,85.0
173054,9999,1.0,209.0
173055,9999,3.0,85.0
173055,9999,1.0,208.0
173056,9999,3.0,85.0
173056,9999,1.0,211.0
173057,9999,4.0,113.0
173057,9999,1.0,256.0
173058,9999,3.0,85.0
173058,9999,1.0,699.0
173059,9999,3.0,85.0
173059,9999,1.0,714.0
173060,9999,3.0,85.0
173060,9999,1.0,675.0
173061,9999,3.0,85.0
173061,9999,1.0,161.0
173062,9999,4.0,113.0
173062,9999,1.0,199.0
173063,9999,3.0,85.0
173063,9999,1.0,135.0
173064,9999,3.0,85.0
173064,9999,1.0,135.0
173065,9999,3.0,85.0
173065,9999,1.0,135.0
173066,9999,4.0,113.0
173066,9999,1.0,178.0
173066,9999,1.0,844.0
173067,9999,4.0,113.0
173067,9999,1.0,166.0
173067,9999,1.0,866.0
173068,9999,4.0,113.0
173069,9999,3.0,85.0
173069,9999,1.0,236.0
173070,9999,3.0,85.0
173070,9999,1.0,234.0
173071,9999,3.0,85.0
173071,9999,1.0,235.0
173072,9999,4.0,113.0
173072,9999,1.0,301.0
173073,9999,3.0,85.0
173074,9999,4.0,113.0
173075,9999,4.0,113.0
173076,9999,1.0,85.0
173077,9999,3.0,85.0
173078,9999,4.0,113.0
173079,9999,3.0,85.0
173080,9999,4.0,113.0
173081,9999,3.0,85.0
173082,9999,3.0,85.0
173083,9999,4.0,113.0
173084,9999,3.0,85.0
173085,9999,3.0,85.0
173086,9999,4.0,113.0
173087,9999,3.0,85.0
173088,9999,4.0,113.0
173089,9999,3.0,85.0
173090,9999,3.0,85.0
173091,9999,4.0,113.0
173092,9999,3.0,85.0
173093,9999,4.0,113.0
173094,9999,3.0,85.0
173095,9999,3.0,85.0
173096,9999,4.0,113.0
173097,9999,3.0,85.0
173098,9999,4.0,113.0
173099,9999,3.0,85.0
173100,9999,4.0,113.0
173101,9999,3.0,85.0
173102,9999,4.0,113.0
173103,9999,4.0,113.0
173104,9999,3.0,85.0
173105,9999,4.0,113.0
173106,9999,3.0,85.0
173107,9999,4.0,113.0
173108,9999,3.0,85.0
173109,9999,4.0,113.0
173110,9999,4.0,113.0
173111,9999,4.0,113.0
173112,9999,3.0,85.0
173112,9999,1.0,70.0
173113,9999,3.0,85.0
173113,9999,1.0,139.0
173114,9999,3.0,85.0
173115,9999,3.0,85.0
173115,9999,1.0,453.6
173116,9999,4.0,113.0
173116,9999,1.0,453.6
173117,9999,3.0,85.0
173117,9999,1.0,453.6
173118,9999,3.0,85.0
173118,9999,1.0,453.6
173119,9999,3.0,85.0
173119,9999,1.0,453.6
173120,9999,4.0,113.0
173120,9999,1.0,453.6
173121,9999,4.0,113.0
173121,9999,1.0,453.6
173122,9999,4.0,113.0
173122,9999,1.0,453.6
173123,9999,3.0,85.0
173123,9999,1.0,453.6
173124,9999,4.0,113.0
173124,9999,1.0,252.0
173125,9999,4.0,113.0
173125,9999,1.0,1289.0
173126,9999,4.0,113.0
173126,9999,1.0,1392.0
173127,9999,4.0,113.0
173127,9999,1.0,1187.0
173128,9999,4.0,113.0
173128,9999,1.0,434.0
173129,9999,4.0,113.0
173129,9999,1.0,470.0
173130,9999,3.0,85.0
173130,9999,1.0,409.0
173131,9999,1.0,28.35
173132,9999,1.0,80.0
173133,9999,1.0,28.0
173134,9999,1.0,55.0
173135,9999,1.0,24.0
173136,9999,1.0,55.0
173136,9999,1.0,44.0
173137,9999,1.0,68.0
173138,9999,1.0,22.0
173139,9999,1.0,55.0
173140,9999,1.0,28.35
173141,9999,1.0,7.9
173141,9999,1.0,87.0
173142,9999,1.0,28.35
173143,9999,1.0,28.35
173144,9999,1.0,47.0
173145,9999,1.0,24.0
173146,9999,1.0,20.0
173147,9999,1.0,28.35
173147,9999,1.0,262.0
173148,9999,1.0,35.0
173149,9999,1.0,40.0
173150,9999,1.0,28.35
173150,9999,1.0,175.0
173150,9999,6.0,28.0
173151,9999,1.0,32.0
173152,9999,1.0,28.35
173152,9999,10.0,17.0
173152,9999,1.0,105.0
173153,9999,1.0,35.0
173154,9999,1.0,31.0
173155,9999,1.0,9.0
173155,9999,2.0,18.0
173156,9999,1.0,28.0
173157,9999,1.0,28.0
173158,9999,1.0,53.0
173159,9999,1.0,50.0
173160,9999,1.0,28.0
173161,9999,1.0,30.0
173162,9999,8.0,240.0
173163,9999,1.0,17.0
173164,9999,1.0,29.4
173164,9999,1.0,103.0
173165,9999,16.0,480.0
173166,9999,8.0,240.0
173167,9999,2.0,39.0
173168,9999,1.0,33.6
173168,9999,1.0,50.0
173169,9999,1.0,237.0
173170,9999,1.0,295.0
173171,9999,1.0,295.0
173172,9999,1.0,26.0
173173,9999,1.0,500.0
173174,9999,1.0,26.0
173175,9999,8.0,266.0
173175,9999,2.0,60.0
173176,9999,1.0,29.5
173176,9999,1.0,103.0
173177,9999,3.0,86.0
173178,9999,8.0,240.0
173179,9999,6.75,200.0
173180,9999,0.33,32.0
173181,9999,1.0,45.0
173182,9999,2.0,11.0
173184,9999,1.0,256.0
173185,9999,1.0,148.0
173185,9999,1.0,29.5
173186,9999,1.0,245.0
173187,9999,1.0,240.0
173188,9999,20.0,591.0
173189,9999,8.0,240.0
173190,9999,1.0,29.4
173190,9999,1.0,147.0
173191,9999,1.0,29.4
173191,9999,1.0,147.0
173192,9999,1.0,29.4
173192,9999,1.0,147.0
173193,9999,1.0,29.5
173193,9999,1.0,147.0
173194,9999,1.0,29.4
173194,9999,1.0,147.0
173195,9999,1.0,29.5
173195,9999,1.0,148.0
173196,9999,1.0,29.3
173196,9999,1.0,147.0
173197,9999,8.0,247.0
173198,9999,1.0,29.5
173198,9999,1.0,148.0
173199,9999,1.0,30.9
173199,9999,1.0,494.0
173199,9999,1.0,371.0
173200,9999,1.0,29.6
173200,9999,1.0,148.0
173201,9999,1.0,29.3
173201,9999,1.0,147.0
173202,9999,1.0,30.8
173202,9999,1.0,154.0
173203,9999,1.0,31.0
173203,9999,1.0,372.0
173204,9999,1.0,29.6
173204,9999,1.0,355.0
173205,9999,1.0,30.8
173205,9999,1.0,368.0
173205,9999,1.0,491.0
173205,9999,1.0,675.0
173205,9999,1.0,982.0
173205,9999,1.0,1351.0
173206,9999,1.0,30.8
173206,9999,1.0,369.0
173206,9999,1.0,492.0
173206,9999,1.0,258.0
173207,9999,1.0,29.6
173207,9999,1.0,355.0
173208,9999,1.0,29.5
173208,9999,1.0,148.0
173209,9999,1.0,30.7
173209,9999,1.0,491.0
173209,9999,1.0,368.0
173210,9999,1.0,258.0
173210,9999,1.0,369.0
173210,9999,1.0,492.0
173211,9999,1.0,240.0
173212,9999,1.0,240.0
173213,9999,1.0,31.3
173213,9999,6.0,188.0
173213,9999,8.0,250.0
173213,9999,1.0,227.0
173214,9999,1.0,271.0
173216,9999,1.0,36.5
173216,9999,1.0,438.0
173216,9999,1.0,219.0
173217,9999,1.0,30.9
173217,9999,1.0,247.0
173219,9999,1.0,265.0
173220,9999,1.0,21.0
173221,9999,1.0,265.0
173222,9999,1.0,78.0
173222,9999,1.0,21.0
173223,9999,1.0,31.2
173223,9999,1.0,250.0
173224,9999,1.0,31.3
173224,9999,1.0,250.0
173225,9999,1.0,31.3
173225,9999,1.0,250.0
173226,9999,1.0,20.8
173226,9999,1.0,166.0
173226,9999,1.0,208.0
173226,9999,1.0,250.0
173226,9999,1.0,333.0
173226,9999,1.0,458.0
173227,9999,1.0,29.6
173227,9999,6.0,178.0
173227,9999,1.0,237.0
173228,9999,2.0,1.6
173229,9999,1.0,23.0
173229,9999,1.0,182.0
173230,9999,1.0,0.7
173231,9999,1.0,29.8
173231,9999,1.0,179.0
173231,9999,1.0,238.0
173232,9999,1.0,29.6
173232,9999,6.0,178.0
173232,9999,1.0,237.0
173233,9999,1.0,29.6
173233,9999,1.0,192.0
173233,9999,1.0,325.0
173233,9999,1.0,237.0
173234,9999,1.0,29.6
173234,9999,1.0,500.0
173234,9999,1.0,710.0
173234,9999,1.0,237.0
173235,9999,1.0,26.0
173236,9999,1.0,33.9
173236,9999,6.0,203.0
173237,9999,1.0,2.5
173238,9999,1.0,28.35
173238,9999,1.0,57.0
173239,9999,1.0,28.35
173239,9999,1.0,125.0
173239,9999,1.0,117.0
173240,9999,1.0,28.35
173240,9999,1.0,128.0
173241,9999,1.0,28.35
173241,9999,1.0,26.0
173242,9999,1.0,28.35
173242,9999,1.0,32.0
173242,9999,1.0,72.0
173242,9999,1.0,117.0
173242,9999,1.0,49.0
173243,9999,1.0,28.35
173243,9999,1.0,340.0
173244,9999,1.0,28.35
173244,9999,1.0,524.0
173245,9999,1.0,22.0
173246,9999,1.0,25.0
173247,9999,1.0,24.0
173248,9999,1.0,26.0
173249,9999,1.0,28.0
173250,9999,1.0,26.0
173251,9999,1.0,20.0
173252,9999,1.0,21.0
173253,9999,1.0,25.0
173254,9999,1.0,67.0
173255,9999,1.0,31.0
173256,9999,1.0,40.0
173257,9999,1.0,57.0
173258,9999,1.0,3.3
173258,9999,5.0,16.0
173259,9999,1.0,64.0
173259,9999,1.0,64.0
173260,9999,1.0,38.0
173261,9999,1.0,52.0
173262,9999,1.0,161.0
173263,9999,1.0,155.0
173264,9999,1.0,121.0
173265,9999,1.0,141.0
173266,9999,1.0,150.0
173267,9999,1.0,182.0
173268,9999,1.0,132.0
173269,9999,1.0,128.0
173270,9999,1.0,155.0
173271,9999,1.0,171.0
173272,9999,2.0,96.0
173273,9999,1.0,5.5
173273,9999,1.0,53.0
173273,9999,1.0,77.0
173273,9999,1.0,160.0
173274,9999,1.0,120.0
173275,9999,1.0,155.0
173276,9999,1.0,158.0
173277,9999,1.0,241.0
173278,9999,1.0,241.0
173279,9999,1.0,96.0
173279,9999,1.0,744.0
173280,9999,1.0,96.0
173280,9999,1.0,778.0
173281,9999,1.0,127.0
173281,9999,1.0,1107.0
173281,9999,0.5,541.0
173282,9999,1.0,108.0
173282,9999,1.0,865.0
173283,9999,1.0,118.0
173283,9999,1.0,947.0
173284,9999,1.0,117.0
173284,9999,1.0,938.0
173285,9999,1.0,123.0
173285,9999,1.0,1021.0
173286,9999,1.0,153.0
173286,9999,1.0,1093.0
173287,9999,1.0,87.0
173287,9999,1.0,678.0
173288,9999,1.0,104.0
173288,9999,1.0,938.0
173289,9999,1.0,48.0
173289,9999,1.0,562.0
173289,9999,0.5,362.0
173290,9999,1.0,105.0
173290,9999,1.0,841.0
173291,9999,1.0,112.0
173291,9999,1.0,897.0
173292,9999,1.0,107.0
173292,9999,1.0,853.0
173293,9999,1.0,115.0
173293,9999,1.0,922.0
173294,9999,1.0,76.0
173294,9999,1.0,590.0
173295,9999,1.0,111.0
173295,9999,1.0,895.0
173296,9999,1.0,118.0
173296,9999,1.0,946.0
173297,9999,4.0,64.0
173297,9999,6.0,95.0
173297,9999,10.0,159.0
173298,9999,1.0,53.0
173299,9999,3.0,149.0
173300,9999,1.0,165.0
173301,9999,1.0,182.0
173302,9999,1.0,179.0
173303,9999,1.0,348.0
173303,9999,1.0,504.0
173304,9999,1.0,337.0
173304,9999,1.0,487.0
173305,9999,1.0,131.0
173306,9999,1.0,138.0
173307,9999,1.0,126.0
173308,9999,1.0,115.0
173309,9999,1.0,420.0
173310,9999,1.0,192.0
173311,9999,1.0,221.0
173312,9999,1.0,305.0
173313,9999,1.0,142.0
173314,9999,1.0,124.0
173315,9999,1.0,171.0
173316,9999,1.0,131.0
173317,9999,1.0,247.0
173318,9999,1.0,205.0
173319,9999,1.0,155.0
173320,9999,1.0,280.0
173321,9999,1.0,30.0
173321,9999,1.0,184.0
173322,9999,1.0,219.0
173323,9999,1.0,254.0
173324,9999,12.0,348.0
173325,9999,1.0,244.0
173326,9999,1.0,127.0
173327,9999,1.0,127.0
173327,9999,1.0,256.0
173328,9999,1.0,242.0
173329,9999,1.0,262.0
173330,9999,1.0,196.0
173331,9999,1.0,302.0
173332,9999,1.0,236.0
173333,9999,1.0,225.0
173334,9999,1.0,134.0
173334,9999,1.0,115.0
173334,9999,1.0,278.0
173335,9999,1.0,139.0
173335,9999,1.0,28.35
173336,9999,1.0,129.0
173337,9999,7.5,213.0
173338,9999,1.0,385.0
173338,9999,1.0,422.0
173338,9999,1.0,28.35
173339,9999,1.0,340.0
173340,9999,1.0,70.0
173341,9999,1.0,198.0
173342,9999,1.0,137.0
173342,9999,1.0,283.0
173343,9999,0.5,125.0
173344,9999,1.0,249.0
173345,9999,1.0,78.0
173345,9999,1.0,17.0
173346,9999,1.0,21.0
173347,9999,0.33,56.0
173347,9999,1.0,10.2
173348,9999,1.0,233.0
173349,9999,4.0,113.0
173349,9999,1.0,369.0
173349,9999,1.0,1159.0
173350,9999,4.0,113.0
173350,9999,1.0,534.0
173351,9999,3.0,85.0
173351,9999,1.0,363.0
173352,9999,4.0,113.0
173352,9999,1.0,458.0
173353,9999,3.0,85.0
173353,9999,1.0,368.0
173354,9999,4.0,113.0
173354,9999,1.0,191.0
173355,9999,3.0,85.0
173355,9999,1.0,30.0
173356,9999,4.0,113.0
173356,9999,1.0,44.0
173357,9999,4.0,113.0
173357,9999,1.0,246.0
173358,9999,1.0,85.0
173358,9999,1.0,188.0
173359,9999,4.0,113.0
173359,9999,1.0,243.0
173360,9999,3.0,85.0
173360,9999,1.0,186.0
173361,9999,4.0,113.0
173361,9999,1.0,209.0
173362,9999,3.0,85.0
173362,9999,1.0,156.0
173363,9999,4.0,113.0
173363,9999,1.0,203.0
173364,9999,3.0,85.0
173364,9999,1.0,253.0
173365,9999,4.0,113.0
173366,9999,3.0,85.0
173366,9999,1.0,32.0
173367,9999,4.0,113.0
173367,9999,1.0,207.0
173368,9999,3.0,85.0
173368,9999,1.0,190.0
173369,9999,4.0,113.0
173369,9999,1.0,197.0
173370,9999,3.0,85.0
173370,9999,1.0,150.0
173371,9999,3.0,85.0
173371,9999,1.0,305.0
173372,9999,3.0,85.0
173372,9999,1.0,1669.0
173373,9999,3.0,85.0
173373,9999,1.0,254.0
173374,9999,4.0,113.0
173374,9999,1.0,382.0
173375,9999,3.0,85.0
173375,9999,1.0,256.0
173376,9999,4.0,113.0
173376,9999,1.0,266.0
173377,9999,3.0,85.0
173377,9999,1.0,173.0
173378,9999,4.0,113.0
173378,9999,1.0,268.0
173379,9999,3.0,85.0
173379,9999,1.0,175.0
173380,9999,4.0,113.0
173380,9999,1.0,316.0
173381,9999,3.0,85.0
173381,9999,1.0,266.0
173382,9999,4.0,113.0
173383,9999,3.0,85.0
173383,9999,1.0,1159.0
173384,9999,4.0,113.0
173384,9999,1.0,1562.0
173385,9999,3.0,85.0
173385,9999,1.0,378.0
173386,9999,3.0,85.0
173386,9999,1.0,385.0
173387,9999,3.0,85.0
173387,9999,1.0,381.0
173388,9999,3.0,85.0
173388,9999,1.0,2044.0
173389,9999,4.0,113.0
173389,9999,1.0,471.0
173389,9999,1.0,2557.0
173390,9999,3.0,85.0
173390,9999,1.0,281.0
173391,9999,3.0,85.0
173391,9999,1.0,306.0
173392,9999,3.0,85.0
173392,9999,1.0,291.0
173393,9999,4.0,113.0
173393,9999,1.0,350.0
173393,9999,1.0,2124.0
173394,9999,4.0,113.0
173394,9999,1.0,376.0
173394,9999,1.0,2203.0
173395,9999,3.0,85.0
173395,9999,1.0,254.0
173396,9999,3.0,85.0
173396,9999,1.0,256.0
173397,9999,3.0,85.0
173397,9999,1.0,174.0
173398,9999,3.0,85.0
173398,9999,1.0,173.0
173399,9999,3.0,85.0
173399,9999,1.0,175.0
173400,9999,4.0,113.0
173400,9999,1.0,266.0
173401,9999,3.0,85.0
173401,9999,1.0,266.0
173402,9999,4.0,113.0
173402,9999,1.0,326.0
173403,9999,4.0,113.0
173403,9999,1.0,316.0
173404,9999,4.0,113.0
173404,9999,1.0,340.0
173405,9999,4.0,113.0
173405,9999,1.0,1604.0
173406,9999,4.0,113.0
173406,9999,1.0,1562.0
173407,9999,3.0,85.0
173407,9999,1.0,806.0
173408,9999,4.0,113.0
173408,9999,1.0,190.0
173408,9999,1.0,1013.0
173409,9999,4.0,113.0
173409,9999,1.0,199.0
173410,9999,1.0,5.0
173410,9999,1.0,14.2
173410,9999,1.0,227.0
173410,9999,1.0,113.0
173411,9999,1.0,3.8
173411,9999,1.0,9.4
173411,9999,1.0,151.0
173411,9999,1.0,76.0
173412,9999,1.0,12.8
173412,9999,1.0,205.0
173413,9999,1.0,28.35
173414,9999,1.0,132.0
173414,9999,1.0,244.0
173414,9999,1.0,113.0
173414,9999,1.0,28.35
173414,9999,1.0,17.0
173414,9999,1.0,28.0
173415,9999,1.0,28.35
173416,9999,1.0,132.0
173416,9999,1.0,113.0
173416,9999,1.0,28.35
173416,9999,1.0,17.0
173416,9999,1.0,28.0
173417,9999,4.0,113.0
173417,9999,1.0,226.0
173418,9999,1.0,14.5
173418,9999,1.0,232.0
173418,9999,1.0,10.0
173418,9999,1.0,28.35
173418,9999,1.0,16.0
173418,9999,1.0,85.0
173419,9999,1.0,28.35
173419,9999,1.0,198.0
173420,9999,1.0,150.0
173420,9999,1.0,28.35
173420,9999,1.0,17.0
173420,9999,1.0,38.0
173421,9999,1.0,28.35
173421,9999,0.5,227.0
173422,9999,1.0,28.35
173422,9999,0.5,227.0
173423,9999,1.0,46.0
173424,9999,1.0,136.0
173424,9999,1.0,8.5
173424,9999,1.0,50.0
173425,9999,1.0,85.0
173425,9999,1.0,5.0
173426,9999,1.0,28.35
173426,9999,0.5,227.0
173427,9999,1.0,107.0
173427,9999,1.0,7.0
173428,9999,1.0,67.0
173428,9999,1.0,4.0
173429,9999,0.35,9.9
173429,9999,0.7,20.0
173430,9999,1.0,5.0
173430,9999,1.0,14.2
173430,9999,1.0,227.0
173430,9999,1.0,113.0
173431,9999,1.0,5.0
173432,9999,1.0,245.0
173432,9999,1.0,980.0
173433,9999,1.0,28.35
173435,9999,1.0,28.35
173436,9999,1.0,28.35
173436,9999,0.5,227.0
173437,9999,1.0,132.0
173437,9999,1.0,113.0
173437,9999,1.0,28.35
173437,9999,1.0,18.0
173437,9999,1.0,28.0
173438,9999,1.0,132.0
173438,9999,1.0,113.0
173438,9999,1.0,28.35
173438,9999,1.0,17.0
173438,9999,1.0,28.0
173439,9999,1.0,132.0
173439,9999,1.0,113.0
173439,9999,1.0,28.35
173439,9999,1.0,17.0
173439,9999,1.0,28.0
173440,9999,1.0,132.0
173440,9999,1.0,113.0
173440,9999,1.0,28.35
173440,9999,1.0,17.0
173440,9999,1.0,28.0
173441,9999,1.0,244.0
173441,9999,1.0,976.0
173442,9999,1.0,12.0
173442,9999,1.0,230.0
173443,9999,1.0,12.0
173443,9999,1.0,230.0
173444,9999,1.0,12.0
173444,9999,1.0,230.0
173445,9999,1.0,170.0
173446,9999,2.0,35.0
173447,9999,1.0,21.0
173448,9999,1.0,28.0
173449,9999,1.0,28.0
173450,9999,1.0,250.0
173450,9999,1.0,31.2
173450,9999,1.0,1000.0
173451,9999,1.0,170.0
173451,9999,1.0,245.0
173451,9999,1.0,227.0
173452,9999,1.0,100.0
173452,9999,1.0,5.0
173452,9999,1.0,28.35
173453,9999,1.0,15.0
173454,9999,1.0,128.0
173454,9999,0.25,32.0
173455,9999,1.0,21.0
173455,9999,1.0,19.0
173456,9999,1.0,170.0
173456,9999,1.0,125.0
173456,9999,1.0,142.0
173456,9999,1.0,245.0
173456,9999,1.0,227.0
173456,9999,0.5,113.0
173457,9999,1.0,170.0
173457,9999,1.0,245.0
173457,9999,1.0,227.0
173457,9999,1.0,116.0
173457,9999,0.5,113.0
173458,9999,1.0,170.0
173458,9999,1.0,125.0
173458,9999,1.0,245.0
173458,9999,1.0,227.0
173459,9999,1.0,11.0
173460,9999,2.0,50.0
173461,9999,1.0,19.0
173462,9999,0.25,60.0
173462,9999,1.0,240.0
173463,9999,1.0,170.0
173464,9999,0.5,68.0
173465,9999,0.5,86.0
173466,9999,1.0,50.0
173467,9999,0.5,68.0
173468,9999,1.0,6.0
173468,9999,1.0,18.0
173468,9999,1.0,292.0
173468,9999,1.0,0.4
173469,9999,1.0,14.9
173469,9999,1.0,239.0
173469,9999,1.0,5.0
173470,9999,1.0,0.8
173470,9999,0.5,0.4
173471,9999,1.0,4.2
173471,9999,1.0,13.0
173471,9999,1.0,208.0
173472,9999,1.0,5.0
173472,9999,1.0,15.0
173473,9999,1.0,0.7
173473,9999,1.0,1.7
173474,9999,2.0,0.1
173474,9999,2.0,3.2
173475,9999,2.0,0.3
173475,9999,2.0,11.4
173476,9999,1.33,9.0
173477,9999,1.0,36.0
173478,9999,1.0,28.0
173479,9999,1.0,14.7
173479,9999,1.0,28.35
173479,9999,1.0,71.0
173480,9999,1.0,28.35
173480,9999,1.0,71.0
173481,9999,1.0,22.0
173481,9999,1.0,28.35
173481,9999,1.0,71.0
173481,9999,1.0,70.0
173482,9999,1.0,28.35
173482,9999,1.0,71.0
173483,9999,1.0,15.0
173483,9999,1.0,28.35
173483,9999,1.0,71.0
173483,9999,1.0,71.0
173483,9999,1.0,71.0
173483,9999,1.0,71.0
173484,9999,1.0,10.0
173484,9999,1.0,71.0
173484,9999,1.0,71.0
173485,9999,1.0,9.9
173486,9999,1.0,10.0
173486,9999,1.0,71.0
173486,9999,1.0,71.0
173487,9999,1.0,99.0
173488,9999,1.0,28.35
173488,9999,1.0,170.0
173489,9999,1.0,28.35
173489,9999,1.0,170.0
173490,9999,1.0,16.0
173490,9999,1.0,28.35
173490,9999,1.0,113.0
173490,9999,1.0,113.0
173490,9999,1.0,113.0
173490,9999,1.0,113.0
173491,9999,1.0,16.0
173491,9999,1.0,28.35
173491,9999,1.0,170.0
173491,9999,1.0,170.0
173491,9999,1.0,170.0
173492,9999,1.0,16.0
173492,9999,1.0,28.35
173492,9999,1.0,170.0
173492,9999,1.0,170.0
173492,9999,1.0,170.0
173492,9999,1.0,170.0
173493,9999,1.0,28.35
173493,9999,1.0,170.0
173494,9999,1.0,256.0
173494,9999,1.0,16.0
173494,9999,1.0,28.35
173494,9999,1.0,113.0
173494,9999,1.0,128.0
173494,9999,1.0,113.0
173494,9999,1.0,113.0
173494,9999,1.0,113.0
173495,9999,1.0,256.0
173495,9999,1.0,16.0
173495,9999,1.0,28.35
173495,9999,1.0,170.0
173495,9999,1.0,170.0
173495,9999,1.0,170.0
173495,9999,1.0,170.0
173496,9999,1.0,113.0
173496,9999,1.0,16.0
173496,9999,1.0,28.35
173496,9999,1.0,113.0
173496,9999,1.0,113.0
173497,9999,1.0,16.0
173497,9999,1.0,28.35
173497,9999,1.0,170.0
173497,9999,1.0,170.0
173498,9999,1.0,256.0
173498,9999,1.0,16.0
173498,9999,1.0,28.35
173498,9999,1.0,113.0
173498,9999,1.0,113.0
173498,9999,1.0,113.0
173498,9999,1.0,113.0
173499,9999,1.0,28.35
173499,9999,1.0,113.0
173500,9999,1.0,16.0
173500,9999,1.0,28.35
173500,9999,1.0,170.0
173500,9999,1.0,170.0
173500,9999,1.0,170.0
173500,9999,1.0,170.0
173501,9999,1.0,256.0
173501,9999,1.0,16.0
173501,9999,1.0,28.35
173501,9999,1.0,113.0
173501,9999,1.0,113.0
173501,9999,1.0,113.0
173502,9999,1.0,256.0
173502,9999,1.0,16.0
173502,9999,1.0,28.35
173502,9999,1.0,170.0
173502,9999,1.0,170.0
173503,9999,1.0,28.35
173503,9999,1.0,113.0
173504,9999,1.0,113.0
173505,9999,1.0,224.0
173505,9999,1.0,14.0
173505,9999,1.0,28.35
173505,9999,1.0,113.0
173505,9999,1.0,113.0
173505,9999,1.0,113.0
173506,9999,1.0,224.0
173506,9999,1.0,14.0
173506,9999,1.0,28.35
173506,9999,1.0,113.0
173506,9999,1.0,71.0
173506,9999,1.0,113.0
173506,9999,1.0,71.0
173506,9999,1.0,128.0
173506,9999,1.0,113.0
173506,9999,1.0,113.0
173506,9999,1.0,71.0
173507,9999,1.0,224.0
173507,9999,1.0,14.0
173507,9999,1.0,28.35
173507,9999,1.0,170.0
173507,9999,1.0,170.0
173507,9999,1.0,170.0
173507,9999,1.0,170.0
173508,9999,1.0,163.0
173508,9999,1.0,10.0
173508,9999,1.0,71.0
173509,9999,0.0,16.0
173510,9999,1.0,113.0
173511,9999,1.0,28.35
173512,9999,1.0,16.0
173512,9999,1.0,28.35
173512,9999,1.0,113.0
173512,9999,1.0,71.0
173512,9999,1.0,113.0
173512,9999,1.0,71.0
173512,9999,1.0,128.0
173512,9999,1.0,113.0
173512,9999,1.0,113.0
173512,9999,1.0,71.0
173513,9999,1.0,256.0
173513,9999,1.0,16.0
173513,9999,1.0,28.35
173513,9999,1.0,170.0
173513,9999,1.0,170.0
173513,9999,1.0,170.0
173514,9999,1.0,28.35
173514,9999,1.0,113.0
173515,9999,1.0,28.35
173515,9999,1.0,113.0
173516,9999,1.0,16.0
173516,9999,1.0,28.35
173516,9999,1.0,170.0
173516,9999,1.0,170.0
173516,9999,1.0,170.0
173516,9999,1.0,170.0
173517,9999,1.0,15.0
173517,9999,1.0,113.0
173517,9999,1.0,113.0
173518,9999,1.0,15.0
173518,9999,1.0,113.0
173518,9999,1.0,113.0
173519,9999,4.0,113.0
173519,9999,8.0,227.0
173520,9999,1.0,7.0
173521,9999,1.0,16.0
173521,9999,1.0,113.0
173522,9999,1.0,30.5
173523,9999,1.0,8.8
173524,9999,1.0,30.5
173525,9999,1.0,30.0
173526,9999,1.0,9.3
173527,9999,100.0,1.0
173528,9999,1.0,28.35
173529,9999,1.0,28.35
173530,9999,1.0,28.35
173531,9999,1.0,28.35
173532,9999,1.0,28.35
173533,9999,1.0,28.35
173534,9999,1.0,28.35
173535,9999,1.0,31.4
173536,9999,1.0,8.7
173537,9999,1.0,31.3
173538,9999,1.0,8.8
173539,9999,1.0,104.0
173539,9999,1.0,30.8
173540,9999,1.0,106.0
173540,9999,1.0,30.5
173541,9999,1.0,30.5
173542,9999,1.0,31.4
173543,9999,1.0,8.7
173544,9999,1.0,31.6
173545,9999,1.0,8.8
173546,9999,1.0,8.5
173547,9999,1.0,31.3
173548,9999,1.0,106.0
173548,9999,1.0,30.5
173549,9999,1.0,29.0
173550,9999,1.0,31.0
173551,9999,1.0,8.5
173552,9999,1.0,9.3
173553,9999,1.0,30.5
173554,9999,1.0,8.4
173555,9999,1.0,30.4
173556,9999,1.0,31.4
173557,9999,1.0,8.7
173558,9999,1.0,30.5
173559,9999,1.0,30.5
173560,9999,1.0,30.4
173561,9999,1.0,8.5
173562,9999,1.0,15.0
173562,9999,1.0,245.0
173563,9999,1.0,13.6
173563,9999,1.0,218.0
173563,9999,1.0,4.5
173564,9999,1.0,12.8
173564,9999,1.0,205.0
173565,9999,1.0,13.6
173565,9999,1.0,218.0
173565,9999,1.0,4.5
173566,9999,1.0,12.8
173566,9999,1.0,205.0
173567,9999,1.0,12.8
173567,9999,1.0,205.0
173568,9999,1.0,12.8
173568,9999,1.0,205.0
173569,9999,1.0,12.8
173569,9999,1.0,205.0
173570,9999,1.0,13.6
173570,9999,1.0,218.0
173570,9999,1.0,4.5
173571,9999,1.0,12.8
173571,9999,1.0,4.3
173571,9999,1.0,205.0
173572,9999,1.0,12.8
173572,9999,1.0,205.0
173573,9999,1.0,14.0
173573,9999,1.0,218.0
173573,9999,1.0,4.5
173574,9999,1.0,12.8
173574,9999,1.0,205.0
173575,9999,1.0,12.8
173575,9999,1.0,205.0
173576,9999,1.0,13.6
173576,9999,1.0,218.0
173576,9999,1.0,4.5
173577,9999,1.0,4.5
173577,9999,1.0,13.6
173577,9999,1.0,218.0
173578,9999,1.0,13.6
173578,9999,1.0,4.5
173578,9999,1.0,218.0
173579,9999,1.0,12.8
173579,9999,1.0,205.0
173580,9999,1.0,14.0
173581,9999,1.0,14.0
173582,9999,1.0,14.0
173582,9999,1.0,229.0
173582,9999,1.0,4.8
173583,9999,1.0,14.3
173583,9999,1.0,229.0
173583,9999,1.0,4.8
173584,9999,1.0,12.8
173584,9999,1.0,205.0
173585,9999,1.0,14.2
173585,9999,1.0,227.0
173585,9999,1.0,5.0
173585,9999,1.0,113.0
173586,9999,1.0,14.0
173587,9999,1.0,14.0
173588,9999,1.0,14.0
173590,9999,1.0,14.0
173590,9999,1.0,231.0
173591,9999,1.0,14.0
173592,9999,1.0,15.0
173592,9999,1.0,30.0
173593,9999,1.0,15.0
173593,9999,1.0,30.0
173594,9999,1.0,15.0
173595,9999,1.0,13.6
173595,9999,1.0,218.0
173595,9999,1.0,4.5
173596,9999,1.0,13.6
173596,9999,1.0,218.0
173596,9999,1.0,4.5
173597,9999,1.0,13.6
173597,9999,1.0,218.0
173597,9999,1.0,4.5
173598,9999,1.0,13.6
173598,9999,1.0,218.0
173598,9999,1.0,4.5
173599,9999,1.0,14.0
173600,9999,1.0,13.6
173600,9999,1.0,218.0
173600,9999,1.0,4.5
173601,9999,1.0,13.6
173601,9999,1.0,218.0
173601,9999,1.0,4.5
173602,9999,1.0,13.6
173602,9999,1.0,218.0
173602,9999,1.0,4.5
173603,9999,1.0,13.6
173603,9999,1.0,218.0
173603,9999,1.0,4.5
173604,9999,1.0,13.6
173604,9999,1.0,218.0
173604,9999,1.0,4.5
173605,9999,1.0,14.0
173606,9999,1.0,12.8
173606,9999,1.0,205.0
173607,9999,1.0,12.8
173607,9999,1.0,205.0
173608,9999,1.0,14.0
173609,9999,1.0,14.0
173610,9999,1.0,14.0
173611,9999,1.0,29.0
173611,9999,1.0,49.0
173612,9999,3.0,85.0
173612,9999,1.0,105.0
173612,9999,1.0,96.0
173613,9999,1.0,140.0
173613,9999,1.0,34.0
173613,9999,1.0,57.0
173614,9999,4.0,113.0
173614,9999,1.0,130.0
173614,9999,1.0,122.0
173615,9999,1.0,95.0
173615,9999,1.0,158.0
173616,9999,1.0,67.0
173616,9999,1.0,112.0
173617,9999,3.0,85.0
173617,9999,1.0,258.0
173617,9999,1.0,133.0
173617,9999,1.0,91.0
173617,9999,1.0,35.0
173618,9999,1.0,140.0
173618,9999,1.0,75.0
173618,9999,1.0,125.0
173619,9999,4.0,113.0
173619,9999,1.0,265.0
173619,9999,1.0,147.0
173619,9999,1.0,88.0
173619,9999,1.0,30.0
173620,9999,1.0,16.0
173620,9999,1.0,52.0
173621,9999,1.0,11.0
173621,9999,1.0,36.0
173622,9999,1.0,11.0
173622,9999,1.0,38.0
173623,9999,1.0,6.0
173623,9999,1.0,20.0
173624,9999,1.0,38.0
173624,9999,1.0,62.0
173625,9999,3.0,85.0
173625,9999,1.0,137.0
173625,9999,1.0,116.0
173626,9999,1.0,41.0
173626,9999,1.0,68.0
173627,9999,4.0,113.0
173627,9999,1.0,149.0
173628,9999,1.0,29.0
173628,9999,1.0,49.0
173629,9999,1.0,19.0
173629,9999,1.0,32.0
173630,9999,3.0,85.0
173630,9999,1.0,85.0
173631,9999,1.0,140.0
173631,9999,1.0,24.0
173631,9999,1.0,40.0
173632,9999,1.0,17.0
173632,9999,1.0,29.0
173633,9999,3.0,85.0
173633,9999,1.0,235.0
173633,9999,1.0,1072.0
173634,9999,3.0,85.0
173634,9999,1.0,635.0
173634,9999,1.0,4405.0
173635,9999,3.0,85.0
173635,9999,1.0,210.0
173635,9999,0.5,480.0
173636,9999,3.0,85.0
173636,9999,1.0,209.0
173636,9999,0.5,477.0
173637,9999,1.0,140.0
173637,9999,1.0,78.0
173638,9999,1.0,113.0
173638,9999,0.5,258.0
173639,9999,1.0,140.0
173639,9999,1.0,94.0
173640,9999,3.0,85.0
173640,9999,1.0,905.0
173641,9999,1.0,28.0
173641,9999,1.0,81.0
173642,9999,1.0,145.0
173642,9999,1.0,17.0
173643,9999,1.0,89.0
173643,9999,0.5,130.0
173644,9999,1.0,140.0
173644,9999,1.0,64.0
173645,9999,3.0,85.0
173645,9999,1.0,297.0
173645,9999,0.5,964.0
173646,9999,3.0,85.0
173646,9999,1.0,196.0
173646,9999,0.5,637.0
173647,9999,1.0,29.6
173647,9999,1.0,237.0
173647,9999,1.0,1000.0
173648,9999,6.0,185.0
173649,9999,1.0,21.0
173649,9999,1.0,21.0
173650,9999,1.0,243.0
173651,9999,1.0,35.3
173651,9999,1.0,424.0
173652,9999,1.0,31.0
173652,9999,8.0,248.0
173653,9999,1.0,36.2
173653,9999,1.0,435.0
173654,9999,1.0,29.6
173654,9999,8.0,237.0
173655,9999,1.0,29.6
173655,9999,1.0,331.0
173655,9999,1.0,500.0
173655,9999,1.0,739.0
173656,9999,1.0,29.6
173656,9999,1.0,500.0
173656,9999,1.0,710.0
173657,9999,1.0,29.6
173658,9999,1.0,29.6
173658,9999,1.0,251.0
173659,9999,1.0,23.0
173659,9999,1.0,207.0
173660,9999,1.0,30.5
173660,9999,8.0,244.0
173660,9999,1.0,609.0
173661,9999,1.0,32.3
173662,9999,1.0,30.4
173662,9999,1.0,106.0
173662,9999,2.0,65.0
173663,9999,1.0,27.8
173663,9999,1.5,42.0
173664,9999,1.0,27.8
173664,9999,1.5,42.0
173665,9999,1.0,34.8
173665,9999,1.5,52.0
173666,9999,1.0,36.4
173666,9999,1.0,437.0
173666,9999,1.0,218.0
173667,9999,1.0,30.9
173667,9999,1.0,247.0
173668,9999,1.0,28.35
173668,9999,1.0,17.0
173668,9999,1.0,65.0
173668,9999,1.0,40.0
173668,9999,1.0,20.0
173669,9999,3.0,85.0
173669,9999,1.0,184.0
173670,9999,3.0,85.0
173670,9999,1.0,193.0
173671,9999,3.0,85.0
173671,9999,0.5,193.0
173672,9999,3.0,85.0
173672,9999,1.0,225.0
173673,9999,3.0,85.0
173673,9999,1.0,187.0
173674,9999,1.0,146.0
173674,9999,3.0,85.0
173675,9999,3.0,85.0
173676,9999,3.0,85.0
173677,9999,3.0,85.0
173677,9999,0.5,176.0
173678,9999,1.0,60.0
173678,9999,3.0,85.0
173679,9999,1.0,46.0
173679,9999,3.0,85.0
173680,9999,3.0,85.0
173680,9999,0.5,198.0
173681,9999,1.0,60.0
173681,9999,3.0,85.0
173682,9999,1.0,28.35
173682,9999,1.0,112.0
173682,9999,3.0,85.0
173683,9999,1.0,88.0
173683,9999,3.0,85.0
173684,9999,3.0,85.0
173684,9999,1.0,191.0
173685,9999,1.0,28.35
173685,9999,3.0,85.0
173686,9999,3.0,85.0
173686,9999,0.5,198.0
173687,9999,1.0,28.35
173687,9999,3.0,85.0
173687,9999,1.0,17.0
173687,9999,1.0,136.0
173688,9999,3.0,85.0
173688,9999,0.5,198.0
173689,9999,3.0,85.0
173689,9999,0.5,198.0
173690,9999,3.0,85.0
173690,9999,1.0,411.0
173691,9999,1.0,28.35
173691,9999,0.5,198.0
173691,9999,3.0,85.0
173692,9999,3.0,85.0
173692,9999,0.5,155.0
173693,9999,3.0,85.0
173693,9999,1.0,337.0
173694,9999,1.0,101.0
173694,9999,3.0,85.0
173695,9999,3.0,85.0
173695,9999,1.0,238.0
173696,9999,3.0,85.0
173696,9999,1.0,184.0
173697,9999,3.0,85.0
173698,9999,3.0,85.0
173698,9999,1.0,218.0
173699,9999,3.0,85.0
173699,9999,1.0,170.0
173700,9999,1.0,64.0
173700,9999,3.0,85.0
173701,9999,3.0,85.0
173702,9999,1.0,28.35
173702,9999,3.0,85.0
173703,9999,3.0,85.0
173703,9999,1.0,136.0
173704,9999,3.0,85.0
173704,9999,1.0,106.0
173705,9999,3.0,85.0
173705,9999,0.5,193.0
173706,9999,3.0,85.0
173707,9999,3.0,85.0
173708,9999,1.0,146.0
173708,9999,1.0,28.35
173708,9999,1.0,171.0
173708,9999,3.0,85.0
173708,9999,1.0,321.0
173709,9999,1.0,28.35
173709,9999,3.0,85.0
173709,9999,1.0,165.0
173709,9999,1.0,154.0
173709,9999,1.0,315.0
173710,9999,3.0,85.0
173710,9999,0.5,204.0
173711,9999,3.0,85.0
173711,9999,1.0,198.0
173712,9999,1.0,136.0
173712,9999,1.0,28.35
173712,9999,1.0,17.0
173712,9999,3.0,85.0
173713,9999,1.0,92.0
173713,9999,3.0,85.0
173714,9999,1.0,143.0
173714,9999,3.0,85.0
173715,9999,3.0,85.0
173715,9999,1.0,159.0
173716,9999,1.0,143.0
173716,9999,3.0,85.0
173717,9999,1.0,79.0
173717,9999,3.0,85.0
173718,9999,1.0,71.0
173718,9999,3.0,85.0
173719,9999,3.0,85.0
173719,9999,0.5,178.0
173720,9999,1.0,127.0
173720,9999,1.0,17.0
173721,9999,1.0,28.35
173722,9999,1.0,28.35
173723,9999,3.0,85.0
173723,9999,1.0,247.0
173724,9999,3.0,85.0
173724,9999,1.0,242.0
173725,9999,3.0,85.0
173726,9999,3.0,85.0
173727,9999,1.0,197.0
173728,9999,1.0,230.0
173729,9999,1.0,296.0
173730,9999,1.0,14.0
173731,9999,1.0,253.0
173732,9999,1.0,249.0
173733,9999,1.0,246.0
173734,9999,1.0,194.0
173734,9999,1.0,12.1
173735,9999,1.0,172.0
173736,9999,1.0,177.0
173737,9999,1.0,260.0
173738,9999,1.0,184.0
173739,9999,1.0,177.0
173740,9999,1.0,177.0
173740,9999,1.0,11.0
173741,9999,1.0,256.0
173742,9999,1.0,184.0
173743,9999,1.0,177.0
173744,9999,1.0,184.0
173744,9999,1.0,12.2
173745,9999,1.0,208.0
173746,9999,1.0,182.0
173747,9999,1.0,262.0
173748,9999,1.0,210.0
173749,9999,1.0,215.0
173750,9999,1.0,179.0
173751,9999,1.0,196.0
173752,9999,1.0,177.0
173753,9999,1.0,170.0
173754,9999,1.0,256.0
173755,9999,1.0,103.0
173755,9999,1.0,6.0
173756,9999,1.0,200.0
173756,9999,1.0,12.5
173757,9999,1.0,164.0
173758,9999,1.0,167.0
173758,9999,1.0,10.5
173759,9999,1.0,171.0
173760,9999,1.0,240.0
173761,9999,1.0,240.0
173762,9999,0.2,79.0
173763,9999,0.2,79.0
173764,9999,0.2,91.0
173765,9999,1.0,243.0
173766,9999,1.0,243.0
173767,9999,1.0,243.0
173768,9999,1.0,243.0
173769,9999,1.0,243.0
173770,9999,1.0,243.0
173771,9999,1.0,243.0
173772,9999,1.0,243.0
173773,9999,1.0,243.0
173774,9999,1.0,243.0
173775,9999,0.5,122.0
173776,9999,1.0,243.0
173777,9999,1.0,243.0
173778,9999,1.0,170.0
173779,9999,1.0,170.0
173780,9999,1.0,170.0
173781,9999,1.0,170.0
173782,9999,1.0,15.0
173783,9999,0.2,79.0
173784,9999,0.2,91.0
173785,9999,3.0,85.0
173786,9999,0.2,91.0
173787,9999,2.0,56.0
173787,9999,3.0,84.0
173788,9999,2.0,56.0
173788,9999,3.0,84.0
173789,9999,1.0,230.0
173790,9999,1.0,177.0
173791,9999,1.0,262.0
173792,9999,1.0,177.0
173793,9999,1.0,177.0
173794,9999,1.0,182.0
173795,9999,1.0,169.0
173796,9999,1.0,171.0
173797,9999,1.0,169.0
173797,9999,1.0,258.0
173798,9999,1.0,170.0
173799,9999,1.0,164.0
173800,9999,1.0,253.0
173801,9999,1.0,254.0
173801,9999,1.0,152.0
173802,9999,1.0,188.0
173803,9999,1.0,182.0
173804,9999,1.0,166.0
173805,9999,1.0,177.0
173806,9999,1.0,146.0
173806,9999,1.0,28.35
173806,9999,1.0,1.0
173807,9999,1.0,147.0
173807,9999,1.0,28.35
173808,9999,1.0,144.0
173808,9999,1.0,28.35
173809,9999,1.0,143.0
173809,9999,1.0,28.35
173810,9999,4.0,113.0
173810,9999,1.0,115.0
173811,9999,3.0,85.0
173811,9999,1.0,30.0
173812,9999,4.0,113.0
173812,9999,1.0,115.0
173813,9999,3.0,85.0
173813,9999,1.0,85.0
173814,9999,3.0,85.0
173814,9999,1.0,157.0
173815,9999,1.0,28.35
173815,9999,1.0,453.6
173816,9999,3.0,85.0
173816,9999,1.0,209.0
173817,9999,1.0,28.35
173817,9999,1.0,453.6
173818,9999,3.0,85.0
173818,9999,1.0,272.0
173819,9999,3.0,85.0
173819,9999,1.0,295.0
173820,9999,3.0,85.0
173820,9999,1.0,304.0
173821,9999,3.0,85.0
173821,9999,1.0,358.0
173822,9999,3.0,85.0
173822,9999,1.0,351.0
173823,9999,4.0,113.0
173823,9999,1.0,1495.0
173824,9999,3.0,85.0
173824,9999,1.0,80.0
173825,9999,3.0,85.0
173825,9999,1.0,229.0
173826,9999,4.0,113.0
173826,9999,1.0,1495.0
173826,9999,1.0,28.35
173827,9999,3.0,85.0
173827,9999,1.0,240.0
173828,9999,1.0,28.35
173828,9999,1.0,453.6
173829,9999,3.0,85.0
173829,9999,1.0,163.0
173830,9999,3.0,85.0
173830,9999,1.0,215.0
173831,9999,3.0,85.0
173831,9999,1.0,182.0
173832,9999,3.0,85.0
173832,9999,1.0,251.0
173833,9999,1.0,28.35
173833,9999,1.0,304.0
173834,9999,3.0,85.0
173834,9999,1.0,173.0
173835,9999,4.0,113.0
173835,9999,1.0,450.0
173836,9999,3.0,85.0
173836,9999,1.0,186.0
173837,9999,3.0,85.0
173837,9999,1.0,244.0
173838,9999,4.0,113.0
173838,9999,1.0,450.0
173838,9999,1.0,28.35
173839,9999,3.0,85.0
173839,9999,1.0,174.0
173840,9999,1.0,28.35
173840,9999,1.0,453.6
173841,9999,3.0,85.0
173841,9999,1.0,183.0
173842,9999,3.0,85.0
173842,9999,1.0,251.0
173843,9999,1.0,28.35
173843,9999,1.0,453.6
173844,9999,3.0,85.0
173844,9999,1.0,340.0
173845,9999,1.0,28.35
173845,9999,1.0,453.6
173846,9999,3.0,85.0
173846,9999,1.0,277.0
173847,9999,3.0,85.0
173848,9999,3.0,85.0
173848,9999,1.0,340.0
173849,9999,4.0,113.0
173850,9999,4.0,113.0
173850,9999,1.0,325.0
173851,9999,1.0,28.35
173851,9999,1.0,453.6
173852,9999,3.0,85.0
173852,9999,1.0,340.0
173853,9999,1.0,28.35
173853,9999,1.0,453.6
173854,9999,3.0,85.0
173854,9999,1.0,340.0
173855,9999,1.0,28.35
173855,9999,1.0,453.6
173856,9999,1.0,28.0
173856,9999,1.0,23.0
173857,9999,0.99,28.0
173857,9999,1.0,28.0
173857,9999,1.0,454.0
173858,9999,1.0,56.0
173859,9999,1.0,28.35
173859,9999,1.0,60.0
173860,9999,1.0,28.0
173860,9999,2.0,57.0
173861,9999,1.0,38.0
173862,9999,1.0,49.0
173862,9999,1.0,446.0
173863,9999,1.0,13.0
173864,9999,56.0,56.0
173864,9999,1.0,28.0
173865,9999,1.0,28.35
173865,9999,1.0,21.0
173866,9999,1.0,15.0
173866,9999,1.0,28.35
173867,9999,1.0,72.0
173867,9999,1.0,28.35
173868,9999,1.0,57.0
173868,9999,1.0,28.35
173868,9999,2.0,57.0
173869,9999,1.0,28.35
173869,9999,1.0,38.0
173870,9999,1.0,18.0
173870,9999,1.0,28.35
173871,9999,1.0,57.0
173872,9999,1.0,28.0
173872,9999,1.0,28.0
173873,9999,1.0,28.0
173873,9999,1.0,28.0
173874,9999,1.0,12.0
173875,9999,1.0,51.0
173876,9999,1.0,23.0
173876,9999,1.0,37.0
173877,9999,3.0,85.0
173877,9999,1.0,367.0
173878,9999,1.0,370.0
173879,9999,3.0,85.0
173879,9999,1.0,396.0
173882,9999,3.0,85.0
173883,9999,3.0,85.0
173883,9999,1.0,56.0
173884,9999,1.0,28.0
173885,9999,0.75,29.0
173886,9999,0.75,27.0
173887,9999,1.25,33.0
173887,9999,1.0,28.0
173888,9999,0.75,30.0
173889,9999,1.5,32.0
173890,9999,1.5,31.0
173891,9999,0.75,32.0
173891,9999,0.5,21.0
173892,9999,0.5,48.0
173893,9999,1.0,28.0
173894,9999,1.0,59.0
173895,9999,1.0,31.0
173896,9999,1.0,28.35
173896,9999,1.0,113.0
173897,9999,1.0,219.0
173898,9999,1.0,28.0
173899,9999,1.0,28.0
173900,9999,0.25,45.0
173901,9999,1.0,10.6
173901,9999,3.0,33.0
173901,9999,1.0,173.0
173902,9999,1.0,241.0
173902,9999,1.0,15.0
173902,9999,0.75,181.0
173903,9999,3.0,35.0
173904,9999,1.0,81.0
173904,9999,0.33,27.0
173905,9999,1.0,234.0
173905,9999,1.0,14.6
173905,9999,0.75,175.0
173906,9999,1.0,240.0
173906,9999,1.0,15.0
173906,9999,1.0,161.0
173907,9999,1.0,43.0
173908,9999,1.0,240.0
173908,9999,1.0,15.0
173908,9999,1.0,158.0
173909,9999,1.0,30.0
173910,9999,2.0,47.0
173911,9999,1.0,49.0
173912,9999,1.0,14.0
173912,9999,0.5,14.2
173913,9999,1.0,12.0
173913,9999,0.5,14.2
173914,9999,1.0,244.0
173914,9999,0.75,183.0
173915,9999,1.0,251.0
173916,9999,1.0,10.9
173916,9999,1.0,176.0
173917,9999,1.0,233.0
173918,9999,1.0,52.0
173919,9999,1.25,55.0
173920,9999,1.0,43.0
173921,9999,0.75,28.0
173922,9999,1.0,45.0
173923,9999,1.0,45.0
173924,9999,1.0,75.0
173925,9999,1.0,73.0
173926,9999,1.0,45.0
173927,9999,1.0,55.0
173928,9999,1.0,171.0
173929,9999,1.0,170.0
173930,9999,1.0,204.0
173931,9999,1.0,60.0
173932,9999,1.0,206.0
173933,9999,1.0,248.0
173933,9999,1.0,31.0
173933,9999,1.0,262.0
173934,9999,1.0,211.0
173935,9999,1.0,239.0
173935,9999,1.0,29.9
173936,9999,1.0,227.0
173937,9999,1.0,244.0
173937,9999,1.0,36.0
173938,9999,1.0,247.0
173939,9999,1.0,253.0
173939,9999,1.0,40.0
173940,9999,1.0,249.0
173941,9999,1.0,130.0
173941,9999,1.0,3.5
173942,9999,1.0,250.0
173943,9999,1.0,270.0
173944,9999,1.0,225.0
173944,9999,1.0,150.0
173944,9999,1.0,81.0
173944,9999,1.0,101.0
173944,9999,1.0,118.0
173944,9999,1.0,136.0
173944,9999,1.0,152.0
173944,9999,1.0,126.0
173945,9999,1.0,100.0
173945,9999,1.0,6.2
173946,9999,1.0,144.0
173947,9999,1.0,250.0
173948,9999,1.0,256.0
173949,9999,1.0,140.0
173950,9999,1.0,155.0
173950,9999,1.0,567.0
173951,9999,1.0,230.0
173951,9999,1.0,284.0
173952,9999,1.0,150.0
173952,9999,1.0,20.0
173953,9999,1.0,160.0
173953,9999,1.0,235.0
173954,9999,1.0,155.0
173954,9999,1.0,103.0
173955,9999,1.0,244.0
173956,9999,1.0,252.0
173957,9999,1.0,248.0
173958,9999,1.0,250.0
173959,9999,1.0,252.0
173960,9999,1.0,253.0
173961,9999,1.0,277.0
173961,9999,1.0,57.0
173962,9999,1.0,275.0
173963,9999,1.0,112.0
173964,9999,1.0,112.0
173965,9999,4.0,113.0
173965,9999,1.0,150.0
173966,9999,4.0,113.0
173966,9999,1.0,152.0
173967,9999,4.0,113.0
173968,9999,4.0,113.0
173969,9999,4.0,113.0
173969,9999,1.0,150.0
173970,9999,4.0,113.0
173970,9999,1.0,339.0
173971,9999,4.0,113.0
173971,9999,1.0,337.0
173972,9999,4.0,113.0
173972,9999,1.0,763.0
173973,9999,4.0,113.0
173973,9999,1.0,173.0
173974,9999,4.0,113.0
173974,9999,1.0,348.0
173975,9999,4.0,113.0
173975,9999,1.0,350.0
173976,9999,4.0,113.0
173976,9999,1.0,337.0
173977,9999,4.0,113.0
173977,9999,1.0,763.0
173978,9999,4.0,113.0
173978,9999,1.0,348.0
173979,9999,4.0,113.0
173979,9999,1.0,359.0
173980,9999,4.0,113.0
173980,9999,1.0,344.0
173981,9999,4.0,113.0
173981,9999,1.0,344.0
173982,9999,4.0,113.0
173982,9999,1.0,758.0
173983,9999,4.0,113.0
173983,9999,1.0,770.0
173984,9999,4.0,113.0
173984,9999,1.0,140.0
173985,9999,4.0,113.0
173985,9999,1.0,133.0
173986,9999,3.0,85.0
173986,9999,1.0,151.0
173987,9999,4.0,113.0
173987,9999,1.0,644.0
173988,9999,4.0,113.0
173988,9999,1.0,170.0
173989,9999,4.0,113.0
173989,9999,1.0,168.0
173990,9999,4.0,113.0
173990,9999,1.0,172.0
173991,9999,3.0,85.0
173991,9999,1.0,481.0
173992,9999,3.0,85.0
173993,9999,3.0,85.0
173994,9999,3.0,85.0
173995,9999,3.0,85.0
173996,9999,4.0,113.0
173996,9999,1.0,770.0
173997,9999,4.0,113.0
173997,9999,1.0,740.0
173998,9999,4.0,113.0
173998,9999,1.0,675.0
173999,9999,4.0,113.0
173999,9999,1.0,658.0
174000,9999,4.0,113.0
174000,9999,1.0,625.0
174001,9999,4.0,113.0
174001,9999,1.0,673.0
174002,9999,4.0,113.0
174002,9999,1.0,267.0
174003,9999,4.0,113.0
174003,9999,1.0,266.0
174003,9999,1.0,28.0
174004,9999,3.0,85.0
174004,9999,1.0,481.0
174005,9999,3.0,85.0
174005,9999,1.0,478.0
174006,9999,3.0,85.0
174006,9999,1.0,487.0
174007,9999,3.0,85.0
174008,9999,3.0,85.0
174009,9999,4.0,113.0
174009,9999,1.0,304.0
174010,9999,4.0,113.0
174010,9999,1.0,301.0
174011,9999,4.0,113.0
174011,9999,1.0,302.0
174012,9999,4.0,113.0
174013,9999,3.0,85.0
174014,9999,4.0,113.0
174015,9999,4.0,113.0
174016,9999,3.0,85.0
174016,9999,1.0,453.6
174017,9999,3.0,85.0
174017,9999,1.0,453.6
174018,9999,4.0,113.0
174018,9999,1.0,453.6
174019,9999,3.0,85.0
174019,9999,1.0,453.6
174020,9999,3.0,85.0
174020,9999,1.0,453.6
174021,9999,3.0,85.0
174021,9999,1.0,453.6
174022,9999,3.0,85.0
174022,9999,1.0,453.6
174023,9999,3.0,85.0
174023,9999,1.0,453.6
174024,9999,3.0,85.0
174024,9999,1.0,453.6
174025,9999,3.0,85.0
174025,9999,1.0,453.6
174026,9999,3.0,85.0
174026,9999,1.0,453.6
174027,9999,3.0,85.0
174027,9999,1.0,453.6
174028,9999,3.0,85.0
174029,9999,3.0,85.0
174030,9999,4.0,113.0
174031,9999,3.0,85.0
174032,9999,3.0,85.0
174032,9999,1.0,77.0
174033,9999,3.0,85.0
174033,9999,1.0,83.0
174034,9999,3.0,85.0
174035,9999,3.0,85.0
174036,9999,4.0,113.0
174037,9999,4.0,113.0
174037,9999,1.0,85.0
174038,9999,3.0,85.0
174039,9999,3.0,85.0
174040,9999,3.0,85.0
174041,9999,4.0,113.0
174041,9999,1.0,453.6
174042,9999,3.0,85.0
174042,9999,1.0,453.6
174043,9999,3.0,85.0
174043,9999,1.0,453.6
174044,9999,3.0,85.0
174044,9999,1.0,453.6
174045,9999,3.0,85.0
174045,9999,1.0,453.6
174046,9999,4.0,113.0
174046,9999,1.0,453.6
174047,9999,3.0,85.0
174047,9999,1.0,453.6
174048,9999,4.0,113.0
174048,9999,1.0,453.6
174049,9999,4.0,113.0
174049,9999,1.0,453.6
174050,9999,3.0,85.0
174050,9999,1.0,453.6
174051,9999,4.0,113.0
174051,9999,1.0,453.6
174052,9999,3.0,85.0
174052,9999,1.0,453.6
174053,9999,3.0,85.0
174053,9999,1.0,453.6
174054,9999,3.0,85.0
174054,9999,1.0,453.6
174055,9999,4.0,113.0
174055,9999,1.0,453.6
174056,9999,4.0,113.0
174056,9999,1.0,453.6
174057,9999,4.0,113.0
174057,9999,1.0,453.6
174058,9999,4.0,113.0
174058,9999,1.0,453.6
174059,9999,3.0,85.0
174059,9999,1.0,453.6
174060,9999,3.0,85.0
174060,9999,1.0,453.6
174061,9999,3.0,85.0
174061,9999,1.0,453.6
174062,9999,1.0,254.0
174062,9999,1.0,521.0
174063,9999,1.0,519.0
174063,9999,1.0,256.0
174064,9999,1.0,245.0
174064,9999,1.0,516.0
174065,9999,1.0,245.0
174065,9999,1.0,525.0
174066,9999,2.0,35.0
174067,9999,0.25,60.0
174068,9999,2.0,30.0
174068,9999,0.5,125.0
174069,9999,2.0,30.0
174069,9999,0.5,125.0
174070,9999,1.0,18.0
174071,9999,1.0,240.0
174072,9999,0.25,58.0
174072,9999,1.0,230.0
174072,9999,1.0,324.0
174073,9999,1.0,208.0
174073,9999,1.0,527.0
174074,9999,0.25,56.0
174074,9999,1.0,224.0
174074,9999,1.0,283.0
174075,9999,1.0,43.0
174076,9999,1.0,79.0
174077,9999,1.0,106.0
174078,9999,1.0,98.0
174079,9999,3.0,31.0
174080,9999,4.0,32.0
174081,9999,1.0,41.0
174082,9999,1.0,27.0
174083,9999,1.0,35.0
174084,9999,1.0,31.0
174085,9999,1.0,70.0
174086,9999,1.0,105.0
174087,9999,1.0,11.8
174088,9999,3.0,29.0
174089,9999,1.0,51.0
174090,9999,1.0,56.0
174091,9999,1.0,48.0
174092,9999,0.5,43.0
174093,9999,1.0,57.0
174094,9999,1.0,43.0
174095,9999,1.0,34.0
174096,9999,1.0,62.0
174097,9999,1.0,22.0
174098,9999,10.0,5.2
174099,9999,1.0,34.0
174100,9999,1.0,35.0
174101,9999,1.0,28.0
174102,9999,1.0,25.0
174103,9999,3.0,10.7
174104,9999,3.0,6.1
174105,9999,1.0,45.0
174105,9999,1.0,242.0
174106,9999,1.0,48.0
174106,9999,1.0,352.0
174107,9999,1.0,30.0
174107,9999,1.0,39.0
174108,9999,8.0,240.0
174109,9999,1.0,29.4
174109,9999,1.0,147.0
174110,9999,1.0,29.3
174110,9999,1.0,147.0
174111,9999,16.0,473.0
174112,9999,8.0,240.0
174113,9999,12.0,360.0
174114,9999,1.0,12.0
174115,9999,1.0,256.0
174116,9999,1.0,240.0
174117,9999,1.0,39.0
174117,9999,1.0,300.0
174118,9999,1.0,282.0
174119,9999,1.0,265.0
174121,9999,1.0,265.0
174122,9999,1.0,28.0
174123,9999,1.0,34.3
174123,9999,1.0,206.0
174124,9999,1.0,20.0
174125,9999,1.0,29.6
174126,9999,1.0,1.0
174126,9999,1.0,2.0
174127,9999,1.0,6.4
174128,9999,1.0,270.0
174129,9999,1.0,266.0
174129,9999,16.0,473.0
174130,9999,1.0,29.8
174130,9999,1.0,179.0
174131,9999,8.0,240.0
174132,9999,8.0,240.0
174133,9999,1.0,1.8
174134,9999,1.0,29.9
174134,9999,1.0,179.0
174135,9999,1.0,13.0
174136,9999,8.0,242.0
174137,9999,8.0,247.0
174138,9999,1.0,3.0
174139,9999,1.0,30.1
174139,9999,1.0,180.0
174140,9999,1.0,30.6
174140,9999,1.0,245.0
174141,9999,11.2,335.0
174142,9999,1.0,30.6
174142,9999,1.0,245.0
174143,9999,2.0,4.5
174144,9999,16.0,473.0
174145,9999,12.0,356.0
174146,9999,12.0,355.0
174147,9999,8.0,248.0
174148,9999,8.0,248.0
174149,9999,8.0,247.0
174150,9999,8.0,248.0
174151,9999,1.0,31.0
174151,9999,1.0,248.0
174152,9999,1.0,34.8
174152,9999,1.0,418.0
174153,9999,1.0,30.9
174153,9999,1.0,247.0
174154,9999,1.0,15.0
174155,9999,1.0,29.6
174155,9999,6.0,178.0
174156,9999,1.0,29.6
174156,9999,6.0,178.0
174156,9999,1.0,237.0
174157,9999,1.0,29.0
174158,9999,1.0,29.6
174158,9999,1.0,237.0
174158,9999,1.0,1.0
174159,9999,1.0,22.0
174160,9999,1.0,266.0
174161,9999,8.0,237.0
174161,9999,1.0,237.0
174162,9999,8.0,243.0
174163,9999,1.0,238.0
174164,9999,1.0,238.0
174165,9999,1.0,243.0
174166,9999,1.0,243.0
174167,9999,1.0,243.0
174168,9999,1.0,243.0
174169,9999,1.0,246.0
174170,9999,1.0,246.0
174171,9999,1.0,240.0
174172,9999,1.0,240.0
174172,9999,1.0,480.0
174173,9999,1.0,238.0
174174,9999,1.0,244.0
174175,9999,1.0,246.0
174176,9999,1.0,209.0
174176,9999,1.0,1.0
174177,9999,1.0,246.0
174177,9999,12.0,360.0
174178,9999,8.0,237.0
174179,9999,1.0,238.0
174180,9999,1.0,238.0
174181,9999,1.0,10.0
174181,9999,1.0,20.0
174182,9999,3.0,85.0
174183,9999,1.0,28.35
174183,9999,1.0,4.0
174183,9999,1.0,45.0
174183,9999,5.0,20.0
174184,9999,1.0,79.0
174184,9999,3.0,85.0
174185,9999,3.0,85.0
174185,9999,1.0,170.0
174186,9999,3.0,85.0
174186,9999,1.0,159.0
174187,9999,1.0,87.0
174187,9999,3.0,85.0
174188,9999,1.0,16.0
174188,9999,1.0,28.35
174189,9999,3.0,85.0
174189,9999,1.0,312.0
174190,9999,1.0,28.35
174190,9999,1.0,80.0
174190,9999,3.0,85.0
174191,9999,1.0,116.0
174191,9999,3.0,85.0
174192,9999,1.0,79.0
174192,9999,3.0,85.0
174193,9999,3.0,85.0
174193,9999,1.0,204.0
174194,9999,1.0,28.35
174194,9999,1.0,22.0
174194,9999,1.0,17.0
174194,9999,1.0,159.0
174194,9999,3.0,85.0
174195,9999,1.0,57.0
174195,9999,1.0,28.0
174196,9999,1.0,28.35
174196,9999,1.0,163.0
174196,9999,3.0,85.0
174197,9999,1.0,127.0
174197,9999,3.0,85.0
174198,9999,1.0,150.0
174198,9999,3.0,85.0
174199,9999,1.0,28.35
174199,9999,1.0,17.0
174199,9999,3.0,85.0
174200,9999,3.0,85.0
174200,9999,0.5,204.0
174201,9999,3.0,85.0
174201,9999,0.5,159.0
174202,9999,1.0,134.0
174202,9999,3.0,85.0
174203,9999,3.0,85.0
174204,9999,3.0,85.0
174204,9999,1.0,21.0
174205,9999,1.0,118.0
174205,9999,1.0,135.0
174205,9999,1.0,28.35
174205,9999,3.0,85.0
174206,9999,3.0,85.0
174206,9999,8.0,27.0
174207,9999,3.0,85.0
174208,9999,1.0,150.0
174208,9999,3.0,85.0
174209,9999,1.0,145.0
174209,9999,3.0,85.0
174210,9999,1.0,6.0
174210,9999,1.0,5.0
174210,9999,3.0,85.0
174210,9999,4.0,28.0
174211,9999,3.0,85.0
174211,9999,1.0,209.0
174212,9999,3.0,85.0
174213,9999,3.0,85.0
174214,9999,3.0,85.0
174214,9999,1.0,20.0
174214,9999,1.0,68.0
174214,9999,1.0,14.5
174214,9999,1.0,9.0
174214,9999,1.0,227.0
174215,9999,3.0,85.0
174216,9999,1.0,150.0
174216,9999,1.0,28.35
174216,9999,1.0,20.0
174216,9999,1.0,16.0
174216,9999,1.0,10.0
174216,9999,3.0,85.0
174217,9999,3.0,85.0
174218,9999,3.0,85.0
174219,9999,1.0,50.0
174219,9999,3.0,85.0
174220,9999,1.0,30.0
174220,9999,3.0,85.0
174221,9999,2.0,31.0
174222,9999,3.0,85.0
174223,9999,1.0,28.35
174223,9999,3.0,85.0
174224,9999,3.0,85.0
174224,9999,1.0,369.0
174225,9999,3.0,85.0
174225,9999,1.0,454.0
174226,9999,3.0,85.0
174226,9999,1.0,369.0
174227,9999,3.0,85.0
174227,9999,1.0,171.0
174228,9999,1.0,124.0
174228,9999,3.0,85.0
174229,9999,1.0,117.0
174229,9999,3.0,85.0
174230,9999,1.0,90.0
174230,9999,3.0,85.0
174231,9999,1.0,25.0
174231,9999,3.0,85.0
174232,9999,3.0,85.0
174232,9999,0.5,159.0
174233,9999,1.0,144.0
174233,9999,3.0,85.0
174234,9999,3.0,85.0
174234,9999,1.0,151.0
174235,9999,3.0,85.0
174235,9999,0.5,151.0
174236,9999,3.0,85.0
174236,9999,0.5,154.0
174237,9999,3.0,85.0
174237,9999,0.5,151.0
174238,9999,0.5,137.0
174238,9999,3.0,85.0
174239,9999,1.0,28.35
174239,9999,3.0,85.0
174240,9999,3.0,85.0
174240,9999,0.5,151.0
174241,9999,1.0,50.0
174241,9999,3.0,85.0
174242,9999,3.0,85.0
174242,9999,1.0,186.0
174243,9999,1.0,144.0
174243,9999,3.0,85.0
174244,9999,1.0,50.0
174244,9999,3.0,85.0
174245,9999,3.0,85.0
174245,9999,0.5,159.0
174246,9999,3.0,85.0
174246,9999,1.0,154.0
174247,9999,0.5,119.0
174247,9999,3.0,85.0
174248,9999,0.5,146.0
174248,9999,3.0,85.0
174249,9999,3.0,85.0
174250,9999,1.0,25.0
174250,9999,3.0,85.0
174251,9999,3.0,85.0
174252,9999,1.0,178.0
174252,9999,1.0,11.1
174253,9999,1.0,188.0
174253,9999,1.0,11.7
174254,9999,1.0,241.0
174255,9999,1.0,202.0
174256,9999,1.0,207.0
174256,9999,1.0,13.0
174257,9999,1.0,202.0
174258,9999,1.0,140.0
174259,9999,1.0,207.0
174260,9999,1.0,63.0
174260,9999,1.0,180.0
174260,9999,1.0,28.35
174260,9999,33.0,28.0
174261,9999,1.0,144.0
174261,9999,1.0,28.35
174262,9999,1.0,28.35
174262,9999,1.0,1.0
174263,9999,1.0,146.0
174263,9999,1.0,28.35
174264,9999,1.0,143.0
174264,9999,1.0,28.35
174265,9999,2.0,32.0
174265,9999,1.0,258.0
174266,9999,2.0,32.0
174266,9999,1.0,258.0
174267,9999,1.0,60.0
174267,9999,1.0,28.35
174268,9999,1.0,88.0
174268,9999,1.0,28.35
174269,9999,1.0,25.0
174269,9999,1.0,38.0
174269,9999,1.0,28.0
174270,9999,1.0,186.0
174271,9999,1.0,172.0
174271,9999,1.0,10.7
174272,9999,1.0,166.0
174273,9999,1.0,84.0
174273,9999,1.0,5.2
174274,9999,1.0,85.0
174275,9999,1.0,105.0
174275,9999,1.0,6.6
174276,9999,1.0,28.35
174277,9999,1.0,16.0
174277,9999,1.0,5.3
174277,9999,1.0,255.0
174277,9999,1.0,8.9
174278,9999,1.0,18.0
174278,9999,1.0,6.0
174279,9999,1.0,18.0
174279,9999,1.0,6.0
174279,9999,0.25,58.0
174280,9999,1.0,11.0
174281,9999,1.0,167.0
174282,9999,1.0,171.0
174283,9999,1.0,182.0
174284,9999,1.0,192.0
174285,9999,1.0,266.0
174286,9999,1.0,277.0
174287,9999,1.0,70.0
174288,9999,1.0,92.0
174289,9999,1.0,15.0
174289,9999,1.0,246.0
174290,9999,0.2,91.0
174291,9999,0.25,122.0
174292,9999,1.0,84.0
174293,9999,1.0,243.0
174293,9999,1.0,30.6
174294,9999,2.0,32.0
174294,9999,1.0,258.0
174295,9999,1.0,243.0
174295,9999,1.0,30.6
174296,9999,1.0,242.0
174296,9999,1.0,444.0
174297,9999,0.2,79.0
174298,9999,1.0,238.0
174298,9999,1.0,16.0
174299,9999,1.0,172.0
174300,9999,1.0,172.0
174301,9999,1.0,28.35
174302,9999,1.0,28.35
174303,9999,1.0,17.0
174304,9999,1.0,13.0
174305,9999,1.0,11.0
174306,9999,1.0,171.0
174307,9999,1.0,28.35
174307,9999,1.0,453.6
174308,9999,3.0,85.0
174308,9999,1.0,187.0
174309,9999,1.0,28.35
174309,9999,1.0,453.6
174310,9999,3.0,85.0
174310,9999,1.0,286.0
174311,9999,1.0,28.35
174311,9999,1.0,453.6
174312,9999,3.0,85.0
174312,9999,1.0,265.0
174313,9999,1.0,28.35
174313,9999,1.0,453.6
174314,9999,3.0,85.0
174314,9999,1.0,218.0
174315,9999,1.0,28.35
174315,9999,1.0,453.6
174316,9999,3.0,85.0
174316,9999,1.0,262.0
174317,9999,1.0,28.35
174317,9999,1.0,453.6
174318,9999,3.0,85.0
174318,9999,1.0,201.0
174319,9999,1.0,28.35
174319,9999,1.0,95.0
174320,9999,3.0,85.0
174320,9999,1.0,193.0
174321,9999,1.0,28.35
174321,9999,1.0,453.6
174322,9999,3.0,85.0
174322,9999,1.0,229.0
174323,9999,3.0,85.0
174323,9999,1.0,255.0
174324,9999,3.0,85.0
174324,9999,1.0,248.0
174325,9999,3.0,85.0
174325,9999,1.0,269.0
174326,9999,4.0,113.0
174326,9999,1.0,453.6
174327,9999,3.0,85.0
174327,9999,1.0,174.0
174328,9999,3.0,85.0
174328,9999,1.0,93.0
174329,9999,3.0,85.0
174329,9999,1.0,286.0
174330,9999,1.0,28.35
174330,9999,1.0,101.0
174331,9999,3.0,85.0
174331,9999,1.0,55.0
174332,9999,3.0,85.0
174332,9999,1.0,252.0
174333,9999,3.0,85.0
174333,9999,1.0,258.0
174334,9999,1.0,28.35
174334,9999,1.0,453.6
174335,9999,3.0,85.0
174335,9999,1.0,168.0
174336,9999,1.0,28.35
174336,9999,1.0,453.6
174337,9999,3.0,85.0
174337,9999,1.0,222.0
174338,9999,1.0,28.35
174338,9999,1.0,453.6
174339,9999,3.0,85.0
174339,9999,1.0,164.0
174340,9999,4.0,113.0
174340,9999,1.0,115.0
174341,9999,3.0,85.0
174341,9999,1.0,85.0
174342,9999,4.0,113.0
174342,9999,1.0,115.0
174343,9999,3.0,85.0
174343,9999,1.0,258.0
174344,9999,1.0,28.35
174344,9999,1.0,453.6
174345,9999,3.0,85.0
174345,9999,1.0,340.0
174346,9999,3.0,85.0
174346,9999,1.0,299.0
174347,9999,1.0,28.35
174347,9999,1.0,453.6
174348,9999,3.0,85.0
174348,9999,1.0,299.0
174349,9999,3.0,85.0
174349,9999,1.0,399.0
174350,9999,3.0,85.0
174350,9999,1.0,240.0
174351,9999,1.0,28.35
174351,9999,4.0,113.0
174352,9999,3.0,85.0
174352,9999,1.0,339.0
174353,9999,3.0,85.0
174353,9999,1.0,330.0
174354,9999,1.0,28.35
174354,9999,4.0,113.0
174355,9999,3.0,85.0
174355,9999,1.0,255.0
174356,9999,1.0,28.35
174356,9999,4.0,113.0
174357,9999,3.0,85.0
174357,9999,1.0,184.0
174358,9999,3.0,85.0
174358,9999,1.0,67.0
174359,9999,1.0,28.35
174359,9999,4.0,113.0
174360,9999,3.0,85.0
174360,9999,1.0,381.0
174361,9999,1.0,28.35
174361,9999,4.0,113.0
174362,9999,1.0,28.35
174362,9999,4.0,113.0
174363,9999,3.0,85.0
174363,9999,1.0,240.0
174364,9999,1.0,28.35
174364,9999,4.0,113.0
174365,9999,3.0,85.0
174365,9999,1.0,295.0
174366,9999,1.0,28.35
174366,9999,4.0,113.0
174367,9999,3.0,85.0
174367,9999,1.0,255.0
174368,9999,1.0,28.35
174368,9999,4.0,113.0
174369,9999,3.0,85.0
174369,9999,1.0,255.0
174370,9999,1.0,28.35
174370,9999,4.0,113.0
174371,9999,1.0,148.0
174371,9999,3.0,85.0
174372,9999,1.0,28.35
174372,9999,1.0,453.6
174373,9999,3.0,85.0
174373,9999,1.0,260.0
174374,9999,1.0,28.35
174374,9999,1.0,453.6
174375,9999,3.0,85.0
174375,9999,1.0,53.0
174376,9999,3.0,85.0
174376,9999,1.0,265.0
174377,9999,1.0,28.35
174377,9999,1.0,453.6
174378,9999,3.0,85.0
174378,9999,1.0,222.0
174379,9999,3.0,85.0
174379,9999,1.0,263.0
174380,9999,1.0,28.35
174380,9999,1.0,84.0
174381,9999,3.0,85.0
174381,9999,1.0,45.0
174382,9999,3.0,85.0
174382,9999,1.0,59.0
174383,9999,3.0,85.0
174383,9999,1.0,284.0
174384,9999,1.0,28.35
174384,9999,1.0,453.6
174385,9999,3.0,85.0
174385,9999,1.0,242.0
174386,9999,1.0,28.35
174386,9999,1.0,453.6
174387,9999,3.0,85.0
174387,9999,1.0,168.0
174388,9999,1.0,28.35
174388,9999,1.0,453.6
174389,9999,3.0,85.0
174389,9999,1.0,233.0
174390,9999,1.0,28.35
174390,9999,1.0,453.6
174391,9999,3.0,85.0
174391,9999,1.0,233.0
174392,9999,1.0,28.35
174392,9999,1.0,453.6
174393,9999,3.0,85.0
174393,9999,1.0,283.0
174394,9999,3.0,85.0
174394,9999,1.0,291.0
174395,9999,3.0,85.0
174395,9999,1.0,274.0
174396,9999,3.0,85.0
174396,9999,1.0,237.0
174397,9999,1.0,28.35
174397,9999,1.0,453.6
174397,9999,3.0,85.0
174398,9999,3.0,85.0
174398,9999,1.0,270.0
174399,9999,1.0,28.35
174399,9999,1.0,453.6
174399,9999,3.0,85.0
174400,9999,3.0,85.0
174400,9999,1.0,236.0
174401,9999,1.0,28.35
174401,9999,1.0,453.6
174401,9999,3.0,85.0
174402,9999,3.0,85.0
174402,9999,1.0,180.0
174403,9999,1.0,28.35
174403,9999,1.0,453.6
174403,9999,3.0,85.0
174404,9999,3.0,85.0
174404,9999,1.0,284.0
174405,9999,3.0,85.0
174405,9999,1.0,246.0
174406,9999,1.0,28.35
174406,9999,1.0,453.6
174406,9999,3.0,85.0
174407,9999,3.0,85.0
174407,9999,1.0,306.0
174408,9999,1.0,28.35
174408,9999,1.0,453.6
174408,9999,3.0,85.0
174409,9999,3.0,85.0
174410,9999,1.0,28.35
174411,9999,3.0,85.0
174412,9999,1.0,28.35
174413,9999,3.0,85.0
174414,9999,4.0,113.0
174414,9999,1.0,63.0
174415,9999,3.0,85.0
174415,9999,1.0,54.0
174416,9999,4.0,113.0
174416,9999,1.0,63.0
174416,9999,3.0,85.0
174417,9999,1.0,28.35
174417,9999,3.0,85.0
174418,9999,3.0,85.0
174419,9999,1.0,28.35
174419,9999,3.0,85.0
174420,9999,3.0,85.0
174421,9999,1.0,85.0
174421,9999,1.0,113.0
174422,9999,1.0,87.0
174422,9999,1.0,85.0
174423,9999,1.0,85.0
174423,9999,1.0,194.0
174424,9999,1.0,85.0
174424,9999,1.0,774.0
174425,9999,1.0,102.0
174426,9999,1.0,95.0
174426,9999,1.0,85.0
174427,9999,1.0,114.0
174427,9999,1.0,85.0
174428,9999,1.0,85.0
174428,9999,1.0,176.0
174429,9999,1.0,92.0
174429,9999,1.0,85.0
174430,9999,1.0,85.0
174430,9999,1.0,202.0
174431,9999,1.0,102.0
174431,9999,1.0,85.0
174432,9999,4.0,113.0
174432,9999,1.0,235.0
174433,9999,4.0,113.0
174433,9999,1.0,235.0
174436,9999,3.0,85.0
174437,9999,4.0,113.0
174438,9999,4.0,113.0
174439,9999,3.0,85.0
174440,9999,3.0,85.0
174441,9999,4.0,113.0
174442,9999,4.0,113.0
174443,9999,3.0,85.0
174444,9999,4.0,113.0
174445,9999,3.0,85.0
174446,9999,4.0,113.0
174447,9999,3.0,85.0
174448,9999,4.0,113.0
174449,9999,3.0,85.0
174450,9999,4.0,113.0
174451,9999,3.0,85.0
174452,9999,4.0,113.0
174453,9999,3.0,85.0
174454,9999,4.0,113.0
174455,9999,4.0,113.0
174456,9999,4.0,113.0
174457,9999,3.0,85.0
174458,9999,3.0,85.0
174459,9999,3.0,85.0
174460,9999,3.0,85.0
174461,9999,3.0,85.0
174462,9999,3.0,85.0
174463,9999,4.0,113.0
174464,9999,4.0,113.0
174465,9999,1.0,115.0
174465,9999,1.0,18.0
174466,9999,1.0,145.0
174466,9999,1.0,11.0
174467,9999,1.0,44.0
174467,9999,1.0,10.0
174468,9999,3.0,85.0
174468,9999,1.0,239.0
174468,9999,0.5,270.0
174469,9999,1.0,73.0
174469,9999,0.5,83.0
174470,9999,3.0,85.0
174470,9999,1.0,320.0
174470,9999,0.5,1319.0
174471,9999,3.0,85.0
174471,9999,1.0,275.0
174471,9999,0.5,264.0
174472,9999,3.0,85.0
174472,9999,1.0,371.0
174472,9999,0.5,400.0
174473,9999,3.0,85.0
174473,9999,1.0,326.0
174473,9999,0.5,352.0
174474,9999,3.0,85.0
174474,9999,1.0,169.0
174474,9999,0.5,182.0
174475,9999,3.0,85.0
174475,9999,1.0,297.0
174475,9999,1.0,199.0
174476,9999,1.0,85.0
174476,9999,1.0,513.0
174477,9999,1.0,85.0
174477,9999,1.0,394.0
174478,9999,3.0,85.0
174478,9999,1.0,354.0
174479,9999,3.0,85.0
174479,9999,1.0,695.0
174480,9999,1.0,85.0
174480,9999,1.0,244.0
174481,9999,1.0,109.0
174481,9999,4.0,435.0
174482,9999,1.0,93.0
174482,9999,1.0,85.0
174483,9999,1.0,85.0
174483,9999,1.0,28.35
174484,9999,1.0,85.0
174484,9999,1.0,28.35
174485,9999,1.0,85.0
174485,9999,1.0,28.35
174486,9999,1.0,85.0
174487,9999,1.0,85.0
174487,9999,1.0,28.35
174488,9999,1.0,85.0
174489,9999,1.0,85.0
174489,9999,1.0,28.35
174489,9999,1.0,453.0
174490,9999,1.0,85.0
174491,9999,3.0,85.0
174491,9999,1.0,44.0
174492,9999,3.0,85.0
174493,9999,4.0,113.0
174493,9999,1.0,85.0
174493,9999,1.0,453.0
174494,9999,3.0,85.0
174495,9999,3.0,85.0
174496,9999,3.0,85.0
174496,9999,1.0,453.0
174497,9999,3.0,85.0
174497,9999,1.0,95.0
174497,9999,1.0,105.0
174498,9999,3.0,85.0
174498,9999,1.0,111.0
174498,9999,1.0,129.0
174499,9999,4.0,113.0
174499,9999,1.0,143.0
174499,9999,1.0,136.0
174500,9999,3.0,85.0
174500,9999,1.0,130.0
174500,9999,1.0,112.0
174501,9999,3.0,85.0
174502,9999,4.0,113.0
174503,9999,3.0,85.0
174504,9999,3.0,85.0
174504,9999,1.0,106.0
174504,9999,1.0,95.0
174505,9999,3.0,85.0
174505,9999,1.0,130.0
174505,9999,1.0,112.0
174506,9999,3.0,85.0
174506,9999,1.0,182.0
174507,9999,4.0,113.0
174508,9999,3.0,85.0
174509,9999,4.0,113.0
174509,9999,1.0,453.0
174510,9999,3.0,85.0
174511,9999,4.0,113.0
174511,9999,1.0,453.0
174512,9999,3.0,85.0
174512,9999,1.0,453.0
174513,9999,4.0,113.0
174513,9999,1.0,1171.0
174514,9999,3.0,85.0
174514,9999,1.0,852.0
174515,9999,4.0,113.0
174515,9999,1.0,1150.0
174516,9999,1.0,863.0
174516,9999,3.0,85.0
174517,9999,4.0,113.0
174517,9999,1.0,518.0
174518,9999,4.0,113.0
174518,9999,1.0,454.0
174519,9999,3.0,85.0
174519,9999,1.0,1654.0
174520,9999,4.0,113.0
174520,9999,1.0,1245.0
174521,9999,3.0,85.0
174521,9999,1.0,949.0
174522,9999,0.5,124.0
174523,9999,1.0,17.0
174523,9999,0.5,143.0
174523,9999,1.0,279.0
174524,9999,2.0,36.0
174524,9999,0.5,130.0
174524,9999,1.0,259.0
174525,9999,1.0,250.0
174525,9999,0.5,125.0
174526,9999,1.0,250.0
174526,9999,0.5,125.0
174527,9999,1.0,4.7
174527,9999,0.25,1.2
174528,9999,1.0,4.7
174528,9999,0.25,1.2
174529,9999,1.0,18.0
174530,9999,1.0,245.0
174531,9999,1.0,18.0
174532,9999,1.0,216.0
174533,9999,1.0,245.0
174534,9999,1.0,253.0
174535,9999,1.0,245.0
174536,9999,1.0,249.0
174537,9999,1.0,248.0
174537,9999,1.0,31.0
174537,9999,1.0,602.0
174538,9999,0.5,126.0
174539,9999,1.0,252.0
174539,9999,1.0,31.5
174540,9999,1.0,252.0
174540,9999,1.0,31.5
174541,9999,1.0,248.0
174541,9999,1.0,602.0
174544,9999,1.0,16.0
174544,9999,0.5,146.0
174544,9999,1.0,283.0
174545,9999,1.0,243.0
174546,9999,1.0,252.0
174546,9999,1.0,31.5
174547,9999,0.5,124.0
174548,9999,1.0,243.0
174548,9999,1.0,526.0
174549,9999,1.0,244.0
174549,9999,1.0,593.0
174550,9999,1.0,247.0
174550,9999,1.0,600.0
174551,9999,1.0,244.0
174551,9999,1.0,593.0
174552,9999,1.0,206.0
174552,9999,1.0,527.0
174553,9999,1.0,244.0
174553,9999,1.0,30.5
174553,9999,1.0,593.0
174554,9999,1.0,249.0
174554,9999,1.0,31.1
174555,9999,1.0,248.0
174555,9999,1.0,31.0
174556,9999,1.0,251.0
174556,9999,1.0,519.0
174557,9999,1.0,241.0
174557,9999,1.0,586.0
174558,9999,1.0,244.0
174558,9999,1.0,593.0
174559,9999,1.0,244.0
174559,9999,1.0,593.0
174560,9999,1.0,241.0
174560,9999,1.0,586.0
174561,9999,1.0,259.0
174561,9999,1.0,32.4
174562,9999,1.0,244.0
174562,9999,1.0,30.5
174562,9999,1.0,593.0
174563,9999,1.0,241.0
174563,9999,1.0,30.1
174563,9999,1.0,586.0
174564,9999,1.0,241.0
174564,9999,1.0,586.0
174565,9999,1.0,244.0
174565,9999,1.0,593.0
174566,9999,1.0,243.0
174566,9999,1.0,182.0
174567,9999,1.0,261.0
174567,9999,1.0,32.6
174568,9999,1.0,230.0
174568,9999,1.0,28.7
174569,9999,1.0,265.0
174570,9999,1.0,9.3
174570,9999,1.0,13.8
174571,9999,1.0,28.35
174571,9999,1.0,21.0
174572,9999,1.0,28.0
174572,9999,1.0,28.0
174572,9999,1.0,81.0
174572,9999,1.0,14.0
174572,9999,2.0,57.0
174573,9999,1.0,28.35
174573,9999,1.0,15.0
174574,9999,3.52,100.0
174575,9999,3.0,85.0
174575,9999,1.0,2.0
174575,9999,1.0,28.0
174576,9999,1.0,38.0
174576,9999,2.0,57.0
174577,9999,3.0,85.0
174577,9999,1.0,227.0
174578,9999,1.0,27.0
174578,9999,1.0,23.0
174578,9999,1.0,48.0
174579,9999,1.0,13.0
174579,9999,1.0,27.0
174580,9999,1.0,128.0
174581,9999,1.0,13.0
174581,9999,1.0,28.35
174582,9999,1.0,9.8
174582,9999,1.0,28.0
174582,9999,3.0,27.0
174583,9999,1.0,15.0
174583,9999,1.0,28.35
174584,9999,1.0,68.0
174584,9999,1.0,16.0
174585,9999,3.0,85.0
174586,9999,1.0,87.0
174587,9999,1.0,23.0
174587,9999,1.0,28.35
174588,9999,1.0,23.0
174588,9999,1.0,28.35
174589,9999,1.0,28.0
174590,9999,1.0,9.0
174590,9999,1.0,57.0
174591,9999,1.0,45.0
174592,9999,1.0,14.0
174592,9999,1.0,16.0
174592,9999,1.0,9.8
174593,9999,1.0,30.0
174594,9999,2.0,56.0
174595,9999,1.0,84.0
174596,9999,0.25,55.0
174597,9999,1.0,57.0
174598,9999,3.52,100.0
174599,9999,1.0,28.35
174600,9999,1.0,28.0
174600,9999,1.0,450.0
174601,9999,1.0,77.0
174602,9999,1.0,28.0
174603,9999,1.0,28.0
174604,9999,1.0,56.0
174605,9999,1.0,84.0
174606,9999,2.0,56.0
174607,9999,1.0,56.0
174608,9999,1.0,56.0
174609,9999,1.0,56.0
174610,9999,1.0,28.35
174611,9999,1.94,55.0
174612,9999,1.0,28.0
174613,9999,1.69,48.0
174614,9999,1.0,48.0
174614,9999,1.0,451.0
174615,9999,1.0,52.0
174616,9999,1.0,19.0
174617,9999,1.0,57.0
174618,9999,1.0,43.0
174619,9999,0.75,30.0
174620,9999,0.75,32.0
174621,9999,0.75,27.0
174622,9999,1.0,56.0
174623,9999,1.0,56.0
174624,9999,1.0,35.0
174625,9999,1.0,37.0
174626,9999,0.5,40.0
174628,9999,1.0,30.0
174629,9999,0.25,37.0
174630,9999,0.25,41.0
174631,9999,0.75,30.0
174632,9999,1.0,60.0
174633,9999,0.75,28.0
174634,9999,1.0,33.0
174635,9999,0.25,16.0
174636,9999,1.0,43.0
174637,9999,1.0,50.0
174638,9999,1.0,41.0
174639,9999,0.75,55.0
174640,9999,0.5,40.0
174641,9999,0.5,40.0
174642,9999,1.33,29.0
174643,9999,0.75,27.0
174643,9999,1.0,37.0
174644,9999,1.0,30.0
174645,9999,1.0,33.0
174646,9999,0.75,30.0
174647,9999,0.75,29.0
174648,9999,1.0,28.0
174649,9999,1.0,29.0
174650,9999,1.0,25.0
174651,9999,1.0,268.0
174652,9999,0.75,26.0
174653,9999,0.75,52.0
174654,9999,0.75,55.0
174655,9999,3.0,33.0
174655,9999,1.0,13.8
174655,9999,1.0,174.0
174656,9999,1.0,8.9
174656,9999,1.0,128.0
174657,9999,0.75,26.0
174658,9999,0.5,49.0
174659,9999,0.75,32.0
174660,9999,1.0,41.0
174661,9999,1.0,33.0
174662,9999,1.0,31.0
174663,9999,0.75,29.0
174664,9999,0.75,30.0
174665,9999,1.0,149.0
174665,9999,1.0,8.4
174666,9999,1.0,259.0
174667,9999,1.0,237.0
174668,9999,1.0,237.0
174669,9999,1.0,245.0
174670,9999,1.0,249.0
174671,9999,1.0,252.0
174672,9999,1.0,259.0
174673,9999,1.0,230.0
174673,9999,0.5,123.0
174673,9999,1.0,154.0
174674,9999,1.0,230.0
174674,9999,0.5,123.0
174675,9999,1.0,230.0
174675,9999,0.5,123.0
174676,9999,1.0,230.0
174676,9999,0.5,118.0
174677,9999,1.0,230.0
174677,9999,0.5,118.0
174678,9999,1.0,257.0
174678,9999,8.0,246.0
174679,9999,1.0,250.0
174679,9999,1.0,31.2
174680,9999,1.0,207.0
174681,9999,1.0,247.0
174681,9999,1.0,30.9
174682,9999,1.0,92.0
174682,9999,1.0,2.4
174683,9999,1.0,151.0
174683,9999,10.0,49.0
174683,9999,1.0,126.0
174684,9999,1.0,245.0
174685,9999,1.0,256.0
174686,9999,1.0,238.0
174687,9999,1.0,165.0
174687,9999,1.0,151.0
174688,9999,3.0,85.0
174688,9999,1.0,135.0
174689,9999,3.0,85.0
174689,9999,1.0,135.0
174690,9999,3.0,85.0
174690,9999,1.0,135.0
174691,9999,4.0,113.0
174691,9999,1.0,178.0
174691,9999,1.0,844.0
174692,9999,4.0,113.0
174692,9999,1.0,166.0
174692,9999,1.0,866.0
174693,9999,3.0,85.0
174693,9999,1.0,121.0
174694,9999,3.0,85.0
174694,9999,1.0,124.0
174695,9999,4.0,113.0
174695,9999,1.0,186.0
174695,9999,1.0,955.0
174696,9999,4.0,113.0
174696,9999,1.0,164.0
174696,9999,1.0,901.0
174697,9999,4.0,113.0
174697,9999,1.0,163.0
174697,9999,1.0,938.0
174698,9999,4.0,113.0
174698,9999,1.0,167.0
174698,9999,1.0,847.0
174699,9999,4.0,113.0
174699,9999,1.0,249.0
174700,9999,4.0,113.0
174700,9999,1.0,267.0
174701,9999,3.0,85.0
174701,9999,1.0,135.0
174702,9999,3.0,85.0
174702,9999,1.0,138.0
174703,9999,3.0,85.0
174703,9999,1.0,129.0
174704,9999,3.0,85.0
174704,9999,1.0,165.0
174705,9999,3.0,85.0
174705,9999,1.0,156.0
174706,9999,4.0,113.0
174706,9999,1.0,223.0
174707,9999,4.0,113.0
174707,9999,1.0,238.0
174708,9999,3.0,85.0
174708,9999,1.0,634.0
174709,9999,3.0,85.0
174709,9999,1.0,677.0
174710,9999,3.0,85.0
174710,9999,1.0,571.0
174711,9999,4.0,113.0
174711,9999,1.0,173.0
174711,9999,1.0,852.0
174712,9999,3.0,85.0
174712,9999,1.0,236.0
174713,9999,3.0,85.0
174713,9999,1.0,234.0
174714,9999,3.0,85.0
174714,9999,1.0,235.0
174715,9999,3.0,85.0
174716,9999,4.0,113.0
174717,9999,3.0,85.0
174718,9999,4.0,113.0
174719,9999,3.0,85.0
174720,9999,4.0,113.0
174721,9999,3.0,85.0
174722,9999,4.0,113.0
174723,9999,4.0,113.0
174724,9999,3.0,85.0
174725,9999,4.0,113.0
174726,9999,4.0,113.0
174727,9999,4.0,113.0
174728,9999,3.0,85.0
174729,9999,4.0,113.0
174730,9999,3.0,85.0
174731,9999,4.0,113.0
174732,9999,3.0,85.0
174733,9999,3.0,85.0
174734,9999,4.0,113.0
174735,9999,4.0,113.0
174736,9999,4.0,113.0
174737,9999,3.0,85.0
174738,9999,4.0,113.0
174739,9999,3.0,85.0
174740,9999,4.0,113.0
174741,9999,3.0,85.0
174742,9999,4.0,113.0
174743,9999,3.0,85.0
174744,9999,4.0,113.0
174745,9999,3.0,85.0
174746,9999,4.0,113.0
174747,9999,3.0,85.0
174748,9999,3.0,85.0
174749,9999,4.0,113.0
174750,9999,4.0,113.0
174751,9999,3.0,85.0
174752,9999,3.0,85.0
174753,9999,3.0,85.0
174754,9999,3.0,85.0
174755,9999,3.0,85.0
174756,9999,3.0,85.0
174757,9999,4.0,113.0
174758,9999,3.0,85.0
174759,9999,3.0,85.0
174760,9999,4.0,113.0
174761,9999,4.0,113.0
174761,9999,1.0,453.6
174762,9999,4.0,113.0
174762,9999,1.0,453.6
174763,9999,4.0,113.0
174763,9999,1.0,453.6
174764,9999,3.0,85.0
174764,9999,1.0,453.6
174765,9999,4.0,113.0
174765,9999,1.0,453.6
174766,9999,4.0,113.0
174766,9999,1.0,453.6
174767,9999,3.0,85.0
174767,9999,1.0,453.6
174768,9999,3.0,85.0
174768,9999,1.0,453.6
174769,9999,3.0,85.0
174769,9999,1.0,85.0
174770,9999,4.0,113.0
174770,9999,1.0,261.0
174771,9999,3.0,85.0
174771,9999,1.0,591.0
174772,9999,4.0,113.0
174772,9999,1.0,271.0
174773,9999,3.0,85.0
174773,9999,1.0,547.0
174774,9999,3.0,85.0
174774,9999,1.0,383.0
174775,9999,3.0,85.0
174775,9999,1.0,379.0
174776,9999,4.0,113.0
174776,9999,1.0,188.0
174777,9999,4.0,113.0
174777,9999,1.0,173.0
174778,9999,1.0,28.35
174779,9999,1.0,23.0
174780,9999,1.0,55.0
174781,9999,1.0,55.0
174782,9999,1.0,22.0
174783,9999,1.0,28.35
174783,9999,1.0,28.0
174783,9999,1.0,34.0
174784,9999,1.0,28.35
174785,9999,1.0,7.9
174785,9999,1.0,87.0
174786,9999,1.0,80.0
174787,9999,1.0,48.0
174788,9999,1.0,28.35
174789,9999,1.0,28.35
174790,9999,1.0,143.0
174790,9999,1.0,115.0
174790,9999,1.0,62.0
174791,9999,1.0,28.35
174792,9999,1.0,50.0
174793,9999,1.0,78.0
174794,9999,1.0,35.0
174795,9999,1.0,60.0
174796,9999,1.0,28.35
174797,9999,2.0,40.0
174797,9999,1.0,20.0
174798,9999,1.0,20.0
174799,9999,1.0,68.0
174800,9999,1.0,24.0
174801,9999,1.0,35.0
174802,9999,1.0,35.0
174803,9999,1.0,38.0
174804,9999,1.0,28.35
174804,9999,16.5,28.0
174805,9999,23.0,28.0
174805,9999,1.0,227.0
174806,9999,1.0,30.0
174807,9999,1.0,241.0
174808,9999,1.0,233.0
174809,9999,16.0,480.0
174810,9999,1.0,30.8
174810,9999,1.0,209.0
174811,9999,1.0,32.3
174811,9999,2.0,65.0
174812,9999,1.0,30.4
174812,9999,1.0,106.0
174813,9999,1.0,44.0
174814,9999,14.0,414.0
174815,9999,1.0,27.8
174815,9999,1.0,42.0
174816,9999,1.0,250.0
174817,9999,1.0,27.8
174817,9999,1.5,42.0
174818,9999,1.0,27.8
174818,9999,1.5,42.0
174819,9999,1.0,27.8
174819,9999,1.0,42.0
174820,9999,8.0,240.0
174820,9999,1.0,240.0
174821,9999,8.0,240.0
174822,9999,8.0,240.0
174823,9999,8.0,254.0
174824,9999,2.0,11.0
174825,9999,1.0,355.0
174826,9999,1.0,355.0
174827,9999,8.0,240.0
174828,9999,16.0,473.0
174829,9999,1.0,245.0
174830,9999,1.0,246.0
174831,9999,1.0,245.0
174832,9999,1.0,262.0
174833,9999,1.0,29.4
174833,9999,1.0,147.0
174834,9999,1.0,29.4
174834,9999,1.0,147.0
174835,9999,1.0,29.4
174835,9999,1.0,147.0
174836,9999,1.0,29.4
174836,9999,1.0,147.0
174837,9999,1.0,29.4
174837,9999,1.0,147.0
174838,9999,1.0,29.4
174838,9999,1.0,147.0
174839,9999,1.0,29.4
174839,9999,1.0,147.0
174840,9999,1.0,29.4
174840,9999,1.0,147.0
174841,9999,1.0,29.3
174841,9999,1.0,147.0
174842,9999,1.0,29.6
174842,9999,1.0,474.0
174842,9999,1.0,355.0
174843,9999,1.0,29.5
174843,9999,1.0,147.0
174844,9999,1.0,30.5
174844,9999,1.0,152.0
174845,9999,1.0,29.5
174845,9999,1.0,147.0
174846,9999,1.0,30.5
174846,9999,1.0,488.0
174846,9999,1.0,366.0
174847,9999,1.0,30.6
174847,9999,1.0,245.0
174847,9999,1.0,368.0
174847,9999,1.0,518.0
174848,9999,1.0,29.3
174848,9999,1.0,147.0
174849,9999,1.0,30.0
174849,9999,1.0,150.0
174850,9999,1.0,29.6
174850,9999,1.0,474.0
174850,9999,1.0,355.0
174850,9999,1.0,474.0
174850,9999,1.0,651.0
174850,9999,1.0,947.0
174850,9999,1.0,1302.0
174851,9999,1.0,30.7
174851,9999,1.0,368.0
174851,9999,1.0,491.0
174852,9999,1.0,30.7
174852,9999,1.0,370.0
174852,9999,1.0,492.0
174852,9999,1.0,492.0
174852,9999,1.0,676.0
174852,9999,1.0,984.0
174852,9999,1.0,1353.0
174853,9999,1.0,29.6
174853,9999,1.0,355.0
174854,9999,1.0,31.0
174854,9999,1.0,496.0
174854,9999,1.0,372.0
174855,9999,1.0,268.0
174856,9999,8.0,227.0
174858,9999,1.0,18.0
174858,9999,1.0,218.0
174859,9999,1.0,33.0
174859,9999,1.0,264.0
174860,9999,1.0,18.0
174860,9999,0.5,29.0
174861,9999,1.0,31.8
174861,9999,1.0,255.0
174862,9999,1.0,30.9
174862,9999,1.0,247.0
174863,9999,1.0,29.6
174863,9999,1.0,237.0
174864,9999,1.0,21.0
174864,9999,1.0,21.0
174865,9999,1.0,265.0
174866,9999,1.0,21.0
174867,9999,1.0,265.0
174868,9999,1.0,31.0
174868,9999,1.0,248.0
174869,9999,1.0,22.0
174870,9999,1.0,266.0
174871,9999,1.0,29.6
174871,9999,6.0,178.0
174871,9999,1.0,237.0
174872,9999,1.0,0.7
174873,9999,1.0,29.7
174873,9999,1.0,178.0
174873,9999,1.0,238.0
174874,9999,3.0,85.0
174875,9999,4.0,113.0
174876,9999,3.0,85.0
174877,9999,4.0,113.0
174878,9999,4.0,113.0
174879,9999,3.0,85.0
174880,9999,3.0,85.0
174880,9999,1.0,44.0
174881,9999,3.0,85.0
174881,9999,1.0,352.0
174882,9999,4.0,113.0
174883,9999,3.0,85.0
174884,9999,4.0,113.0
174885,9999,3.0,85.0
174885,9999,1.0,723.0
174886,9999,3.0,85.0
174886,9999,1.0,418.0
174887,9999,4.0,113.0
174887,9999,1.0,530.0
174888,9999,3.0,85.0
174888,9999,1.0,121.0
174889,9999,3.0,85.0
174889,9999,1.0,329.0
174890,9999,3.0,85.0
174890,9999,1.0,447.0
174891,9999,3.0,85.0
174892,9999,4.0,113.0
174893,9999,3.0,85.0
174893,9999,1.0,418.0
174894,9999,4.0,113.0
174894,9999,1.0,530.0
174895,9999,3.0,85.0
174895,9999,1.0,1808.0
174896,9999,4.0,113.0
174896,9999,1.0,2674.0
174897,9999,3.0,85.0
174897,9999,1.0,121.0
174898,9999,3.0,85.0
174898,9999,1.0,43.0
174899,9999,1.0,99.0
174899,9999,1.0,26.0
174899,9999,1.0,69.0
174899,9999,1.0,105.0
174899,9999,1.0,131.0
174899,9999,1.0,28.35
174900,9999,1.0,24.0
174900,9999,1.0,65.0
174900,9999,1.0,99.0
174900,9999,1.0,123.0
174900,9999,1.0,28.35
174901,9999,1.0,28.35
174901,9999,1.0,26.0
174901,9999,1.0,69.0
174901,9999,1.0,105.0
174901,9999,1.0,131.0
174902,9999,1.0,120.0
174902,9999,1.0,114.0
174902,9999,1.0,128.0
174902,9999,1.0,120.0
174902,9999,0.33,40.0
174902,9999,1.0,28.35
174903,9999,1.0,28.35
174904,9999,1.0,58.0
174904,9999,1.0,28.35
174905,9999,1.0,28.35
174905,9999,1.0,21.0
174906,9999,1.0,28.35
174906,9999,1.0,57.0
174906,9999,1.0,60.0
174907,9999,1.0,28.35
174907,9999,1.0,45.0
174908,9999,1.0,28.35
174908,9999,1.0,241.0
174909,9999,1.0,51.0
174909,9999,1.0,60.0
174909,9999,1.0,28.35
174910,9999,1.0,28.35
174910,9999,1.0,65.0
174911,9999,1.0,28.35
174911,9999,1.0,29.0
174911,9999,1.0,59.0
174911,9999,1.0,88.0
174912,9999,1.0,28.35
174913,9999,1.0,28.35
174913,9999,1.0,29.0
174914,9999,1.0,28.35
174914,9999,1.0,24.0
174914,9999,1.0,38.0
174915,9999,1.0,60.0
174915,9999,1.0,28.0
174916,9999,1.0,64.0
174916,9999,1.0,28.0
174917,9999,1.0,28.35
174917,9999,1.0,19.0
174918,9999,1.0,28.35
174918,9999,1.0,26.0
174918,9999,1.0,7.0
174918,9999,1.0,20.0
174918,9999,1.0,32.0
174919,9999,1.0,28.35
174919,9999,1.0,23.0
174920,9999,1.0,28.35
174920,9999,1.0,23.0
174920,9999,1.0,32.0
174920,9999,1.0,20.0
174921,9999,1.0,28.35
174921,9999,1.0,21.0
174922,9999,1.0,28.35
174922,9999,1.0,23.0
174923,9999,1.0,28.35
174923,9999,1.0,27.0
174924,9999,1.0,29.0
174924,9999,1.0,28.35
174924,9999,1.0,45.0
174924,9999,1.0,35.0
174924,9999,1.0,30.0
174924,9999,1.0,25.0
174924,9999,1.0,12.0
174924,9999,1.0,20.0
174924,9999,1.0,9.0
174924,9999,1.0,15.0
174925,9999,1.0,28.35
174925,9999,1.0,45.0
174925,9999,1.0,42.0
174925,9999,1.0,27.0
174925,9999,1.0,11.0
174925,9999,1.0,17.0
174925,9999,1.0,8.0
174925,9999,1.0,13.0
174925,9999,1.0,22.0
174926,9999,1.0,28.35
174926,9999,1.0,44.0
174927,9999,1.0,28.35
174927,9999,1.0,42.0
174927,9999,1.0,33.0
174928,9999,1.0,28.35
174928,9999,1.0,108.0
174929,9999,1.0,46.0
174929,9999,1.0,5.0
174929,9999,1.0,10.0
174929,9999,1.0,6.0
174930,9999,1.0,28.35
174930,9999,1.0,170.0
174931,9999,1.0,28.35
174931,9999,0.5,100.0
174932,9999,1.0,28.35
174932,9999,1.0,510.0
174933,9999,1.0,28.35
174933,9999,1.0,71.0
174934,9999,1.0,138.0
174934,9999,1.0,1660.0
174934,9999,1.0,64.0
174934,9999,1.0,28.35
174935,9999,1.0,28.35
174935,9999,1.0,517.0
174936,9999,1.0,28.35
174936,9999,1.0,90.0
174937,9999,1.0,28.35
174937,9999,1.0,50.0
174938,9999,1.0,28.35
174938,9999,1.0,56.0
174939,9999,1.0,28.35
174939,9999,1.0,43.0
174940,9999,1.0,30.0
174940,9999,1.0,28.0
174940,9999,1.0,71.0
174941,9999,1.0,28.35
174942,9999,1.0,28.35
174942,9999,1.0,50.0
174943,9999,1.0,28.35
174943,9999,1.0,42.0
174944,9999,1.0,144.0
174944,9999,1.0,1729.0
174944,9999,1.0,64.0
174944,9999,1.0,28.35
174945,9999,1.0,67.0
174945,9999,1.0,28.35
174946,9999,1.0,28.35
174946,9999,1.0,524.0
174947,9999,1.0,43.0
174947,9999,1.0,524.0
174947,9999,1.0,28.35
174948,9999,1.0,28.35
174948,9999,1.0,610.0
174949,9999,1.0,28.35
174949,9999,1.0,24.0
174950,9999,1.0,28.35
174950,9999,1.0,5.0
174951,9999,1.0,28.35
174951,9999,1.0,21.0
174952,9999,1.0,28.35
174952,9999,1.0,496.0
174953,9999,1.0,33.0
174953,9999,1.0,29.0
174953,9999,1.0,28.35
174954,9999,1.0,28.35
174954,9999,1.0,12.0
174955,9999,1.0,28.35
174955,9999,1.0,32.0
174955,9999,1.0,16.0
174956,9999,1.0,28.35
174956,9999,1.0,7.0
174956,9999,1.0,32.0
174957,9999,1.0,28.35
174957,9999,1.0,15.0
174957,9999,1.0,84.0
174957,9999,1.0,14.0
174958,9999,3.0,27.0
174958,9999,1.0,28.35
174959,9999,1.0,28.35
174959,9999,1.0,13.0
174959,9999,1.0,24.0
174959,9999,1.0,11.0
174960,9999,1.0,28.35
174960,9999,1.0,496.0
174961,9999,1.0,28.35
174961,9999,1.0,16.0
174962,9999,1.0,28.35
174962,9999,1.0,12.0
174963,9999,1.0,28.35
174963,9999,1.0,24.0
174964,9999,1.0,28.35
174964,9999,1.0,20.0
174965,9999,1.0,28.35
174965,9999,1.0,14.0
174966,9999,1.0,28.35
174966,9999,1.0,15.0
174967,9999,1.0,28.35
174967,9999,1.0,11.8
174968,9999,1.0,28.35
174968,9999,1.0,14.0
174969,9999,1.0,28.35
174969,9999,1.0,10.0
174970,9999,1.0,28.35
174970,9999,1.0,4.0
174971,9999,1.0,28.35
174971,9999,1.0,17.0
174972,9999,1.0,33.0
174972,9999,1.0,17.0
174972,9999,1.0,26.0
174972,9999,1.0,28.35
174973,9999,1.0,28.35
174973,9999,1.0,80.0
174973,9999,1.0,6.0
174973,9999,1.0,4.0
174973,9999,1.0,3.0
174974,9999,8.0,30.0
174974,9999,8.0,11.6
174975,9999,0.5,14.2
174975,9999,1.0,62.0
174975,9999,1.0,72.0
174975,9999,1.0,0.6
174975,9999,1.0,28.0
174975,9999,1.0,2.0
174975,9999,1.0,1.0
174976,9999,0.5,14.2
174976,9999,1.0,83.0
174976,9999,6.0,39.0
174976,9999,1.0,6.5
174977,9999,0.5,14.2
174977,9999,1.0,30.0
174977,9999,1.0,33.0
174977,9999,1.0,3.0
174977,9999,1.0,5.0
174978,9999,0.5,14.2
174978,9999,1.0,5.0
174979,9999,0.5,14.2
174979,9999,1.0,5.0
174980,9999,0.5,14.2
174980,9999,1.0,11.0
174981,9999,0.5,14.2
174981,9999,1.0,10.0
174982,9999,5.0,16.0
174982,9999,5.0,16.0
174982,9999,1.0,3.2
174982,9999,1.0,4.0
174982,9999,1.0,52.0
174983,9999,0.5,14.2
174983,9999,1.0,7.0
174984,9999,0.5,14.2
174984,9999,1.0,7.0
174985,9999,16.0,34.0
174985,9999,2.0,14.5
174986,9999,1.0,28.35
174986,9999,1.0,48.0
174986,9999,1.0,66.0
174987,9999,1.0,28.35
174987,9999,1.0,28.0
174987,9999,1.0,42.0
174987,9999,1.0,57.0
174987,9999,1.0,67.0
174988,9999,1.0,28.35
174988,9999,1.0,57.0
174989,9999,1.0,28.35
174989,9999,1.0,42.0
174989,9999,1.0,57.0
174989,9999,1.0,67.0
174990,9999,1.0,40.0
174990,9999,1.0,28.35
174990,9999,1.0,52.0
174990,9999,1.0,52.0
174990,9999,1.0,54.0
174990,9999,1.0,14.0
174990,9999,1.0,71.0
174991,9999,1.0,28.35
174991,9999,1.0,18.0
174991,9999,1.0,43.0
174991,9999,1.0,67.0
174992,9999,1.0,28.35
174992,9999,1.0,45.0
174993,9999,1.0,28.35
174993,9999,1.0,60.0
174993,9999,1.0,42.0
174994,9999,1.0,28.35
174994,9999,1.0,57.0
174995,9999,1.0,28.35
174995,9999,1.0,52.0
174996,9999,1.0,28.35
174996,9999,1.0,66.0
174997,9999,1.0,28.35
174997,9999,1.0,57.0
174998,9999,1.0,28.35
174998,9999,1.0,65.0
174999,9999,1.0,28.35
174999,9999,1.0,152.0
174999,9999,1.0,22.0
175000,9999,1.0,28.35
175000,9999,1.0,4.0
175000,9999,1.0,29.0
175001,9999,1.0,28.35
175001,9999,1.0,10.0
175002,9999,1.0,28.35
175002,9999,1.0,17.0
175002,9999,1.0,66.0
175002,9999,1.0,113.0
175002,9999,1.0,139.0
175002,9999,1.0,168.0
175003,9999,1.0,28.35
175004,9999,1.0,28.35
175004,9999,1.0,33.0
175005,9999,1.0,28.35
175005,9999,1.0,57.0
175006,9999,1.0,28.35
175006,9999,1.0,38.0
175006,9999,1.0,77.0
175007,9999,1.0,28.35
175007,9999,1.0,112.0
175008,9999,1.0,28.35
175008,9999,1.0,38.0
175008,9999,1.0,77.0
175009,9999,1.0,28.35
175009,9999,1.0,38.0
175009,9999,1.0,77.0
175010,9999,1.0,28.35
175010,9999,1.0,44.0
175010,9999,1.0,129.0
175011,9999,1.0,28.35
175011,9999,1.0,125.0
175011,9999,1.0,117.0
175012,9999,1.0,28.35
175012,9999,1.0,155.0
175013,9999,1.0,28.35
175013,9999,1.0,92.0
175013,9999,1.0,123.0
175014,9999,1.0,120.0
175014,9999,1.0,28.35
175014,9999,1.0,99.0
175014,9999,1.0,113.0
175015,9999,1.0,28.35
175015,9999,1.0,95.0
175016,9999,1.0,28.35
175016,9999,1.0,64.0
175016,9999,1.0,48.0
175017,9999,1.0,28.35
175017,9999,1.0,94.0
175018,9999,1.0,28.35
175018,9999,1.0,127.0
175019,9999,1.0,28.35
175019,9999,1.0,165.0
175020,9999,1.0,28.35
175020,9999,1.0,117.0
175021,9999,1.0,28.35
175021,9999,1.0,133.0
175021,9999,1.0,833.0
175022,9999,1.0,28.35
175022,9999,1.0,284.0
175023,9999,1.0,20.0
175023,9999,1.0,160.0
175024,9999,1.0,18.0
175024,9999,1.0,173.0
175025,9999,1.0,154.0
175026,9999,1.0,23.0
175026,9999,1.0,180.0
175027,9999,1.0,28.35
175027,9999,1.0,35.0
175028,9999,1.0,28.35
175028,9999,1.0,33.0
175029,9999,1.0,43.0
175029,9999,1.0,36.0
175029,9999,1.0,28.0
175030,9999,1.0,28.0
175031,9999,1.0,28.35
175031,9999,1.0,57.0
175032,9999,1.0,28.35
175032,9999,1.0,71.0
175033,9999,1.0,28.35
175033,9999,1.0,66.0
175034,9999,1.0,28.35
175034,9999,1.0,83.0
175034,9999,1.0,60.0
175035,9999,1.0,28.35
175035,9999,1.0,54.0
175036,9999,1.0,28.35
175036,9999,1.0,19.0
175036,9999,1.0,24.0
175037,9999,1.0,48.0
175037,9999,1.0,28.35
175037,9999,1.0,30.0
175037,9999,1.0,407.0
175037,9999,1.0,72.0
175037,9999,1.0,117.0
175037,9999,1.0,49.0
175038,9999,1.0,28.35
175038,9999,1.0,35.0
175039,9999,1.0,28.35
175039,9999,1.0,75.0
175040,9999,1.0,4.6
175040,9999,0.5,2.3
175041,9999,1.0,3.0
175041,9999,0.5,1.5
175042,9999,1.0,17.0
175043,9999,1.0,4.0
175043,9999,1.0,12.0
175043,9999,1.0,7.2
175044,9999,1.0,28.35
175044,9999,1.0,25.0
175045,9999,1.0,28.35
175045,9999,1.0,31.0
175046,9999,1.0,28.35
175046,9999,1.0,34.0
175047,9999,1.0,28.35
175047,9999,1.0,38.0
175047,9999,1.0,77.0
175048,9999,1.0,28.35
175048,9999,1.0,33.0
175048,9999,1.0,33.0
175049,9999,1.0,28.35
175049,9999,1.0,26.0
175049,9999,1.0,69.0
175049,9999,1.0,105.0
175049,9999,1.0,131.0
175050,9999,1.0,28.35
175050,9999,1.0,26.0
175050,9999,1.0,69.0
175050,9999,1.0,105.0
175050,9999,1.0,131.0
175051,9999,1.0,28.35
175051,9999,1.0,26.0
175051,9999,1.0,69.0
175051,9999,1.0,105.0
175051,9999,1.0,131.0
175052,9999,1.0,28.35
175052,9999,1.0,57.0
175052,9999,1.0,63.0
175053,9999,1.0,30.0
175053,9999,1.0,28.0
175053,9999,1.0,71.0
175054,9999,1.0,28.35
175054,9999,1.0,524.0
175055,9999,1.0,28.35
175055,9999,1.0,524.0
175056,9999,0.5,14.2
175056,9999,1.0,45.0
175056,9999,1.0,3.0
175056,9999,1.0,10.0
175056,9999,1.0,1.0
175056,9999,1.0,6.0
175057,9999,0.5,14.2
175057,9999,1.0,3.0
175058,9999,0.5,14.2
175058,9999,1.0,62.0
175058,9999,1.0,72.0
175058,9999,1.0,4.0
175058,9999,1.0,3.0
175058,9999,1.0,3.0
175059,9999,0.5,14.2
175059,9999,1.0,83.0
175059,9999,1.0,2.0
175059,9999,1.0,2.0
175060,9999,0.5,14.2
175060,9999,1.0,62.0
175060,9999,1.0,72.0
175060,9999,1.0,0.6
175060,9999,1.0,1.0
175061,9999,1.0,28.35
175061,9999,1.0,71.0
175062,9999,1.0,28.35
175062,9999,1.0,60.0
175063,9999,1.0,28.35
175063,9999,1.0,57.0
175064,9999,1.0,28.35
175064,9999,1.0,128.0
175065,9999,1.0,142.0
175065,9999,1.0,16.0
175066,9999,1.0,28.35
175066,9999,1.0,170.0
175067,9999,1.0,28.35
175067,9999,1.0,13.0
175067,9999,1.0,5.0
175068,9999,3.0,15.0
175068,9999,6.0,30.0
175069,9999,1.0,52.0
175070,9999,1.0,24.0
175071,9999,1.0,24.0
175072,9999,1.0,28.0
175073,9999,1.0,26.0
175074,9999,1.0,25.0
175075,9999,1.0,26.0
175076,9999,1.0,25.0
175077,9999,1.0,32.0
175078,9999,1.0,31.0
175079,9999,1.0,28.0
175080,9999,1.0,28.0
175081,9999,1.0,41.0
175082,9999,1.0,51.0
175083,9999,1.0,28.0
175084,9999,1.0,11.0
175085,9999,3.0,85.0
175085,9999,1.0,340.0
175086,9999,1.0,28.35
175086,9999,1.0,453.6
175087,9999,3.0,85.0
175087,9999,1.0,340.0
175088,9999,1.0,1.4
175088,9999,2.0,11.3
175089,9999,1.0,23.0
175089,9999,1.0,182.0
175090,9999,1.0,259.0
175091,9999,2.0,1.6
175091,9999,4.0,14.4
175092,9999,1.0,32.1
175092,9999,1.0,192.0
175093,9999,1.0,258.0
175093,9999,1.0,347.0
175093,9999,1.0,486.0
175093,9999,1.0,722.0
175094,9999,1.0,35.2
175094,9999,1.0,423.0
175095,9999,1.0,29.3
175095,9999,8.0,234.0
175096,9999,1.0,29.6
175096,9999,1.0,237.0
175096,9999,1.0,1000.0
175097,9999,1.0,34.8
175097,9999,1.0,52.0
175098,9999,1.0,31.1
175098,9999,1.5,47.0
175099,9999,1.0,29.6
175099,9999,1.0,355.0
175099,9999,1.0,473.0
175099,9999,1.0,258.0
175099,9999,1.0,347.0
175099,9999,1.0,486.0
175099,9999,1.0,722.0
175100,9999,1.0,36.3
175100,9999,1.0,436.0
175101,9999,1.0,31.3
175101,9999,8.0,250.0
175102,9999,1.0,23.5
175102,9999,1.0,282.0
175102,9999,1.0,376.0
175102,9999,1.0,494.0
175103,9999,1.0,29.6
175103,9999,1.0,237.0
175103,9999,1.0,1000.0
175103,9999,3.0,64.0
175104,9999,1.0,29.6
175104,9999,1.0,500.0
175104,9999,1.0,355.0
175104,9999,1.0,591.0
175105,9999,1.0,31.6
175105,9999,1.0,253.0
175106,9999,1.0,29.6
175106,9999,1.0,500.0
175106,9999,1.0,710.0
175107,9999,1.0,29.6
175107,9999,1.0,237.0
175107,9999,1.0,500.0
175108,9999,1.0,30.5
175108,9999,8.0,244.0
175108,9999,12.0,365.0
175109,9999,1.0,29.6
175109,9999,1.0,501.0
175109,9999,1.0,356.0
175109,9999,1.0,703.0
175110,9999,1.0,30.6
175110,9999,8.0,227.0
175110,9999,1.0,368.0
175110,9999,1.0,613.0
175111,9999,1.0,30.6
175111,9999,1.0,245.0
175111,9999,1.0,367.0
175112,9999,1.0,29.5
175112,9999,1.0,103.0
175113,9999,1.0,29.6
175113,9999,1.0,355.0
175114,9999,1.0,15.0
175114,9999,1.0,19.0
175115,9999,1.0,32.7
175115,9999,8.0,262.0
175116,9999,1.0,28.35
175116,9999,1.0,184.0
175116,9999,3.0,85.0
175117,9999,1.0,143.0
175117,9999,3.0,85.0
175118,9999,1.0,140.0
175118,9999,1.0,28.35
175118,9999,1.0,20.0
175118,9999,1.0,15.0
175119,9999,1.0,112.0
175119,9999,3.0,85.0
175120,9999,1.0,88.0
175120,9999,3.0,85.0
175121,9999,1.0,28.35
175121,9999,1.0,190.0
175121,9999,1.0,16.0
175121,9999,1.0,361.0
175122,9999,3.0,85.0
175122,9999,0.5,198.0
175123,9999,1.0,28.35
175123,9999,1.0,119.0
175123,9999,3.0,85.0
175124,9999,1.0,93.0
175124,9999,3.0,85.0
175125,9999,1.0,28.35
175125,9999,1.0,64.0
175125,9999,3.0,85.0
175126,9999,1.0,50.0
175126,9999,3.0,85.0
175127,9999,3.0,85.0
175127,9999,0.5,155.0
175128,9999,3.0,85.0
175128,9999,1.0,159.0
175129,9999,3.0,85.0
175129,9999,0.5,193.0
175130,9999,1.0,77.0
175130,9999,3.0,85.0
175131,9999,1.0,149.0
175131,9999,3.0,85.0
175132,9999,1.0,14.0
175132,9999,1.0,28.35
175132,9999,1.0,227.0
175132,9999,3.0,85.0
175133,9999,3.0,85.0
175134,9999,3.0,85.0
175134,9999,0.5,193.0
175135,9999,3.0,85.0
175135,9999,1.0,369.0
175136,9999,3.0,85.0
175136,9999,0.5,198.0
175137,9999,3.0,85.0
175137,9999,0.5,155.0
175138,9999,3.0,85.0
175138,9999,0.5,159.0
175139,9999,1.0,149.0
175139,9999,1.0,28.35
175139,9999,1.0,16.0
175139,9999,1.0,92.0
175139,9999,1.0,12.0
175139,9999,2.0,24.0
175140,9999,1.0,89.0
175140,9999,1.0,370.0
175140,9999,1.0,38.0
175141,9999,3.0,85.0
175141,9999,1.0,28.35
175141,9999,1.0,64.0
175141,9999,1.0,166.0
175142,9999,1.0,129.0
175142,9999,3.0,85.0
175143,9999,3.0,85.0
175144,9999,3.0,85.0
175144,9999,1.0,238.0
175145,9999,3.0,85.0
175145,9999,1.0,186.0
175146,9999,3.0,85.0
175147,9999,3.0,85.0
175148,9999,3.0,85.0
175148,9999,1.0,136.0
175148,9999,1.0,145.0
175148,9999,1.0,28.35
175148,9999,1.0,17.0
175149,9999,1.0,28.35
175149,9999,3.0,85.0
175150,9999,3.0,85.0
175150,9999,1.0,159.0
175151,9999,1.0,48.0
175151,9999,3.0,85.0
175152,9999,0.5,150.0
175152,9999,3.0,85.0
175153,9999,1.0,79.0
175153,9999,3.0,85.0
175154,9999,3.0,85.0
175154,9999,1.0,159.0
175155,9999,1.0,143.0
175155,9999,3.0,85.0
175156,9999,3.0,85.0
175156,9999,0.5,198.0
175157,9999,3.0,85.0
175157,9999,1.0,178.0
175158,9999,3.0,85.0
175158,9999,1.0,172.0
175159,9999,1.0,28.35
175159,9999,1.0,16.0
175159,9999,3.0,85.0
175160,9999,3.0,85.0
175160,9999,1.0,205.0
175161,9999,1.0,72.0
175161,9999,3.0,85.0
175162,9999,3.0,85.0
175162,9999,0.5,153.0
175163,9999,3.0,85.0
175163,9999,0.5,187.0
175164,9999,3.0,85.0
175164,9999,1.0,172.0
175165,9999,3.0,85.0
175165,9999,1.0,159.0
175166,9999,1.0,143.0
175166,9999,3.0,85.0
175167,9999,3.0,85.0
175167,9999,0.5,198.0
175168,9999,3.0,85.0
175168,9999,0.5,178.0
175169,9999,3.0,85.0
175169,9999,8.0,27.0
175170,9999,3.0,85.0
175171,9999,3.0,85.0
175171,9999,6.0,59.0
175172,9999,3.0,85.0
175172,9999,6.0,84.0
175173,9999,3.0,85.0
175173,9999,6.0,59.0
175174,9999,3.0,85.0
175174,9999,1.0,417.0
175175,9999,3.0,85.0
175175,9999,1.0,315.0
175176,9999,1.0,116.0
175177,9999,1.0,87.0
175178,9999,3.0,85.0
175179,9999,3.0,85.0
175180,9999,3.0,85.0
175181,9999,1.0,149.0
175181,9999,1.0,332.0
175182,9999,1.0,254.0
175183,9999,1.0,266.0
175184,9999,1.0,259.0
175185,9999,1.0,253.0
175186,9999,1.0,184.0
175187,9999,1.0,185.0
175188,9999,1.0,240.0
175189,9999,1.0,195.0
175190,9999,1.0,183.0
175191,9999,1.0,177.0
175192,9999,1.0,262.0
175193,9999,1.0,184.0
175194,9999,1.0,177.0
175194,9999,1.0,11.0
175195,9999,1.0,256.0
175195,9999,1.0,16.0
175195,9999,1.0,436.0
175196,9999,1.0,184.0
175197,9999,1.0,177.0
175198,9999,1.0,169.0
175199,9999,1.0,193.0
175199,9999,1.0,12.0
175200,9999,1.0,171.0
175200,9999,1.0,10.6
175201,9999,1.0,240.0
175201,9999,1.0,442.0
175202,9999,1.0,202.0
175202,9999,1.0,12.6
175203,9999,1.0,179.0
175203,9999,1.0,11.2
175204,9999,1.0,262.0
175205,9999,1.0,150.0
175205,9999,1.0,9.4
175206,9999,1.0,240.0
175206,9999,1.0,448.0
175207,9999,1.0,256.0
175207,9999,1.0,16.0
175208,9999,1.0,167.0
175209,9999,1.0,171.0
175210,9999,1.0,210.0
175211,9999,1.0,194.0
175212,9999,1.0,243.0
175212,9999,1.0,243.0
175213,9999,1.0,243.0
175213,9999,1.0,243.0
175214,9999,1.0,243.0
175214,9999,1.0,243.0
175215,9999,1.0,243.0
175216,9999,1.0,243.0
175217,9999,1.0,243.0
175218,9999,1.0,243.0
175219,9999,1.0,243.0
175220,9999,1.0,243.0
175221,9999,1.0,243.0
175222,9999,1.0,243.0
175223,9999,1.0,243.0
175224,9999,1.0,243.0
175225,9999,1.0,227.0
175226,9999,1.0,170.0
175227,9999,1.0,227.0
175228,9999,1.0,170.0
175229,9999,1.0,170.0
175230,9999,1.0,170.0
175231,9999,1.0,15.0
175232,9999,1.0,15.0
175233,9999,3.0,85.0
175234,9999,3.0,85.0
175235,9999,0.2,79.0
175236,9999,0.2,79.0
175237,9999,1.0,172.0
175238,9999,1.0,240.0
175239,9999,1.0,185.0
175240,9999,1.0,177.0
175241,9999,1.0,177.0
175242,9999,1.0,177.0
175243,9999,1.0,158.0
175244,9999,1.0,177.0
175245,9999,1.0,256.0
175245,9999,1.0,436.0
175246,9999,1.0,179.0
175247,9999,1.0,240.0
175247,9999,1.0,442.0
175248,9999,1.0,177.0
175249,9999,1.0,179.0
175250,9999,1.0,240.0
175250,9999,1.0,448.0
175251,9999,1.0,171.0
175252,9999,1.0,171.0
175253,9999,1.0,194.0
175254,9999,1.0,198.0
175255,9999,1.0,202.0
175256,9999,1.0,180.0
175257,9999,1.0,196.0
175258,9999,1.0,144.0
175258,9999,1.0,28.35
175259,9999,3.0,85.0
175259,9999,1.0,43.0
175260,9999,4.0,113.0
175260,9999,1.0,115.0
175261,9999,3.0,85.0
175261,9999,1.0,85.0
175262,9999,4.0,113.0
175262,9999,1.0,115.0
175263,9999,3.0,85.0
175263,9999,1.0,206.0
175264,9999,4.0,113.0
175264,9999,1.0,115.0
175265,9999,3.0,85.0
175265,9999,1.0,192.0
175266,9999,1.0,28.35
175266,9999,1.0,453.6
175267,9999,3.0,85.0
175267,9999,1.0,290.0
175268,9999,4.0,113.0
175268,9999,1.0,453.6
175269,9999,4.0,113.0
175269,9999,1.0,453.6
175270,9999,3.0,85.0
175270,9999,1.0,267.0
175271,9999,3.0,85.0
175271,9999,1.0,295.0
175272,9999,3.0,85.0
175272,9999,1.0,289.0
175273,9999,3.0,85.0
175273,9999,1.0,69.0
175274,9999,3.0,85.0
175274,9999,1.0,208.0
175275,9999,1.0,28.35
175275,9999,1.0,453.6
175276,9999,3.0,85.0
175276,9999,1.0,177.0
175277,9999,1.0,28.35
175277,9999,1.0,453.6
175278,9999,3.0,85.0
175278,9999,1.0,191.0
175279,9999,3.0,85.0
175279,9999,1.0,258.0
175280,9999,1.0,28.35
175280,9999,1.0,453.6
175281,9999,3.0,85.0
175281,9999,1.0,283.0
175282,9999,1.0,28.35
175282,9999,1.0,289.0
175283,9999,3.0,85.0
175283,9999,1.0,160.0
175284,9999,3.0,85.0
175284,9999,1.0,272.0
175285,9999,3.0,85.0
175285,9999,1.0,236.0
175286,9999,1.0,28.35
175286,9999,1.0,453.6
175287,9999,3.0,85.0
175287,9999,1.0,205.0
175288,9999,3.0,85.0
175288,9999,1.0,269.0
175289,9999,3.0,85.0
175289,9999,1.0,263.0
175290,9999,3.0,85.0
175290,9999,1.0,28.35
175290,9999,4.0,113.0
175291,9999,3.0,85.0
175291,9999,1.0,299.0
175292,9999,1.0,28.35
175292,9999,1.0,453.6
175293,9999,1.0,85.0
175293,9999,1.0,28.35
175294,9999,4.0,113.0
175294,9999,1.0,453.6
175295,9999,3.0,85.0
175295,9999,1.0,313.0
175296,9999,1.0,28.35
175296,9999,1.0,453.6
175297,9999,1.0,28.35
175297,9999,1.0,453.6
175298,9999,3.0,85.0
175298,9999,1.0,340.0
175299,9999,1.0,28.35
175299,9999,1.0,453.6
175300,9999,3.0,85.0
175300,9999,1.0,340.0
175301,9999,1.0,28.35
175301,9999,1.0,453.6
175302,9999,3.0,85.0
175302,9999,1.0,340.0
175303,9999,1.0,28.35
175303,9999,1.0,453.6
175304,9999,3.0,85.0
175304,9999,1.0,340.0
321358,1001,2.0,33.9
321359,1000,1.0,227.0
321359,1009,1.0,30.5
321359,1045,1.0,976.0
321360,1082,5.0,49.7
321360,1000,1.0,152.0
321505,1002,1.0,6.1
321611,1000,1.0,129.0
321900,1000,1.0,76.0
322228,1000,1.0,233.0
322228,1009,1.0,30.5
322228,1045,1.0,976.0
322559,1000,1.0,229.0
322559,1009,1.0,30.6
322559,1045,1.0,980.0
322892,1000,1.0,229.0
322892,1009,1.0,30.5
322892,1001,1.0,15.0
322892,1045,1.0,976.0
323121,1043,1.0,48.6
323294,1000,1.0,135.0
323444,1000,0.2,64.6
323444,1000,0.5,129.0
323444,1000,1.0,258.0
323505,1000,1.0,20.6
323604,1038,1.0,28.4
323697,1038,1.0,28.4
323793,1001,1.0,7.0
323793,1000,1.0,107.0
324038,1001,2.0,35.7
324157,1033,1.0,18.6
324317,1043,1.0,20.2
324653,1077,1.0,40.4
324860,1001,2.0,32.0
324860,1000,1.0,258.0
325036,1001,1.0,7.6
325198,1050,1.0,20.6
325287,1000,1.0,257.0
325430,1000,1.0,154.0
325430,1028,1.0,147.0
325430,1028,1.0,161.0
325430,1028,1.0,173.0
325430,1028,1.0,225.0
325430,1049,1.0,147.0
325524,1000,1.0,127.0
325658,1033,1.0,86.6
325871,1050,1.0,27.3
325992,1033,1.0,27.9
325992,1039,1.0,450.0
326135,1050,1.0,21.9
326135,1050,1.0,10.9
326196,1000,1.0,118.0
326698,1002,1.0,6.0
326698,1000,1.0,249.0
326905,1000,1.0,149.0
326905,1071,1.0,8.4
327198,1000,1.0,160.0
327198,1000,1.0,156.0
327198,1071,1.0,814.0
327198,1060,1.0,102.0
327198,1071,1.0,552.0
327198,1060,1.0,69.0
327198,1071,1.0,441.0
327198,1060,1.0,55.0
327198,1044,10.0,138.0
327357,1000,1.0,143.0
327357,1071,1.0,129.0
327357,1071,1.0,142.0
327357,1071,1.0,156.0
327357,1049,1.0,140.0
327501,1000,1.0,165.0
327501,1071,1.0,140.0
327923,1117,1.0,581.0
328637,1050,1.0,17.0
328637,1000,1.0,105.0
328841,1000,1.0,220.0
329370,1000,1.0,86.2
329490,1038,1.0,28.4
329490,1000,1.0,85.0
329490,1001,1.0,5.0
329596,1038,1.0,28.4
329716,1038,1.0,28.4
329716,1000,1.0,67.0
329716,1001,1.0,4.0
329830,1000,1.0,97.3
330137,1023,1.0,156.0
330415,1023,1.0,150.0
330458,1001,1.0,11.6
330869,1010,1.0,155.0
331897,1026,1.0,94.7
331897,1026,1.0,104.0
331960,1043,1.0,174.0
332282,1049,1.0,135.0
332397,1050,1.0,13.5
332597,1000,1.0,140.0
332597,1071,1.0,148.0
332597,1071,1.0,178.0
332597,1071,1.0,230.0
332791,1067,1.0,3.2
332864,1033,1.0,80.4
332864,1033,1.0,186.0
332864,1000,1.0,185.0
333008,1022,1.0,27.0
333281,1000,1.0,245.0
333374,1027,1.0,176.0
333476,1027,1.0,177.0
334194,1019,1.0,107.0
334194,1019,1.0,142.0
334247,1002,1.0,4.0
334247,1000,1.0,188.0
334462,1069,1.0,611.0
334462,1044,3.0,41.8
334536,1000,1.0,133.0
334628,1043,1.0,142.0
334720,1043,1.0,126.0
334849,1054,1.0,284.0
334897,1046,1.0,462.0
334898,1046,1.0,690.0
334963,1046,1.0,788.0
335061,1054,1.0,360.0
335109,1054,1.0,525.0
335240,1050,1.0,32.1
746758,1046,1.0,462.0
746759,1054,1.0,284.0
746760,1046,1.0,690.0
746761,1046,1.0,788.0
746762,1054,1.0,525.0
746763,1054,1.0,360.0
746765,1000,1.0,97.3
746766,1000,0.2,64.6
746766,1000,0.5,129.0
746766,1000,1.0,258.0
746767,1050,1.0,21.9
746767,1050,1.0,10.9
746768,1000,1.0,149.0
746768,1071,1.0,8.4
746769,1117,1.0,581.0
746770,1000,1.0,160.0
746770,1000,1.0,156.0
746770,1071,1.0,814.0
746770,1060,1.0,102.0
746770,1071,1.0,552.0
746770,1060,1.0,69.0
746770,1071,1.0,441.0
746770,1060,1.0,55.0
746770,1044,10.0,138.0
746771,1000,1.0,165.0
746771,1071,1.0,140.0
746772,1000,1.0,246.0
746773,1000,1.0,140.0
746773,1071,1.0,148.0
746773,1071,1.0,178.0
746773,1071,1.0,230.0
746774,1069,1.0,611.0
746774,1044,3.0,41.8
746775,1002,1.0,6.1
746776,1000,1.0,246.0
746777,1001,2.0,35.7
746778,1000,1.0,245.0
746779,1033,1.0,18.6
746780,1033,1.0,86.6
746781,1033,1.0,80.4
746781,1033,1.0,186.0
746781,1000,1.0,185.0
746782,1000,1.0,249.0
746783,1033,1.0,27.9
746783,1039,1.0,450.0
746784,1002,1.0,4.0
746784,1000,1.0,188.0
746785,1010,1.0,155.0
746952,1050,1.0,16.2
747429,1050,1.0,16.0
747447,1000,1.0,76.0
747997,1099,1.0,34.0
748236,1099,1.0,17.0
748278,1004,100.0,90.9
748323,1004,100.0,91.3
748366,1004,100.0,91.3
748608,1004,100.0,90.7
748967,1099,1.0,50.3
749420,1050,1.0,6.3
790577,1120,1.0,197.0
790646,1120,1.0,143.0
790774,1119,1.0,110.0
790991,1119,1.0,115.0
1105073,1119,1.0,110.0
1105314,1119,1.0,115.0
